t_idx,src_idx,tgt_idx,value
0,0,1,102.79
0,0,2,90.5
0,0,3,95.5
0,0,4,94.46
0,1,0,104.73
0,1,2,103.53
0,1,3,107.84
0,1,4,91.74
0,2,0,98.44
0,2,1,90.6
0,2,3,94.37
0,2,4,100.11
0,3,0,90.53
0,3,1,93.98
0,3,2,103.0
0,3,4,100.9
0,4,0,94.41
0,4,1,101.79
0,4,2,106.19
0,4,3,90.13
1,0,1,110.01
1,0,2,107.86
1,0,3,100.7
1,0,4,97.0
1,1,0,113.04
1,1,2,100.63
1,1,3,95.75
1,1,4,95.83
1,2,0,110.84
1,2,1,105.97
1,2,3,110.04
1,2,4,108.49
1,3,0,104.62
1,3,1,113.36
1,3,2,101.46
1,3,4,104.93
1,4,0,110.48
1,4,1,106.26
1,4,2,111.13
1,4,3,105.44
2,0,1,111.84
2,0,2,98.67
2,0,3,102.31
2,0,4,103.54
2,1,0,99.34
2,1,2,102.4
2,1,3,99.77
2,1,4,103.31
2,2,0,110.46
2,2,1,105.05
2,2,3,105.15
2,2,4,101.94
2,3,0,103.09
2,3,1,116.48
2,3,2,110.71
2,3,4,109.93
2,4,0,101.17
2,4,1,112.33
2,4,2,101.02
2,4,3,105.34
3,0,1,121.32
3,0,2,114.33
3,0,3,112.67
3,0,4,115.22
3,1,0,118.39
3,1,2,117.05
3,1,3,106.11
3,1,4,102.17
3,2,0,107.84
3,2,1,106.88
3,2,3,105.75
3,2,4,120.39
3,3,0,119.06
3,3,1,107.82
3,3,2,114.64
3,3,4,109.44
3,4,0,119.82
3,4,1,110.71
3,4,2,106.83
3,4,3,106.46
4,0,1,116.42
4,0,2,110.45
4,0,3,116.89
4,0,4,123.15
4,1,0,113.18
4,1,2,109.58
4,1,3,125.15
4,1,4,115.39
4,2,0,107.01
4,2,1,106.14
4,2,3,107.39
4,2,4,117.74
4,3,0,121.04
4,3,1,113.64
4,3,2,106.47
4,3,4,112.83
4,4,0,125.12
4,4,1,115.78
4,4,2,124.62
4,4,3,122.41
5,0,1,108.94
5,0,2,123.13
5,0,3,122.35
5,0,4,119.45
5,1,0,114.05
5,1,2,121.53
5,1,3,110.95
5,1,4,117.41
5,2,0,117.79
5,2,1,127.79
5,2,3,126.23
5,2,4,113.98
5,3,0,118.73
5,3,1,112.29
5,3,2,126.97
5,3,4,126.13
5,4,0,114.68
5,4,1,121.49
5,4,2,120.89
5,4,3,111.77
6,0,1,127.3
6,0,2,122.84
6,0,3,127.63
6,0,4,122.66
6,1,0,112.06
6,1,2,118.54
6,1,3,112.44
6,1,4,130.64
6,2,0,129.63
6,2,1,128.69
6,2,3,118.2
6,2,4,113.21
6,3,0,129.61
6,3,1,130.99
6,3,2,113.77
6,3,4,121.77
6,4,0,113.44
6,4,1,127.27
6,4,2,127.37
6,4,3,114.62
7,0,1,124.69
7,0,2,126.18
7,0,3,120.48
7,0,4,132.63
7,1,0,123.64
7,1,2,119.42
7,1,3,125.97
7,1,4,129.78
7,2,0,119.2
7,2,1,121.41
7,2,3,135.08
7,2,4,128.18
7,3,0,123.94
7,3,1,125.53
7,3,2,117.6
7,3,4,119.67
7,4,0,121.94
7,4,1,126.95
7,4,2,119.78
7,4,3,119.58
8,0,1,119.49
8,0,2,130.69
8,0,3,122.65
8,0,4,136.17
8,1,0,135.26
8,1,2,119.48
8,1,3,122.83
8,1,4,131.45
8,2,0,122.35
8,2,1,120.71
8,2,3,136.78
8,2,4,129.49
8,3,0,127.52
8,3,1,133.76
8,3,2,134.22
8,3,4,121.87
8,4,0,120.0
8,4,1,126.69
8,4,2,126.54
8,4,3,127.41
9,0,1,135.27
9,0,2,134.16
9,0,3,140.37
9,0,4,122.66
9,1,0,128.74
9,1,2,127.47
9,1,3,137.92
9,1,4,125.66
9,2,0,124.49
9,2,1,129.66
9,2,3,129.13
9,2,4,126.26
9,3,0,125.68
9,3,1,139.15
9,3,2,129.55
9,3,4,137.92
9,4,0,131.69
9,4,1,121.7
9,4,2,140.67
9,4,3,137.41
10,0,1,142.4
10,0,2,141.55
10,0,3,140.0
10,0,4,126.35
10,1,0,132.74
10,1,2,127.3
10,1,3,131.04
10,1,4,124.2
10,2,0,130.6
10,2,1,142.73
10,2,3,128.33
10,2,4,138.7
10,3,0,132.12
10,3,1,131.48
10,3,2,142.17
10,3,4,142.93
10,4,0,134.14
10,4,1,137.39
10,4,2,126.12
10,4,3,128.96
11,0,1,144.43
11,0,2,136.64
11,0,3,135.9
11,0,4,140.01
11,1,0,126.2
11,1,2,136.74
11,1,3,135.11
11,1,4,142.11
11,2,0,128.2
11,2,1,144.27
11,2,3,126.66
11,2,4,128.77
11,3,0,136.96
11,3,1,138.56
11,3,2,129.76
11,3,4,127.45
11,4,0,142.86
11,4,1,129.98
11,4,2,136.95
11,4,3,137.44
12,0,1,135.15
12,0,2,138.44
12,0,3,137.22
12,0,4,145.46
12,1,0,130.85
12,1,2,141.09
12,1,3,131.54
12,1,4,134.68
12,2,0,140.2
12,2,1,132.77
12,2,3,133.09
12,2,4,141.81
12,3,0,128.22
12,3,1,135.93
12,3,2,146.74
12,3,4,146.69
12,4,0,128.23
12,4,1,131.03
12,4,2,132.07
12,4,3,145.43
13,0,1,145.77
13,0,2,145.74
13,0,3,135.54
13,0,4,131.31
13,1,0,144.83
13,1,2,142.23
13,1,3,140.39
13,1,4,147.9
13,2,0,141.23
13,2,1,128.31
13,2,3,144.5
13,2,4,134.14
13,3,0,141.42
13,3,1,146.93
13,3,2,130.84
13,3,4,130.46
13,4,0,130.3
13,4,1,139.22
13,4,2,133.6
13,4,3,140.25
14,0,1,143.56
14,0,2,133.28
14,0,3,141.89
14,0,4,134.49
14,1,0,138.98
14,1,2,147.31
14,1,3,146.13
14,1,4,131.05
14,2,0,137.68
14,2,1,134.74
14,2,3,129.28
14,2,4,144.63
14,3,0,141.95
14,3,1,134.45
14,3,2,144.03
14,3,4,140.24
14,4,0,137.76
14,4,1,129.4
14,4,2,130.71
14,4,3,146.87
15,0,1,148.0
15,0,2,140.84
15,0,3,146.62
15,0,4,141.58
15,1,0,132.89
15,1,2,132.48
15,1,3,136.09
15,1,4,147.91
15,2,0,145.85
15,2,1,147.14
15,2,3,147.9
15,2,4,134.13
15,3,0,134.92
15,3,1,131.98
15,3,2,145.53
15,3,4,147.61
15,4,0,138.05
15,4,1,142.34
15,4,2,133.02
15,4,3,148.52
16,0,1,147.61
16,0,2,149.84
16,0,3,146.53
16,0,4,147.94
16,1,0,130.81
16,1,2,145.04
16,1,3,136.96
16,1,4,148.93
16,2,0,146.36
16,2,1,147.59
16,2,3,146.53
16,2,4,135.65
16,3,0,146.06
16,3,1,132.48
16,3,2,147.76
16,3,4,147.49
16,4,0,134.76
16,4,1,146.65
16,4,2,139.52
16,4,3,136.42
17,0,1,146.28
17,0,2,134.93
17,0,3,130.85
17,0,4,134.24
17,1,0,136.94
17,1,2,147.66
17,1,3,149.71
17,1,4,135.96
17,2,0,143.21
17,2,1,138.37
17,2,3,150.0
17,2,4,141.1
17,3,0,149.16
17,3,1,132.68
17,3,2,149.78
17,3,4,133.95
17,4,0,149.63
17,4,1,135.69
17,4,2,132.55
17,4,3,139.07
18,0,1,144.7
18,0,2,136.4
18,0,3,142.25
18,0,4,140.36
18,1,0,137.83
18,1,2,141.66
18,1,3,135.22
18,1,4,144.3
18,2,0,130.16
18,2,1,148.64
18,2,3,140.9
18,2,4,144.52
18,3,0,144.97
18,3,1,143.54
18,3,2,137.41
18,3,4,131.53
18,4,0,143.41
18,4,1,136.73
18,4,2,136.41
18,4,3,147.09
19,0,1,143.98
19,0,2,135.59
19,0,3,135.77
19,0,4,137.75
19,1,0,137.63
19,1,2,135.49
19,1,3,132.13
19,1,4,137.99
19,2,0,148.39
19,2,1,143.13
19,2,3,147.64
19,2,4,141.89
19,3,0,135.6
19,3,1,140.54
19,3,2,129.59
19,3,4,135.32
19,4,0,138.18
19,4,1,141.18
19,4,2,142.67
19,4,3,138.88
20,0,1,137.6
20,0,2,133.03
20,0,3,138.22
20,0,4,146.78
20,1,0,144.67
20,1,2,132.15
20,1,3,130.45
20,1,4,139.06
20,2,0,141.41
20,2,1,135.46
20,2,3,145.12
20,2,4,143.78
20,3,0,142.21
20,3,1,133.25
20,3,2,132.74
20,3,4,129.24
20,4,0,133.65
20,4,1,138.26
20,4,2,145.75
20,4,3,130.21
21,0,1,135.96
21,0,2,140.26
21,0,3,131.56
21,0,4,141.6
21,1,0,137.56
21,1,2,132.55
21,1,3,140.79
21,1,4,127.78
21,2,0,142.69
21,2,1,143.07
21,2,3,129.8
21,2,4,136.17
21,3,0,131.19
21,3,1,146.83
21,3,2,138.03
21,3,4,128.67
21,4,0,132.65
21,4,1,144.64
21,4,2,136.8
21,4,3,143.7
22,0,1,139.7
22,0,2,146.11
22,0,3,138.26
22,0,4,145.35
22,1,0,144.18
22,1,2,138.61
22,1,3,140.74
22,1,4,136.45
22,2,0,142.96
22,2,1,137.31
22,2,3,144.3
22,2,4,141.23
22,3,0,135.85
22,3,1,131.54
22,3,2,131.3
22,3,4,139.11
22,4,0,141.67
22,4,1,136.78
22,4,2,138.89
22,4,3,131.84
23,0,1,126.38
23,0,2,130.55
23,0,3,130.27
23,0,4,131.23
23,1,0,135.63
23,1,2,127.6
23,1,3,129.46
23,1,4,138.71
23,2,0,138.96
23,2,1,126.12
23,2,3,132.98
23,2,4,135.68
23,3,0,133.15
23,3,1,128.97
23,3,2,133.23
23,3,4,142.93
23,4,0,136.51
23,4,1,138.74
23,4,2,141.97
23,4,3,140.14
24,0,1,130.74
24,0,2,123.25
24,0,3,130.17
24,0,4,138.2
24,1,0,140.2
24,1,2,142.2
24,1,3,131.51
24,1,4,138.08
24,2,0,134.06
24,2,1,135.2
24,2,3,127.54
24,2,4,127.52
24,3,0,131.85
24,3,1,123.71
24,3,2,129.86
24,3,4,136.72
24,4,0,131.22
24,4,1,126.43
24,4,2,132.48
24,4,3,125.69
25,0,1,133.74
25,0,2,121.83
25,0,3,129.17
25,0,4,132.58
25,1,0,121.83
25,1,2,134.15
25,1,3,124.01
25,1,4,130.53
25,2,0,122.3
25,2,1,128.87
25,2,3,125.53
25,2,4,127.83
25,3,0,136.52
25,3,1,128.87
25,3,2,136.33
25,3,4,137.93
25,4,0,126.34
25,4,1,122.93
25,4,2,121.68
25,4,3,132.08
26,0,1,139.34
26,0,2,126.34
26,0,3,132.34
26,0,4,134.96
26,1,0,132.37
26,1,2,134.42
26,1,3,138.33
26,1,4,123.33
26,2,0,119.75
26,2,1,122.39
26,2,3,121.86
26,2,4,132.73
26,3,0,130.62
26,3,1,123.7
26,3,2,133.33
26,3,4,134.68
26,4,0,122.69
26,4,1,131.48
26,4,2,134.3
26,4,3,121.63
27,0,1,133.69
27,0,2,136.6
27,0,3,119.47
27,0,4,117.82
27,1,0,123.55
27,1,2,130.85
27,1,3,136.47
27,1,4,125.24
27,2,0,131.61
27,2,1,118.83
27,2,3,131.12
27,2,4,129.85
27,3,0,119.34
27,3,1,132.76
27,3,2,134.31
27,3,4,129.31
27,4,0,119.73
27,4,1,136.98
27,4,2,132.96
27,4,3,124.25
28,0,1,123.8
28,0,2,122.64
28,0,3,125.35
28,0,4,122.05
28,1,0,132.22
28,1,2,131.68
28,1,3,117.34
28,1,4,134.45
28,2,0,127.94
28,2,1,131.8
28,2,3,129.38
28,2,4,123.94
28,3,0,129.91
28,3,1,134.54
28,3,2,120.63
28,3,4,131.39
28,4,0,125.99
28,4,1,124.9
28,4,2,123.94
28,4,3,129.85
29,0,1,118.51
29,0,2,130.18
29,0,3,129.76
29,0,4,114.87
29,1,0,130.77
29,1,2,118.02
29,1,3,122.44
29,1,4,125.35
29,2,0,120.72
29,2,1,113.72
29,2,3,130.16
29,2,4,116.78
29,3,0,117.38
29,3,1,129.1
29,3,2,119.95
29,3,4,130.75
29,4,0,127.17
29,4,1,118.67
29,4,2,113.34
29,4,3,132.1
30,0,1,112.79
30,0,2,125.48
30,0,3,120.85
30,0,4,126.24
30,1,0,124.89
30,1,2,123.99
30,1,3,120.89
30,1,4,126.93
30,2,0,112.94
30,2,1,115.51
30,2,3,124.91
30,2,4,117.2
30,3,0,122.71
30,3,1,120.54
30,3,2,121.69
30,3,4,119.58
30,4,0,125.99
30,4,1,117.69
30,4,2,125.13
30,4,3,116.49
31,0,1,114.09
31,0,2,111.47
31,0,3,112.91
31,0,4,111.45
31,1,0,119.78
31,1,2,124.3
31,1,3,112.76
31,1,4,113.39
31,2,0,118.74
31,2,1,123.55
31,2,3,128.59
31,2,4,119.55
31,3,0,114.72
31,3,1,111.07
31,3,2,112.94
31,3,4,113.61
31,4,0,112.65
31,4,1,109.34
31,4,2,119.74
31,4,3,114.55
32,0,1,126.61
32,0,2,118.19
32,0,3,121.08
32,0,4,109.65
32,1,0,124.5
32,1,2,116.94
32,1,3,124.58
32,1,4,118.61
32,2,0,116.52
32,2,1,115.94
32,2,3,110.81
32,2,4,108.15
32,3,0,125.95
32,3,1,116.68
32,3,2,123.57
32,3,4,115.14
32,4,0,108.61
32,4,1,119.72
32,4,2,108.2
32,4,3,110.11
33,0,1,116.56
33,0,2,111.38
33,0,3,125.18
33,0,4,107.67
33,1,0,120.59
33,1,2,117.43
33,1,3,121.12
33,1,4,109.82
33,2,0,115.76
33,2,1,114.32
33,2,3,114.16
33,2,4,122.51
33,3,0,125.11
33,3,1,111.41
33,3,2,117.73
33,3,4,117.5
33,4,0,120.11
33,4,1,124.26
33,4,2,109.46
33,4,3,109.53
34,0,1,116.83
34,0,2,106.76
34,0,3,107.09
34,0,4,105.12
34,1,0,103.67
34,1,2,112.63
34,1,3,115.49
34,1,4,109.44
34,2,0,108.25
34,2,1,117.76
34,2,3,117.68
34,2,4,112.7
34,3,0,117.37
34,3,1,122.1
34,3,2,119.37
34,3,4,116.12
34,4,0,116.84
34,4,1,122.29
34,4,2,112.12
34,4,3,114.51
35,0,1,115.04
35,0,2,120.26
35,0,3,118.62
35,0,4,103.52
35,1,0,105.41
35,1,2,108.24
35,1,3,117.07
35,1,4,113.47
35,2,0,107.86
35,2,1,104.58
35,2,3,115.86
35,2,4,116.08
35,3,0,120.94
35,3,1,112.1
35,3,2,111.96
35,3,4,103.7
35,4,0,102.89
35,4,1,110.73
35,4,2,108.53
35,4,3,107.1
36,0,1,102.56
36,0,2,119.97
36,0,3,117.45
36,0,4,112.24
36,1,0,119.75
36,1,2,120.73
36,1,3,114.18
36,1,4,106.13
36,2,0,101.54
36,2,1,115.86
36,2,3,110.15
36,2,4,113.77
36,3,0,119.06
36,3,1,104.37
36,3,2,112.44
36,3,4,113.43
36,4,0,110.57
36,4,1,102.56
36,4,2,107.69
36,4,3,107.4
37,0,1,112.98
37,0,2,116.73
37,0,3,106.17
37,0,4,113.45
37,1,0,105.34
37,1,2,118.48
37,1,3,115.85
37,1,4,110.58
37,2,0,108.67
37,2,1,105.87
37,2,3,106.04
37,2,4,118.98
37,3,0,107.66
37,3,1,109.87
37,3,2,119.34
37,3,4,112.73
37,4,0,110.43
37,4,1,107.84
37,4,2,103.33
37,4,3,106.81
38,0,1,113.75
38,0,2,111.13
38,0,3,113.82
38,0,4,102.69
38,1,0,109.61
38,1,2,117.17
38,1,3,107.38
38,1,4,112.59
38,2,0,101.05
38,2,1,118.08
38,2,3,110.8
38,2,4,103.41
38,3,0,101.79
38,3,1,109.64
38,3,2,109.67
38,3,4,100.48
38,4,0,118.47
38,4,1,116.88
38,4,2,107.85
38,4,3,100.97
39,0,1,114.52
39,0,2,107.85
39,0,3,112.21
39,0,4,108.06
39,1,0,103.35
39,1,2,114.57
39,1,3,117.48
39,1,4,102.75
39,2,0,108.9
39,2,1,105.55
39,2,3,116.32
39,2,4,108.04
39,3,0,115.47
39,3,1,115.16
39,3,2,103.4
39,3,4,113.68
39,4,0,106.18
39,4,1,116.56
39,4,2,108.03
39,4,3,114.29
40,0,1,103.01
40,0,2,103.33
40,0,3,109.09
40,0,4,117.33
40,1,0,107.15
40,1,2,100.33
40,1,3,108.13
40,1,4,104.26
40,2,0,108.39
40,2,1,108.22
40,2,3,106.46
40,2,4,103.79
40,3,0,101.13
40,3,1,111.31
40,3,2,108.79
40,3,4,102.03
40,4,0,112.87
40,4,1,98.23
40,4,2,112.25
40,4,3,111.46
41,0,1,113.28
41,0,2,104.77
41,0,3,110.32
41,0,4,113.47
41,1,0,116.67
41,1,2,106.96
41,1,3,97.79
41,1,4,107.1
41,2,0,108.85
41,2,1,114.44
41,2,3,114.53
41,2,4,105.86
41,3,0,107.57
41,3,1,106.19
41,3,2,111.5
41,3,4,105.25
41,4,0,110.15
41,4,1,100.14
41,4,2,106.44
41,4,3,116.43
42,0,1,103.73
42,0,2,110.81
42,0,3,109.96
42,0,4,114.0
42,1,0,114.01
42,1,2,114.15
42,1,3,104.56
42,1,4,103.29
42,2,0,111.33
42,2,1,112.15
42,2,3,114.41
42,2,4,97.68
42,3,0,98.33
42,3,1,109.58
42,3,2,115.38
42,3,4,116.91
42,4,0,111.9
42,4,1,105.64
42,4,2,98.93
42,4,3,109.63
43,0,1,114.53
43,0,2,105.95
43,0,3,110.96
43,0,4,115.15
43,1,0,98.0
43,1,2,113.0
43,1,3,102.94
43,1,4,104.57
43,2,0,99.99
43,2,1,107.7
43,2,3,108.4
43,2,4,112.93
43,3,0,100.48
43,3,1,98.66
43,3,2,114.49
43,3,4,109.47
43,4,0,101.89
43,4,1,115.33
43,4,2,99.94
43,4,3,106.3
44,0,1,102.47
44,0,2,102.5
44,0,3,97.58
44,0,4,113.48
44,1,0,115.42
44,1,2,110.94
44,1,3,100.55
44,1,4,106.23
44,2,0,104.3
44,2,1,109.14
44,2,3,110.17
44,2,4,105.88
44,3,0,102.39
44,3,1,114.3
44,3,2,101.38
44,3,4,105.09
44,4,0,107.06
44,4,1,102.14
44,4,2,108.83
44,4,3,108.89
45,0,1,117.74
45,0,2,103.79
45,0,3,117.45
45,0,4,111.05
45,1,0,103.38
45,1,2,109.21
45,1,3,111.6
45,1,4,112.78
45,2,0,98.87
45,2,1,110.02
45,2,3,107.82
45,2,4,115.97
45,3,0,103.61
45,3,1,113.86
45,3,2,110.03
45,3,4,104.93
45,4,0,110.62
45,4,1,110.3
45,4,2,111.44
45,4,3,112.31
46,0,1,111.73
46,0,2,115.31
46,0,3,111.11
46,0,4,116.61
46,1,0,111.47
46,1,2,104.73
46,1,3,107.36
46,1,4,110.14
46,2,0,113.19
46,2,1,100.35
46,2,3,104.45
46,2,4,113.5
46,3,0,102.06
46,3,1,101.19
46,3,2,109.33
46,3,4,117.98
46,4,0,109.16
46,4,1,116.82
46,4,2,115.16
46,4,3,103.69
47,0,1,115.84
47,0,2,108.99
47,0,3,115.48
47,0,4,114.28
47,1,0,106.12
47,1,2,101.65
47,1,3,118.61
47,1,4,102.16
47,2,0,118.68
47,2,1,116.55
47,2,3,113.83
47,2,4,118.95
47,3,0,118.69
47,3,1,115.44
47,3,2,106.66
47,3,4,115.16
47,4,0,99.63
47,4,1,110.08
47,4,2,108.44
47,4,3,112.81
48,0,1,113.72
48,0,2,111.96
48,0,3,116.72
48,0,4,119.08
48,1,0,102.44
48,1,2,104.95
48,1,3,100.77
48,1,4,117.96
48,2,0,111.5
48,2,1,118.58
48,2,3,104.7
48,2,4,101.54
48,3,0,116.75
48,3,1,118.46
48,3,2,106.31
48,3,4,108.44
48,4,0,103.07
48,4,1,119.2
48,4,2,106.36
48,4,3,110.12
49,0,1,103.23
49,0,2,119.03
49,0,3,104.0
49,0,4,110.36
49,1,0,114.7
49,1,2,116.15
49,1,3,120.21
49,1,4,109.67
49,2,0,116.13
49,2,1,104.38
49,2,3,109.58
49,2,4,103.27
49,3,0,111.07
49,3,1,109.45
49,3,2,120.32
49,3,4,101.94
49,4,0,108.7
49,4,1,110.15
49,4,2,120.3
49,4,3,118.39
50,0,1,104.35
50,0,2,116.08
50,0,3,113.26
50,0,4,121.92
50,1,0,109.54
50,1,2,110.33
50,1,3,106.16
50,1,4,104.81
50,2,0,119.33
50,2,1,111.46
50,2,3,115.62
50,2,4,115.2
50,3,0,114.31
50,3,1,102.79
50,3,2,118.1
50,3,4,107.24
50,4,0,104.88
50,4,1,113.66
50,4,2,103.74
50,4,3,117.67
51,0,1,107.62
51,0,2,107.8
51,0,3,120.88
51,0,4,110.05
51,1,0,106.43
51,1,2,121.49
51,1,3,103.54
51,1,4,120.65
51,2,0,106.38
51,2,1,106.08
51,2,3,108.49
51,2,4,106.97
51,3,0,116.7
51,3,1,104.0
51,3,2,103.78
51,3,4,119.28
51,4,0,108.24
51,4,1,109.96
51,4,2,106.97
51,4,3,104.53
52,0,1,119.44
52,0,2,115.12
52,0,3,119.51
52,0,4,114.13
52,1,0,120.16
52,1,2,114.87
52,1,3,106.78
52,1,4,114.68
52,2,0,123.51
52,2,1,105.47
52,2,3,120.27
52,2,4,121.94
52,3,0,115.03
52,3,1,113.76
52,3,2,123.88
52,3,4,105.82
52,4,0,114.18
52,4,1,112.63
52,4,2,118.32
52,4,3,114.41
53,0,1,123.89
53,0,2,107.17
53,0,3,107.31
53,0,4,117.86
53,1,0,107.01
53,1,2,111.2
53,1,3,118.36
53,1,4,116.66
53,2,0,112.2
53,2,1,125.59
53,2,3,116.31
53,2,4,114.77
53,3,0,117.8
53,3,1,107.68
53,3,2,119.73
53,3,4,122.75
53,4,0,118.71
53,4,1,121.07
53,4,2,120.11
53,4,3,110.0
54,0,1,115.76
54,0,2,111.3
54,0,3,113.51
54,0,4,115.8
54,1,0,115.05
54,1,2,108.63
54,1,3,115.27
54,1,4,120.03
54,2,0,114.22
54,2,1,109.79
54,2,3,125.19
54,2,4,108.07
54,3,0,123.37
54,3,1,108.6
54,3,2,108.66
54,3,4,121.51
54,4,0,122.97
54,4,1,117.86
54,4,2,118.46
54,4,3,117.96
55,0,1,114.27
55,0,2,110.13
55,0,3,114.75
55,0,4,120.99
55,1,0,122.69
55,1,2,125.04
55,1,3,122.1
55,1,4,127.05
55,2,0,119.69
55,2,1,114.71
55,2,3,119.24
55,2,4,111.94
55,3,0,120.82
55,3,1,112.17
55,3,2,109.85
55,3,4,124.59
55,4,0,115.03
55,4,1,122.93
55,4,2,119.16
55,4,3,123.83
56,0,1,125.41
56,0,2,128.0
56,0,3,124.88
56,0,4,120.78
56,1,0,121.36
56,1,2,109.04
56,1,3,127.09
56,1,4,125.1
56,2,0,113.86
56,2,1,112.12
56,2,3,122.56
56,2,4,114.69
56,3,0,115.31
56,3,1,108.63
56,3,2,125.91
56,3,4,119.84
56,4,0,116.53
56,4,1,111.35
56,4,2,121.17
56,4,3,109.12
57,0,1,124.12
57,0,2,113.5
57,0,3,117.59
57,0,4,116.01
57,1,0,116.6
57,1,2,123.63
57,1,3,124.73
57,1,4,120.55
57,2,0,110.89
57,2,1,110.25
57,2,3,112.34
57,2,4,121.55
57,3,0,122.67
57,3,1,114.64
57,3,2,122.43
57,3,4,118.91
57,4,0,118.03
57,4,1,114.66
57,4,2,124.29
57,4,3,111.47
58,0,1,118.3
58,0,2,115.37
58,0,3,123.27
58,0,4,119.44
58,1,0,123.05
58,1,2,110.61
58,1,3,117.61
58,1,4,121.69
58,2,0,109.86
58,2,1,115.73
58,2,3,113.93
58,2,4,112.45
58,3,0,114.81
58,3,1,116.27
58,3,2,109.86
58,3,4,124.64
58,4,0,113.22
58,4,1,117.31
58,4,2,123.78
58,4,3,119.71
59,0,1,126.68
59,0,2,126.14
59,0,3,111.46
59,0,4,127.25
59,1,0,110.86
59,1,2,110.39
59,1,3,128.44
59,1,4,127.26
59,2,0,121.53
59,2,1,121.48
59,2,3,124.21
59,2,4,118.37
59,3,0,112.32
59,3,1,110.43
59,3,2,116.51
59,3,4,126.04
59,4,0,122.38
59,4,1,126.66
59,4,2,128.41
59,4,3,111.78
60,0,1,127.0
60,0,2,114.97
60,0,3,121.88
60,0,4,120.59
60,1,0,118.02
60,1,2,116.31
60,1,3,116.9
60,1,4,116.77
60,2,0,113.47
60,2,1,120.32
60,2,3,112.39
60,2,4,120.31
60,3,0,128.23
60,3,1,117.09
60,3,2,124.65
60,3,4,126.49
60,4,0,126.41
60,4,1,114.83
60,4,2,113.04
60,4,3,114.05
61,0,1,122.01
61,0,2,125.16
61,0,3,123.07
61,0,4,113.5
61,1,0,125.42
61,1,2,119.84
61,1,3,125.05
61,1,4,125.16
61,2,0,118.94
61,2,1,128.44
61,2,3,121.25
61,2,4,122.67
61,3,0,122.45
61,3,1,127.24
61,3,2,122.5
61,3,4,112.98
61,4,0,111.33
61,4,1,118.8
61,4,2,116.02
61,4,3,115.45
62,0,1,110.68
62,0,2,119.7
62,0,3,115.77
62,0,4,118.6
62,1,0,110.7
62,1,2,126.19
62,1,3,111.09
62,1,4,126.84
62,2,0,126.66
62,2,1,121.86
62,2,3,119.7
62,2,4,118.81
62,3,0,120.64
62,3,1,125.39
62,3,2,127.48
62,3,4,118.55
62,4,0,125.75
62,4,1,122.59
62,4,2,115.99
62,4,3,119.07
63,0,1,111.91
63,0,2,110.13
63,0,3,110.96
63,0,4,126.87
63,1,0,115.76
63,1,2,123.18
63,1,3,118.98
63,1,4,112.34
63,2,0,113.84
63,2,1,117.64
63,2,3,117.68
63,2,4,119.34
63,3,0,112.06
63,3,1,116.35
63,3,2,114.55
63,3,4,117.07
63,4,0,115.66
63,4,1,120.85
63,4,2,124.67
63,4,3,121.84
64,0,1,109.27
64,0,2,109.84
64,0,3,121.51
64,0,4,113.63
64,1,0,122.42
64,1,2,121.08
64,1,3,126.07
64,1,4,125.41
64,2,0,114.61
64,2,1,119.6
64,2,3,110.78
64,2,4,114.94
64,3,0,127.3
64,3,1,121.92
64,3,2,115.79
64,3,4,119.85
64,4,0,126.71
64,4,1,114.14
64,4,2,115.48
64,4,3,123.78
65,0,1,122.99
65,0,2,120.13
65,0,3,123.3
65,0,4,121.5
65,1,0,120.43
65,1,2,117.25
65,1,3,119.65
65,1,4,115.19
65,2,0,113.96
65,2,1,113.98
65,2,3,110.33
65,2,4,111.01
65,3,0,125.68
65,3,1,116.45
65,3,2,111.26
65,3,4,109.48
65,4,0,108.27
65,4,1,123.61
65,4,2,108.75
65,4,3,122.14
66,0,1,121.93
66,0,2,122.9
66,0,3,105.98
66,0,4,111.96
66,1,0,120.55
66,1,2,107.85
66,1,3,112.76
66,1,4,108.47
66,2,0,121.85
66,2,1,120.65
66,2,3,121.4
66,2,4,108.53
66,3,0,113.98
66,3,1,113.44
66,3,2,118.75
66,3,4,109.97
66,4,0,114.11
66,4,1,110.92
66,4,2,120.19
66,4,3,114.2
67,0,1,114.13
67,0,2,109.64
67,0,3,119.62
67,0,4,112.83
67,1,0,120.15
67,1,2,110.8
67,1,3,122.39
67,1,4,123.14
67,2,0,112.68
67,2,1,109.08
67,2,3,111.09
67,2,4,114.0
67,3,0,122.77
67,3,1,119.79
67,3,2,119.47
67,3,4,106.22
67,4,0,108.45
67,4,1,116.27
67,4,2,120.93
67,4,3,114.54
68,0,1,103.46
68,0,2,118.32
68,0,3,118.43
68,0,4,107.11
68,1,0,116.67
68,1,2,106.86
68,1,3,119.51
68,1,4,104.35
68,2,0,110.15
68,2,1,120.33
68,2,3,105.85
68,2,4,110.43
68,3,0,108.4
68,3,1,101.94
68,3,2,102.47
68,3,4,111.44
68,4,0,106.12
68,4,1,121.3
68,4,2,108.9
68,4,3,101.97
69,0,1,117.72
69,0,2,115.89
69,0,3,112.11
69,0,4,114.93
69,1,0,101.86
69,1,2,104.84
69,1,3,115.7
69,1,4,113.03
69,2,0,101.88
69,2,1,113.22
69,2,3,108.08
69,2,4,99.21
69,3,0,100.69
69,3,1,104.22
69,3,2,115.81
69,3,4,110.08
69,4,0,113.65
69,4,1,109.66
69,4,2,101.33
69,4,3,104.87
70,0,1,102.59
70,0,2,97.52
70,0,3,104.96
70,0,4,112.45
70,1,0,105.71
70,1,2,98.79
70,1,3,114.67
70,1,4,108.5
70,2,0,96.9
70,2,1,106.88
70,2,3,101.41
70,2,4,99.44
70,3,0,105.15
70,3,1,108.86
70,3,2,101.38
70,3,4,104.9
70,4,0,109.86
70,4,1,98.28
70,4,2,116.06
70,4,3,97.92
71,0,1,104.33
71,0,2,103.96
71,0,3,113.58
71,0,4,104.89
71,1,0,101.62
71,1,2,103.21
71,1,3,106.52
71,1,4,113.43
71,2,0,98.88
71,2,1,94.14
71,2,3,109.58
71,2,4,100.71
71,3,0,108.47
71,3,1,106.38
71,3,2,109.24
71,3,4,108.52
71,4,0,100.46
71,4,1,94.7
71,4,2,104.73
71,4,3,110.08
72,0,1,94.36
72,0,2,106.44
72,0,3,100.15
72,0,4,104.77
72,1,0,103.49
72,1,2,107.09
72,1,3,92.12
72,1,4,106.38
72,2,0,100.01
72,2,1,96.73
72,2,3,91.73
72,2,4,94.85
72,3,0,91.7
72,3,1,109.53
72,3,2,101.17
72,3,4,110.64
72,4,0,101.72
72,4,1,95.92
72,4,2,105.92
72,4,3,94.68
73,0,1,94.87
73,0,2,103.35
73,0,3,105.05
73,0,4,94.37
73,1,0,90.22
73,1,2,95.09
73,1,3,105.52
73,1,4,102.6
73,2,0,105.63
73,2,1,95.47
73,2,3,107.21
73,2,4,97.66
73,3,0,97.68
73,3,1,106.22
73,3,2,98.12
73,3,4,103.76
73,4,0,102.28
73,4,1,89.31
73,4,2,99.78
73,4,3,104.18
74,0,1,95.38
74,0,2,90.89
74,0,3,86.07
74,0,4,97.69
74,1,0,90.6
74,1,2,96.52
74,1,3,92.99
74,1,4,98.26
74,2,0,91.5
74,2,1,85.32
74,2,3,101.87
74,2,4,91.52
74,3,0,104.43
74,3,1,89.96
74,3,2,104.07
74,3,4,103.43
74,4,0,85.97
74,4,1,97.22
74,4,2,91.74
74,4,3,100.49
75,0,1,94.68
75,0,2,100.15
75,0,3,83.95
75,0,4,93.25
75,1,0,96.72
75,1,2,81.79
75,1,3,82.44
75,1,4,96.67
75,2,0,88.42
75,2,1,88.75
75,2,3,92.44
75,2,4,93.2
75,3,0,94.68
75,3,1,100.07
75,3,2,88.54
75,3,4,96.36
75,4,0,92.57
75,4,1,91.68
75,4,2,89.06
75,4,3,94.09
76,0,1,82.64
76,0,2,79.91
76,0,3,92.36
76,0,4,87.63
76,1,0,85.39
76,1,2,88.88
76,1,3,82.88
76,1,4,82.85
76,2,0,86.57
76,2,1,97.57
76,2,3,83.36
76,2,4,95.98
76,3,0,87.47
76,3,1,80.1
76,3,2,94.7
76,3,4,86.69
76,4,0,95.62
76,4,1,86.55
76,4,2,79.4
76,4,3,91.28
77,0,1,91.07
77,0,2,80.55
77,0,3,81.1
77,0,4,75.45
77,1,0,85.0
77,1,2,91.98
77,1,3,91.18
77,1,4,88.39
77,2,0,92.7
77,2,1,86.91
77,2,3,90.03
77,2,4,84.33
77,3,0,76.58
77,3,1,78.18
77,3,2,76.93
77,3,4,89.96
77,4,0,74.68
77,4,1,85.24
77,4,2,81.53
77,4,3,90.23
78,0,1,81.69
78,0,2,82.9
78,0,3,72.39
78,0,4,76.85
78,1,0,90.65
78,1,2,85.04
78,1,3,81.18
78,1,4,86.04
78,2,0,87.13
78,2,1,72.14
78,2,3,90.11
78,2,4,83.51
78,3,0,79.66
78,3,1,84.26
78,3,2,77.55
78,3,4,88.22
78,4,0,86.27
78,4,1,83.46
78,4,2,74.3
78,4,3,89.99
79,0,1,75.85
79,0,2,85.41
79,0,3,68.31
79,0,4,69.68
79,1,0,70.26
79,1,2,70.49
79,1,3,73.65
79,1,4,81.39
79,2,0,74.12
79,2,1,86.02
79,2,3,85.1
79,2,4,84.12
79,3,0,72.21
79,3,1,79.9
79,3,2,78.22
79,3,4,69.7
79,4,0,73.26
79,4,1,77.87
79,4,2,77.25
79,4,3,70.57
80,0,1,82.64
80,0,2,66.89
80,0,3,76.98
80,0,4,78.22
80,1,0,75.91
80,1,2,80.66
80,1,3,75.08
80,1,4,80.31
80,2,0,64.38
80,2,1,64.72
80,2,3,76.64
80,2,4,75.34
80,3,0,76.83
80,3,1,79.15
80,3,2,72.14
80,3,4,76.59
80,4,0,73.77
80,4,1,76.35
80,4,2,69.6
80,4,3,82.94
81,0,1,70.18
81,0,2,76.62
81,0,3,74.23
81,0,4,66.47
81,1,0,61.98
81,1,2,61.72
81,1,3,69.32
81,1,4,70.21
81,2,0,64.61
81,2,1,72.66
81,2,3,66.78
81,2,4,74.89
81,3,0,75.21
81,3,1,77.74
81,3,2,80.03
81,3,4,63.14
81,4,0,67.94
81,4,1,71.76
81,4,2,66.91
81,4,3,69.85
82,0,1,62.73
82,0,2,62.34
82,0,3,59.32
82,0,4,63.19
82,1,0,65.07
82,1,2,69.69
82,1,3,62.35
82,1,4,74.69
82,2,0,60.58
82,2,1,63.93
82,2,3,68.94
82,2,4,63.64
82,3,0,72.65
82,3,1,67.35
82,3,2,67.68
82,3,4,67.36
82,4,0,63.55
82,4,1,57.85
82,4,2,76.29
82,4,3,67.49
83,0,1,73.75
83,0,2,58.72
83,0,3,61.48
83,0,4,55.43
83,1,0,64.32
83,1,2,72.07
83,1,3,67.51
83,1,4,63.83
83,2,0,65.15
83,2,1,71.36
83,2,3,63.04
83,2,4,72.07
83,3,0,68.97
83,3,1,69.7
83,3,2,61.74
83,3,4,62.43
83,4,0,65.83
83,4,1,58.31
83,4,2,65.48
83,4,3,55.89
84,0,1,61.75
84,0,2,66.95
84,0,3,57.26
84,0,4,71.45
84,1,0,65.27
84,1,2,54.04
84,1,3,71.17
84,1,4,59.54
84,2,0,67.56
84,2,1,58.45
84,2,3,70.44
84,2,4,66.77
84,3,0,55.65
84,3,1,61.85
84,3,2,61.67
84,3,4,52.57
84,4,0,54.41
84,4,1,58.33
84,4,2,61.14
84,4,3,60.81
85,0,1,61.28
85,0,2,59.46
85,0,3,55.71
85,0,4,61.41
85,1,0,52.4
85,1,2,68.97
85,1,3,63.94
85,1,4,55.14
85,2,0,55.88
85,2,1,65.72
85,2,3,59.8
85,2,4,63.33
85,3,0,55.15
85,3,1,65.47
85,3,2,56.52
85,3,4,62.63
85,4,0,68.75
85,4,1,60.83
85,4,2,65.09
85,4,3,63.66
86,0,1,60.67
86,0,2,47.44
86,0,3,56.4
86,0,4,66.25
86,1,0,62.57
86,1,2,62.43
86,1,3,58.46
86,1,4,61.34
86,2,0,58.58
86,2,1,50.32
86,2,3,59.49
86,2,4,59.3
86,3,0,63.73
86,3,1,49.86
86,3,2,60.52
86,3,4,47.54
86,4,0,65.87
86,4,1,49.11
86,4,2,47.29
86,4,3,53.18
87,0,1,47.99
87,0,2,58.77
87,0,3,53.16
87,0,4,60.46
87,1,0,63.37
87,1,2,62.41
87,1,3,59.67
87,1,4,46.2
87,2,0,47.72
87,2,1,49.1
87,2,3,51.46
87,2,4,58.2
87,3,0,55.47
87,3,1,51.23
87,3,2,48.42
87,3,4,63.2
87,4,0,51.8
87,4,1,52.04
87,4,2,60.4
87,4,3,59.37
88,0,1,56.19
88,0,2,57.19
88,0,3,55.52
88,0,4,47.16
88,1,0,48.25
88,1,2,54.48
88,1,3,47.82
88,1,4,62.78
88,2,0,49.27
88,2,1,49.1
88,2,3,47.46
88,2,4,57.42
88,3,0,49.66
88,3,1,50.3
88,3,2,61.99
88,3,4,59.23
88,4,0,48.79
88,4,1,45.76
88,4,2,56.85
88,4,3,50.91
89,0,1,61.62
89,0,2,58.38
89,0,3,61.11
89,0,4,58.11
89,1,0,47.82
89,1,2,47.77
89,1,3,56.3
89,1,4,48.94
89,2,0,50.86
89,2,1,47.14
89,2,3,51.6
89,2,4,46.06
89,3,0,52.79
89,3,1,60.67
89,3,2,55.94
89,3,4,44.76
89,4,0,54.33
89,4,1,53.75
89,4,2,46.86
89,4,3,55.41
90,0,1,51.68
90,0,2,53.81
90,0,3,42.11
90,0,4,49.32
90,1,0,55.4
90,1,2,43.07
90,1,3,56.47
90,1,4,41.16
90,2,0,52.06
90,2,1,59.64
90,2,3,49.19
90,2,4,59.76
90,3,0,58.62
90,3,1,50.6
90,3,2,45.04
90,3,4,60.33
90,4,0,47.48
90,4,1,53.97
90,4,2,59.21
90,4,3,42.84
91,0,1,51.93
91,0,2,51.15
91,0,3,54.91
91,0,4,59.19
91,1,0,58.72
91,1,2,43.95
91,1,3,58.1
91,1,4,43.97
91,2,0,58.84
91,2,1,60.4
91,2,3,48.39
91,2,4,50.36
91,3,0,59.18
91,3,1,59.69
91,3,2,58.97
91,3,4,57.99
91,4,0,40.64
91,4,1,51.81
91,4,2,42.6
91,4,3,60.11
92,0,1,45.9
92,0,2,59.99
92,0,3,51.08
92,0,4,50.09
92,1,0,58.98
92,1,2,57.23
92,1,3,49.57
92,1,4,44.07
92,2,0,42.46
92,2,1,43.46
92,2,3,49.39
92,2,4,45.35
92,3,0,43.93
92,3,1,54.94
92,3,2,56.02
92,3,4,51.56
92,4,0,55.35
92,4,1,43.72
92,4,2,57.33
92,4,3,58.15
93,0,1,56.87
93,0,2,50.63
93,0,3,42.06
93,0,4,53.71
93,1,0,44.02
93,1,2,43.14
93,1,3,46.8
93,1,4,45.29
93,2,0,45.54
93,2,1,45.04
93,2,3,55.4
93,2,4,59.41
93,3,0,46.37
93,3,1,54.79
93,3,2,40.56
93,3,4,53.4
93,4,0,54.18
93,4,1,41.57
93,4,2,42.69
93,4,3,46.46
94,0,1,48.91
94,0,2,50.86
94,0,3,58.71
94,0,4,54.88
94,1,0,47.03
94,1,2,43.15
94,1,3,59.13
94,1,4,46.71
94,2,0,53.1
94,2,1,45.19
94,2,3,43.48
94,2,4,43.87
94,3,0,55.76
94,3,1,52.92
94,3,2,49.12
94,3,4,51.79
94,4,0,50.22
94,4,1,51.56
94,4,2,54.09
94,4,3,45.17
95,0,1,46.58
95,0,2,56.73
95,0,3,59.1
95,0,4,43.27
95,1,0,50.57
95,1,2,55.71
95,1,3,43.2
95,1,4,52.92
95,2,0,42.87
95,2,1,52.59
95,2,3,51.74
95,2,4,53.09
95,3,0,44.63
95,3,1,48.2
95,3,2,52.04
95,3,4,43.96
95,4,0,45.74
95,4,1,53.3
95,4,2,43.45
95,4,3,51.84
96,0,1,58.98
96,0,2,51.87
96,0,3,53.07
96,0,4,51.94
96,1,0,43.96
96,1,2,52.05
96,1,3,58.94
96,1,4,57.27
96,2,0,50.72
96,2,1,59.13
96,2,3,57.72
96,2,4,54.37
96,3,0,43.71
96,3,1,49.69
96,3,2,44.08
96,3,4,62.69
96,4,0,61.49
96,4,1,44.18
96,4,2,61.48
96,4,3,43.44
97,0,1,52.47
97,0,2,59.67
97,0,3,59.61
97,0,4,63.86
97,1,0,57.21
97,1,2,52.7
97,1,3,64.15
97,1,4,51.94
97,2,0,61.69
97,2,1,62.43
97,2,3,51.81
97,2,4,57.95
97,3,0,57.53
97,3,1,55.08
97,3,2,57.37
97,3,4,51.25
97,4,0,47.86
97,4,1,55.04
97,4,2,54.87
97,4,3,58.85
98,0,1,50.54
98,0,2,46.16
98,0,3,46.55
98,0,4,52.06
98,1,0,59.56
98,1,2,56.98
98,1,3,56.73
98,1,4,62.56
98,2,0,51.04
98,2,1,53.01
98,2,3,51.6
98,2,4,64.84
98,3,0,60.59
98,3,1,48.35
98,3,2,62.28
98,3,4,54.48
98,4,0,61.41
98,4,1,63.77
98,4,2,46.4
98,4,3,50.21
99,0,1,50.19
99,0,2,48.84
99,0,3,60.12
99,0,4,62.23
99,1,0,49.14
99,1,2,62.98
99,1,3,56.21
99,1,4,52.86
99,2,0,52.51
99,2,1,65.44
99,2,3,49.3
99,2,4,58.25
99,3,0,53.95
99,3,1,64.48
99,3,2,62.8
99,3,4,54.55
99,4,0,60.13
99,4,1,61.62
99,4,2,54.58
99,4,3,54.2
100,0,1,53.37
100,0,2,63.71
100,0,3,54.92
100,0,4,56.51
100,1,0,51.72
100,1,2,69.47
100,1,3,68.1
100,1,4,68.73
100,2,0,63.02
100,2,1,59.04
100,2,3,60.41
100,2,4,69.95
100,3,0,69.33
100,3,1,63.93
100,3,2,66.22
100,3,4,56.88
100,4,0,58.83
100,4,1,53.49
100,4,2,58.03
100,4,3,65.59
101,0,1,62.53
101,0,2,70.05
101,0,3,59.07
101,0,4,67.21
101,1,0,69.18
101,1,2,71.35
101,1,3,64.31
101,1,4,72.42
101,2,0,64.21
101,2,1,55.74
101,2,3,57.92
101,2,4,57.13
101,3,0,65.99
101,3,1,71.5
101,3,2,70.0
101,3,4,54.91
101,4,0,67.55
101,4,1,56.87
101,4,2,58.43
101,4,3,66.53
102,0,1,67.87
102,0,2,73.29
102,0,3,59.58
102,0,4,71.05
102,1,0,70.3
102,1,2,66.99
102,1,3,65.4
102,1,4,73.2
102,2,0,62.47
102,2,1,74.95
102,2,3,56.12
102,2,4,74.56
102,3,0,75.05
102,3,1,58.16
102,3,2,75.8
102,3,4,65.39
102,4,0,60.67
102,4,1,67.9
102,4,2,59.9
102,4,3,74.12
103,0,1,69.77
103,0,2,74.24
103,0,3,66.34
103,0,4,69.4
103,1,0,65.91
103,1,2,63.96
103,1,3,68.99
103,1,4,68.67
103,2,0,60.7
103,2,1,78.36
103,2,3,68.12
103,2,4,75.52
103,3,0,77.02
103,3,1,66.14
103,3,2,67.01
103,3,4,69.98
103,4,0,63.15
103,4,1,61.65
103,4,2,63.94
103,4,3,77.42
104,0,1,73.35
104,0,2,70.12
104,0,3,64.82
104,0,4,68.37
104,1,0,69.37
104,1,2,78.44
104,1,3,71.76
104,1,4,74.86
104,2,0,75.47
104,2,1,66.92
104,2,3,78.2
104,2,4,81.1
104,3,0,74.6
104,3,1,71.58
104,3,2,65.14
104,3,4,77.67
104,4,0,65.16
104,4,1,76.18
104,4,2,71.54
104,4,3,80.11
105,0,1,75.75
105,0,2,77.74
105,0,3,66.08
105,0,4,65.58
105,1,0,81.84
105,1,2,83.81
105,1,3,78.27
105,1,4,80.19
105,2,0,73.15
105,2,1,81.76
105,2,3,69.53
105,2,4,79.05
105,3,0,65.09
105,3,1,75.02
105,3,2,72.37
105,3,4,77.26
105,4,0,78.24
105,4,1,77.23
105,4,2,74.57
105,4,3,74.66
106,0,1,68.22
106,0,2,79.13
106,0,3,68.33
106,0,4,78.68
106,1,0,73.59
106,1,2,87.64
106,1,3,68.44
106,1,4,84.36
106,2,0,81.57
106,2,1,84.22
106,2,3,86.29
106,2,4,70.23
106,3,0,70.02
106,3,1,71.07
106,3,2,71.93
106,3,4,78.62
106,4,0,84.4
106,4,1,73.44
106,4,2,76.03
106,4,3,75.55
107,0,1,79.42
107,0,2,82.6
107,0,3,91.1
107,0,4,75.82
107,1,0,84.98
107,1,2,88.26
107,1,3,84.37
107,1,4,88.46
107,2,0,86.49
107,2,1,73.17
107,2,3,78.88
107,2,4,82.35
107,3,0,72.42
107,3,1,71.49
107,3,2,74.73
107,3,4,81.3
107,4,0,79.98
107,4,1,86.99
107,4,2,82.62
107,4,3,88.46
108,0,1,76.4
108,0,2,85.05
108,0,3,75.34
108,0,4,78.72
108,1,0,91.85
108,1,2,92.24
108,1,3,84.0
108,1,4,75.42
108,2,0,75.97
108,2,1,93.0
108,2,3,92.47
108,2,4,85.76
108,3,0,75.15
108,3,1,93.06
108,3,2,80.78
108,3,4,93.72
108,4,0,86.23
108,4,1,89.53
108,4,2,88.74
108,4,3,82.45
109,0,1,79.16
109,0,2,80.87
109,0,3,82.43
109,0,4,94.32
109,1,0,85.41
109,1,2,95.56
109,1,3,84.26
109,1,4,92.74
109,2,0,80.42
109,2,1,97.39
109,2,3,92.11
109,2,4,87.64
109,3,0,97.11
109,3,1,78.7
109,3,2,86.37
109,3,4,94.4
109,4,0,84.44
109,4,1,93.0
109,4,2,96.72
109,4,3,85.56
110,0,1,96.15
110,0,2,81.27
110,0,3,86.14
110,0,4,100.53
110,1,0,90.49
110,1,2,87.79
110,1,3,99.5
110,1,4,89.31
110,2,0,94.27
110,2,1,93.89
110,2,3,82.39
110,2,4,93.05
110,3,0,96.64
110,3,1,94.94
110,3,2,82.32
110,3,4,83.76
110,4,0,94.91
110,4,1,93.35
110,4,2,95.47
110,4,3,87.01
111,0,1,85.74
111,0,2,83.71
111,0,3,89.77
111,0,4,90.81
111,1,0,89.0
111,1,2,86.26
111,1,3,87.36
111,1,4,92.59
111,2,0,94.7
111,2,1,91.77
111,2,3,84.13
111,2,4,90.69
111,3,0,85.47
111,3,1,95.57
111,3,2,90.1
111,3,4,91.31
111,4,0,89.45
111,4,1,91.36
111,4,2,85.3
111,4,3,101.63
112,0,1,104.5
112,0,2,105.96
112,0,3,97.83
112,0,4,89.79
112,1,0,94.01
112,1,2,89.17
112,1,3,92.42
112,1,4,96.26
112,2,0,87.66
112,2,1,95.09
112,2,3,94.82
112,2,4,96.08
112,3,0,87.93
112,3,1,91.43
112,3,2,91.33
112,3,4,98.9
112,4,0,98.27
112,4,1,90.31
112,4,2,88.53
112,4,3,92.49
113,0,1,107.99
113,0,2,95.65
113,0,3,101.41
113,0,4,105.09
113,1,0,95.6
113,1,2,95.7
113,1,3,105.32
113,1,4,106.2
113,2,0,108.49
113,2,1,91.73
113,2,3,95.42
113,2,4,107.95
113,3,0,93.03
113,3,1,95.29
113,3,2,108.3
113,3,4,108.38
113,4,0,94.84
113,4,1,102.91
113,4,2,98.83
113,4,3,100.53
114,0,1,96.27
114,0,2,98.95
114,0,3,107.76
114,0,4,99.28
114,1,0,93.7
114,1,2,102.7
114,1,3,103.27
114,1,4,102.34
114,2,0,105.06
114,2,1,102.43
114,2,3,110.49
114,2,4,100.66
114,3,0,105.59
114,3,1,100.19
114,3,2,97.25
114,3,4,105.28
114,4,0,107.8
114,4,1,107.34
114,4,2,99.61
114,4,3,101.41
115,0,1,106.29
115,0,2,98.47
115,0,3,106.8
115,0,4,107.93
115,1,0,109.41
115,1,2,95.1
115,1,3,113.44
115,1,4,103.21
115,2,0,101.64
115,2,1,103.76
115,2,3,112.03
115,2,4,107.46
115,3,0,104.5
115,3,1,109.44
115,3,2,100.82
115,3,4,111.54
115,4,0,104.36
115,4,1,106.39
115,4,2,95.33
115,4,3,109.0
116,0,1,108.74
116,0,2,102.69
116,0,3,108.53
116,0,4,96.48
116,1,0,115.26
116,1,2,109.14
116,1,3,103.58
116,1,4,110.65
116,2,0,114.91
116,2,1,104.2
116,2,3,95.8
116,2,4,100.77
116,3,0,105.81
116,3,1,105.97
116,3,2,107.2
116,3,4,107.1
116,4,0,104.51
116,4,1,103.41
116,4,2,111.04
116,4,3,107.36
117,0,1,107.32
117,0,2,104.21
117,0,3,97.8
117,0,4,99.4
117,1,0,105.63
117,1,2,116.55
117,1,3,99.63
117,1,4,116.13
117,2,0,100.15
117,2,1,103.55
117,2,3,106.42
117,2,4,101.45
117,3,0,106.97
117,3,1,106.84
117,3,2,106.08
117,3,4,111.25
117,4,0,103.69
117,4,1,103.32
117,4,2,113.52
117,4,3,99.61
118,0,1,115.76
118,0,2,111.74
118,0,3,112.32
118,0,4,102.07
118,1,0,118.46
118,1,2,103.66
118,1,3,102.27
118,1,4,101.98
118,2,0,109.98
118,2,1,117.95
118,2,3,103.42
118,2,4,106.88
118,3,0,102.47
118,3,1,111.59
118,3,2,107.42
118,3,4,99.36
118,4,0,111.06
118,4,1,102.72
118,4,2,110.62
118,4,3,106.56
119,0,1,114.08
119,0,2,104.1
119,0,3,115.03
119,0,4,116.16
119,1,0,101.24
119,1,2,102.02
119,1,3,117.42
119,1,4,103.72
119,2,0,106.5
119,2,1,109.14
119,2,3,105.23
119,2,4,117.24
119,3,0,110.54
119,3,1,112.77
119,3,2,111.92
119,3,4,112.21
119,4,0,111.72
119,4,1,106.94
119,4,2,116.9
119,4,3,112.33
120,0,1,117.21
120,0,2,115.05
120,0,3,106.88
120,0,4,113.22
120,1,0,102.63
120,1,2,103.61
120,1,3,103.29
120,1,4,107.04
120,2,0,104.59
120,2,1,114.8
120,2,3,111.15
120,2,4,109.3
120,3,0,103.69
120,3,1,108.6
120,3,2,104.65
120,3,4,113.64
120,4,0,114.8
120,4,1,113.84
120,4,2,120.93
120,4,3,112.03
121,0,1,111.41
121,0,2,104.43
121,0,3,107.91
121,0,4,110.64
121,1,0,102.69
121,1,2,108.8
121,1,3,101.81
121,1,4,104.35
121,2,0,117.92
121,2,1,120.9
121,2,3,111.73
121,2,4,111.52
121,3,0,115.31
121,3,1,109.93
121,3,2,118.42
121,3,4,111.39
121,4,0,103.27
121,4,1,102.24
121,4,2,116.84
121,4,3,107.46
122,0,1,107.56
122,0,2,112.81
122,0,3,105.42
122,0,4,111.21
122,1,0,116.91
122,1,2,117.38
122,1,3,113.05
122,1,4,104.32
122,2,0,104.34
122,2,1,117.56
122,2,3,118.53
122,2,4,109.4
122,3,0,118.51
122,3,1,102.89
122,3,2,116.44
122,3,4,112.99
122,4,0,121.86
122,4,1,104.11
122,4,2,118.66
122,4,3,117.09
123,0,1,108.22
123,0,2,122.25
123,0,3,111.26
123,0,4,109.23
123,1,0,118.6
123,1,2,111.04
123,1,3,122.14
123,1,4,117.77
123,2,0,107.0
123,2,1,118.47
123,2,3,114.02
123,2,4,109.27
123,3,0,116.48
123,3,1,114.92
123,3,2,105.58
123,3,4,105.05
123,4,0,106.39
123,4,1,106.4
123,4,2,103.45
123,4,3,109.28
124,0,1,107.86
124,0,2,113.01
124,0,3,108.71
124,0,4,116.32
124,1,0,108.03
124,1,2,107.59
124,1,3,119.4
124,1,4,121.95
124,2,0,115.82
124,2,1,104.14
124,2,3,121.49
124,2,4,117.95
124,3,0,120.61
124,3,1,122.09
124,3,2,119.58
124,3,4,104.78
124,4,0,119.56
124,4,1,107.23
124,4,2,116.47
124,4,3,118.81
125,0,1,117.24
125,0,2,115.54
125,0,3,111.8
125,0,4,113.56
125,1,0,107.38
125,1,2,110.29
125,1,3,111.05
125,1,4,114.68
125,2,0,119.61
125,2,1,103.87
125,2,3,112.32
125,2,4,107.57
125,3,0,120.74
125,3,1,109.39
125,3,2,121.02
125,3,4,108.56
125,4,0,102.06
125,4,1,117.49
125,4,2,116.66
125,4,3,116.63
126,0,1,110.77
126,0,2,114.88
126,0,3,108.76
126,0,4,102.86
126,1,0,112.29
126,1,2,105.95
126,1,3,110.19
126,1,4,105.83
126,2,0,106.97
126,2,1,118.16
126,2,3,108.35
126,2,4,113.16
126,3,0,112.92
126,3,1,111.3
126,3,2,108.47
126,3,4,115.25
126,4,0,102.57
126,4,1,103.59
126,4,2,117.28
126,4,3,110.79
127,0,1,103.51
127,0,2,118.18
127,0,3,109.85
127,0,4,101.04
127,1,0,120.18
127,1,2,105.07
127,1,3,114.8
127,1,4,103.66
127,2,0,114.02
127,2,1,104.2
127,2,3,119.68
127,2,4,106.5
127,3,0,114.12
127,3,1,106.03
127,3,2,108.46
127,3,4,119.1
127,4,0,104.33
127,4,1,108.95
127,4,2,107.13
127,4,3,115.01
128,0,1,105.0
128,0,2,113.43
128,0,3,114.39
128,0,4,100.34
128,1,0,109.85
128,1,2,102.97
128,1,3,104.84
128,1,4,113.92
128,2,0,100.5
128,2,1,114.23
128,2,3,116.66
128,2,4,120.08
128,3,0,108.76
128,3,1,102.96
128,3,2,101.73
128,3,4,107.98
128,4,0,114.93
128,4,1,102.36
128,4,2,106.58
128,4,3,117.94
129,0,1,102.24
129,0,2,114.97
129,0,3,114.56
129,0,4,102.16
129,1,0,119.36
129,1,2,102.36
129,1,3,110.11
129,1,4,99.67
129,2,0,112.5
129,2,1,108.3
129,2,3,113.95
129,2,4,112.06
129,3,0,102.53
129,3,1,107.74
129,3,2,113.23
129,3,4,116.7
129,4,0,101.23
129,4,1,101.51
129,4,2,114.55
129,4,3,111.29
130,0,1,106.29
130,0,2,117.87
130,0,3,104.9
130,0,4,101.41
130,1,0,104.15
130,1,2,100.29
130,1,3,109.68
130,1,4,110.61
130,2,0,110.76
130,2,1,114.19
130,2,3,112.42
130,2,4,115.57
130,3,0,111.78
130,3,1,104.64
130,3,2,108.96
130,3,4,108.8
130,4,0,113.57
130,4,1,104.52
130,4,2,99.7
130,4,3,116.57
131,0,1,116.76
131,0,2,107.57
131,0,3,99.92
131,0,4,107.66
131,1,0,109.55
131,1,2,108.23
131,1,3,117.22
131,1,4,117.41
131,2,0,116.35
131,2,1,100.31
131,2,3,114.89
131,2,4,109.04
131,3,0,104.98
131,3,1,111.33
131,3,2,112.92
131,3,4,116.76
131,4,0,113.08
131,4,1,98.0
131,4,2,99.02
131,4,3,102.91
132,0,1,97.51
132,0,2,97.92
132,0,3,112.5
132,0,4,106.85
132,1,0,109.28
132,1,2,106.73
132,1,3,105.02
132,1,4,110.75
132,2,0,98.36
132,2,1,107.44
132,2,3,109.03
132,2,4,102.26
132,3,0,102.91
132,3,1,106.94
132,3,2,100.78
132,3,4,112.87
132,4,0,107.44
132,4,1,104.53
132,4,2,109.4
132,4,3,113.4
133,0,1,109.39
133,0,2,97.09
133,0,3,109.75
133,0,4,110.37
133,1,0,112.7
133,1,2,96.93
133,1,3,97.5
133,1,4,104.46
133,2,0,104.84
133,2,1,107.95
133,2,3,101.96
133,2,4,110.61
133,3,0,110.58
133,3,1,98.16
133,3,2,109.93
133,3,4,109.8
133,4,0,99.05
133,4,1,114.83
133,4,2,106.23
133,4,3,111.43
134,0,1,109.29
134,0,2,98.21
134,0,3,97.41
134,0,4,110.5
134,1,0,100.25
134,1,2,112.6
134,1,3,110.3
134,1,4,95.46
134,2,0,111.02
134,2,1,100.31
134,2,3,96.15
134,2,4,109.12
134,3,0,106.41
134,3,1,96.42
134,3,2,103.98
134,3,4,102.08
134,4,0,104.87
134,4,1,106.21
134,4,2,102.23
134,4,3,99.98
135,0,1,96.11
135,0,2,105.53
135,0,3,108.51
135,0,4,98.62
135,1,0,104.23
135,1,2,94.93
135,1,3,111.31
135,1,4,98.94
135,2,0,103.49
135,2,1,101.71
135,2,3,97.05
135,2,4,112.68
135,3,0,111.2
135,3,1,105.11
135,3,2,112.33
135,3,4,108.87
135,4,0,102.44
135,4,1,100.49
135,4,2,102.38
135,4,3,108.46
136,0,1,98.76
136,0,2,94.89
136,0,3,100.79
136,0,4,103.37
136,1,0,111.37
136,1,2,96.92
136,1,3,109.42
136,1,4,112.96
136,2,0,112.41
136,2,1,94.71
136,2,3,102.63
136,2,4,98.98
136,3,0,110.23
136,3,1,99.88
136,3,2,104.39
136,3,4,93.49
136,4,0,97.35
136,4,1,104.61
136,4,2,99.41
136,4,3,105.79
137,0,1,102.02
137,0,2,104.57
137,0,3,102.61
137,0,4,108.19
137,1,0,96.65
137,1,2,110.75
137,1,3,107.95
137,1,4,97.64
137,2,0,92.87
137,2,1,100.94
137,2,3,97.4
137,2,4,99.67
137,3,0,109.53
137,3,1,110.28
137,3,2,111.76
137,3,4,92.77
137,4,0,105.89
137,4,1,109.72
137,4,2,107.29
137,4,3,94.82
138,0,1,102.9
138,0,2,97.06
138,0,3,102.14
138,0,4,93.5
138,1,0,112.24
138,1,2,106.53
138,1,3,94.16
138,1,4,110.73
138,2,0,110.25
138,2,1,102.7
138,2,3,106.32
138,2,4,99.75
138,3,0,111.79
138,3,1,94.0
138,3,2,94.21
138,3,4,94.97
138,4,0,108.7
138,4,1,93.8
138,4,2,103.66
138,4,3,101.0
139,0,1,111.32
139,0,2,96.77
139,0,3,97.25
139,0,4,98.33
139,1,0,108.05
139,1,2,106.05
139,1,3,106.74
139,1,4,98.4
139,2,0,97.47
139,2,1,93.53
139,2,3,96.09
139,2,4,107.63
139,3,0,103.73
139,3,1,95.14
139,3,2,95.32
139,3,4,101.35
139,4,0,100.16
139,4,1,102.75
139,4,2,111.33
139,4,3,96.19
140,0,1,98.12
140,0,2,97.26
140,0,3,94.36
140,0,4,95.11
140,1,0,105.68
140,1,2,108.49
140,1,3,105.9
140,1,4,92.76
140,2,0,108.68
140,2,1,98.51
140,2,3,93.78
140,2,4,96.92
140,3,0,99.07
140,3,1,102.23
140,3,2,105.5
140,3,4,97.16
140,4,0,111.77
140,4,1,92.58
140,4,2,100.05
140,4,3,101.0
141,0,1,107.05
141,0,2,97.09
141,0,3,101.33
141,0,4,108.17
141,1,0,94.88
141,1,2,92.33
141,1,3,108.7
141,1,4,111.74
141,2,0,94.7
141,2,1,108.56
141,2,3,99.53
141,2,4,104.69
141,3,0,104.98
141,3,1,103.74
141,3,2,97.27
141,3,4,108.34
141,4,0,92.52
141,4,1,93.38
141,4,2,110.14
141,4,3,100.96
142,0,1,95.01
142,0,2,110.54
142,0,3,109.02
142,0,4,99.07
142,1,0,93.29
142,1,2,101.66
142,1,3,95.8
142,1,4,103.91
142,2,0,108.87
142,2,1,100.34
142,2,3,93.03
142,2,4,106.1
142,3,0,95.89
142,3,1,96.73
142,3,2,96.18
142,3,4,98.03
142,4,0,110.1
142,4,1,93.13
142,4,2,104.82
142,4,3,97.35
143,0,1,98.91
143,0,2,101.25
143,0,3,104.02
143,0,4,94.23
143,1,0,98.6
143,1,2,95.75
143,1,3,97.0
143,1,4,110.7
143,2,0,103.53
143,2,1,105.62
143,2,3,109.05
143,2,4,108.91
143,3,0,112.8
143,3,1,108.65
143,3,2,100.19
143,3,4,103.9
143,4,0,102.7
143,4,1,111.26
143,4,2,103.06
143,4,3,100.78
144,0,1,97.41
144,0,2,100.19
144,0,3,98.19
144,0,4,111.73
144,1,0,109.38
144,1,2,94.98
144,1,3,113.64
144,1,4,104.4
144,2,0,109.15
144,2,1,113.8
144,2,3,113.29
144,2,4,95.81
144,3,0,106.95
144,3,1,99.14
144,3,2,110.14
144,3,4,112.16
144,4,0,94.93
144,4,1,113.74
144,4,2,98.2
144,4,3,110.74
145,0,1,110.79
145,0,2,101.94
145,0,3,111.62
145,0,4,111.74
145,1,0,98.36
145,1,2,106.69
145,1,3,110.96
145,1,4,108.79
145,2,0,113.12
145,2,1,95.4
145,2,3,108.85
145,2,4,113.79
145,3,0,106.11
145,3,1,106.1
145,3,2,98.6
145,3,4,114.6
145,4,0,112.47
145,4,1,104.68
145,4,2,101.02
145,4,3,104.65
146,0,1,97.9
146,0,2,100.74
146,0,3,100.47
146,0,4,106.62
146,1,0,96.11
146,1,2,114.45
146,1,3,100.12
146,1,4,98.7
146,2,0,110.43
146,2,1,114.47
146,2,3,112.98
146,2,4,102.56
146,3,0,96.53
146,3,1,107.82
146,3,2,114.44
146,3,4,111.58
146,4,0,113.02
146,4,1,113.31
146,4,2,115.3
146,4,3,103.56
147,0,1,116.4
147,0,2,105.47
147,0,3,99.58
147,0,4,103.6
147,1,0,100.29
147,1,2,100.71
147,1,3,116.53
147,1,4,113.4
147,2,0,116.77
147,2,1,110.54
147,2,3,101.04
147,2,4,116.94
147,3,0,111.43
147,3,1,116.14
147,3,2,113.3
147,3,4,102.03
147,4,0,109.34
147,4,1,101.07
147,4,2,103.7
147,4,3,111.33
148,0,1,101.78
148,0,2,113.81
148,0,3,118.21
148,0,4,118.21
148,1,0,107.06
148,1,2,119.12
148,1,3,118.54
148,1,4,99.88
148,2,0,111.28
148,2,1,117.65
148,2,3,118.58
148,2,4,103.65
148,3,0,110.54
148,3,1,117.97
148,3,2,102.05
148,3,4,114.14
148,4,0,103.99
148,4,1,118.88
148,4,2,102.59
148,4,3,116.94
149,0,1,102.87
149,0,2,115.27
149,0,3,113.87
149,0,4,118.83
149,1,0,110.03
149,1,2,106.4
149,1,3,106.08
149,1,4,102.45
149,2,0,106.23
149,2,1,103.25
149,2,3,101.12
149,2,4,108.81
149,3,0,115.74
149,3,1,120.47
149,3,2,118.78
149,3,4,110.95
149,4,0,108.67
149,4,1,112.01
149,4,2,103.12
149,4,3,110.68
150,0,1,120.4
150,0,2,116.14
150,0,3,116.86
150,0,4,313.98
150,1,0,104.59
150,1,2,120.04
150,1,3,109.02
150,1,4,313.98
150,2,0,122.15
150,2,1,104.6
150,2,3,106.52
150,2,4,313.98
150,3,0,117.76
150,3,1,114.06
150,3,2,121.08
150,3,4,313.98
150,4,0,313.98
150,4,1,313.98
150,4,2,313.98
150,4,3,313.98
151,0,1,124.14
151,0,2,108.59
151,0,3,123.09
151,0,4,560.12
151,1,0,107.32
151,1,2,109.4
151,1,3,109.09
151,1,4,560.12
151,2,0,119.73
151,2,1,119.89
151,2,3,110.6
151,2,4,560.12
151,3,0,110.04
151,3,1,106.29
151,3,2,116.73
151,3,4,560.12
151,4,0,560.12
151,4,1,560.12
151,4,2,560.12
151,4,3,560.12
152,0,1,120.83
152,0,2,119.59
152,0,3,111.58
152,0,4,694.52
152,1,0,111.0
152,1,2,113.42
152,1,3,109.23
152,1,4,694.52
152,2,0,113.75
152,2,1,115.54
152,2,3,117.37
152,2,4,694.52
152,3,0,109.41
152,3,1,118.47
152,3,2,111.29
152,3,4,694.52
152,4,0,694.52
152,4,1,694.52
152,4,2,694.52
152,4,3,694.52
153,0,1,114.5
153,0,2,115.34
153,0,3,111.21
153,0,4,467.4
153,1,0,123.32
153,1,2,111.69
153,1,3,116.85
153,1,4,467.4
153,2,0,129.39
153,2,1,121.77
153,2,3,121.05
153,2,4,467.4
153,3,0,126.34
153,3,1,118.35
153,3,2,120.68
153,3,4,467.4
153,4,0,467.4
153,4,1,467.4
153,4,2,467.4
153,4,3,467.4
154,0,1,130.48
154,0,2,126.71
154,0,3,122.46
154,0,4,300.86
154,1,0,128.43
154,1,2,125.97
154,1,3,124.83
154,1,4,300.86
154,2,0,127.56
154,2,1,115.88
154,2,3,132.11
154,2,4,300.86
154,3,0,128.59
154,3,1,114.94
154,3,2,120.89
154,3,4,300.86
154,4,0,300.86
154,4,1,300.86
154,4,2,300.86
154,4,3,300.86
155,0,1,120.06
155,0,2,133.11
155,0,3,133.18
155,0,4,504.43
155,1,0,122.66
155,1,2,122.85
155,1,3,121.42
155,1,4,504.43
155,2,0,124.06
155,2,1,132.37
155,2,3,130.63
155,2,4,504.43
155,3,0,125.35
155,3,1,123.29
155,3,2,123.19
155,3,4,504.43
155,4,0,504.43
155,4,1,504.43
155,4,2,504.43
155,4,3,504.43
156,0,1,128.63
156,0,2,119.39
156,0,3,123.09
156,0,4,699.76
156,1,0,124.25
156,1,2,125.59
156,1,3,125.03
156,1,4,699.76
156,2,0,129.55
156,2,1,118.12
156,2,3,122.88
156,2,4,699.76
156,3,0,129.55
156,3,1,131.25
156,3,2,118.15
156,3,4,699.76
156,4,0,699.76
156,4,1,699.76
156,4,2,699.76
156,4,3,699.76
157,0,1,137.75
157,0,2,120.21
157,0,3,136.16
157,0,4,523.83
157,1,0,125.42
157,1,2,129.64
157,1,3,133.73
157,1,4,523.83
157,2,0,137.19
157,2,1,122.5
157,2,3,139.29
157,2,4,523.83
157,3,0,136.33
157,3,1,125.2
157,3,2,128.14
157,3,4,523.83
157,4,0,523.83
157,4,1,523.83
157,4,2,523.83
157,4,3,523.83
158,0,1,137.36
158,0,2,139.52
158,0,3,138.59
158,0,4,303.61
158,1,0,125.35
158,1,2,128.4
158,1,3,132.31
158,1,4,303.61
158,2,0,139.2
158,2,1,139.76
158,2,3,122.75
158,2,4,303.61
158,3,0,138.83
158,3,1,138.91
158,3,2,127.16
158,3,4,303.61
158,4,0,303.61
158,4,1,303.61
158,4,2,303.61
158,4,3,303.61
159,0,1,134.53
159,0,2,137.14
159,0,3,126.91
159,0,4,448.38
159,1,0,131.88
159,1,2,136.31
159,1,3,127.98
159,1,4,448.38
159,2,0,136.17
159,2,1,131.43
159,2,3,127.7
159,2,4,448.38
159,3,0,139.41
159,3,1,138.21
159,3,2,130.13
159,3,4,448.38
159,4,0,448.38
159,4,1,448.38
159,4,2,448.38
159,4,3,448.38
160,0,1,139.49
160,0,2,140.1
160,0,3,131.93
160,0,4,689.09
160,1,0,126.95
160,1,2,142.15
160,1,3,141.9
160,1,4,689.09
160,2,0,144.78
160,2,1,139.49
160,2,3,138.57
160,2,4,689.09
160,3,0,131.59
160,3,1,142.65
160,3,2,132.66
160,3,4,689.09
160,4,0,689.09
160,4,1,689.09
160,4,2,689.09
160,4,3,689.09
161,0,1,133.53
161,0,2,137.83
161,0,3,142.04
161,0,4,578.37
161,1,0,136.43
161,1,2,130.54
161,1,3,138.72
161,1,4,578.37
161,2,0,145.36
161,2,1,135.98
161,2,3,141.44
161,2,4,578.37
161,3,0,134.46
161,3,1,130.65
161,3,2,129.77
161,3,4,578.37
161,4,0,578.37
161,4,1,578.37
161,4,2,578.37
161,4,3,578.37
162,0,1,148.08
162,0,2,136.21
162,0,3,133.23
162,0,4,322.0
162,1,0,148.23
162,1,2,146.34
162,1,3,146.28
162,1,4,322.0
162,2,0,143.44
162,2,1,143.85
162,2,3,144.66
162,2,4,322.0
162,3,0,150.18
162,3,1,135.42
162,3,2,138.6
162,3,4,322.0
162,4,0,322.0
162,4,1,322.0
162,4,2,322.0
162,4,3,322.0
163,0,1,146.27
163,0,2,136.19
163,0,3,142.43
163,0,4,396.45
163,1,0,149.87
163,1,2,145.18
163,1,3,141.88
163,1,4,396.45
163,2,0,148.55
163,2,1,149.27
163,2,3,135.36
163,2,4,396.45
163,3,0,134.3
163,3,1,136.91
163,3,2,147.91
163,3,4,396.45
163,4,0,396.45
163,4,1,396.45
163,4,2,396.45
163,4,3,396.45
164,0,1,140.09
164,0,2,147.87
164,0,3,139.13
164,0,4,663.35
164,1,0,139.61
164,1,2,138.2
164,1,3,138.87
164,1,4,663.35
164,2,0,142.4
164,2,1,150.31
164,2,3,144.66
164,2,4,663.35
164,3,0,134.41
164,3,1,150.78
164,3,2,143.0
164,3,4,663.35
164,4,0,663.35
164,4,1,663.35
164,4,2,663.35
164,4,3,663.35
165,0,1,136.7
165,0,2,137.96
165,0,3,142.14
165,0,4,626.66
165,1,0,152.08
165,1,2,143.1
165,1,3,140.28
165,1,4,626.66
165,2,0,149.53
165,2,1,143.7
165,2,3,146.57
165,2,4,626.66
165,3,0,146.64
165,3,1,134.05
165,3,2,139.42
165,3,4,626.66
165,4,0,626.66
165,4,1,626.66
165,4,2,626.66
165,4,3,626.66
166,0,1,136.37
166,0,2,146.9
166,0,3,147.28
166,0,4,354.57
166,1,0,153.92
166,1,2,142.28
166,1,3,135.37
166,1,4,354.57
166,2,0,142.08
166,2,1,134.89
166,2,3,141.06
166,2,4,354.57
166,3,0,138.42
166,3,1,148.15
166,3,2,147.15
166,3,4,354.57
166,4,0,354.57
166,4,1,354.57
166,4,2,354.57
166,4,3,354.57
167,0,1,146.73
167,0,2,138.3
167,0,3,151.43
167,0,4,352.76
167,1,0,140.77
167,1,2,149.51
167,1,3,146.88
167,1,4,352.76
167,2,0,152.71
167,2,1,154.86
167,2,3,141.81
167,2,4,352.76
167,3,0,142.14
167,3,1,138.72
167,3,2,153.92
167,3,4,352.76
167,4,0,352.76
167,4,1,352.76
167,4,2,352.76
167,4,3,352.76
168,0,1,149.65
168,0,2,146.76
168,0,3,138.34
168,0,4,624.6
168,1,0,147.97
168,1,2,135.71
168,1,3,152.49
168,1,4,624.6
168,2,0,145.66
168,2,1,135.94
168,2,3,154.86
168,2,4,624.6
168,3,0,148.04
168,3,1,135.36
168,3,2,148.76
168,3,4,624.6
168,4,0,624.6
168,4,1,624.6
168,4,2,624.6
168,4,3,624.6
169,0,1,148.53
169,0,2,147.24
169,0,3,140.65
169,0,4,664.86
169,1,0,147.88
169,1,2,140.03
169,1,3,146.74
169,1,4,664.86
169,2,0,151.24
169,2,1,136.73
169,2,3,149.01
169,2,4,664.86
169,3,0,136.91
169,3,1,136.76
169,3,2,138.6
169,3,4,664.86
169,4,0,664.86
169,4,1,664.86
169,4,2,664.86
169,4,3,664.86
170,0,1,139.86
170,0,2,134.74
170,0,3,143.88
170,0,4,398.72
170,1,0,152.61
170,1,2,140.56
170,1,3,134.01
170,1,4,398.72
170,2,0,152.09
170,2,1,150.66
170,2,3,147.33
170,2,4,398.72
170,3,0,135.75
170,3,1,144.18
170,3,2,148.42
170,3,4,398.72
170,4,0,398.72
170,4,1,398.72
170,4,2,398.72
170,4,3,398.72
171,0,1,142.21
171,0,2,134.92
171,0,3,136.42
171,0,4,320.81
171,1,0,138.73
171,1,2,148.95
171,1,3,139.18
171,1,4,320.81
171,2,0,134.82
171,2,1,148.09
171,2,3,133.84
171,2,4,320.81
171,3,0,146.19
171,3,1,136.33
171,3,2,140.07
171,3,4,320.81
171,4,0,320.81
171,4,1,320.81
171,4,2,320.81
171,4,3,320.81
172,0,1,135.21
172,0,2,139.57
172,0,3,150.8
172,0,4,575.93
172,1,0,139.27
172,1,2,148.56
172,1,3,147.55
172,1,4,575.93
172,2,0,147.49
172,2,1,133.81
172,2,3,145.47
172,2,4,575.93
172,3,0,150.4
172,3,1,134.74
172,3,2,139.87
172,3,4,575.93
172,4,0,575.93
172,4,1,575.93
172,4,2,575.93
172,4,3,575.93
173,0,1,137.02
173,0,2,130.42
173,0,3,143.53
173,0,4,689.93
173,1,0,149.31
173,1,2,132.46
173,1,3,148.25
173,1,4,689.93
173,2,0,138.07
173,2,1,130.76
173,2,3,135.08
173,2,4,689.93
173,3,0,143.94
173,3,1,143.4
173,3,2,145.19
173,3,4,689.93
173,4,0,689.93
173,4,1,689.93
173,4,2,689.93
173,4,3,689.93
174,0,1,138.28
174,0,2,141.82
174,0,3,129.72
174,0,4,450.94
174,1,0,132.78
174,1,2,134.73
174,1,3,141.34
174,1,4,450.94
174,2,0,144.59
174,2,1,138.98
174,2,3,147.57
174,2,4,450.94
174,3,0,140.68
174,3,1,130.95
174,3,2,144.79
174,3,4,450.94
174,4,0,450.94
174,4,1,450.94
174,4,2,450.94
174,4,3,450.94
175,0,1,144.88
175,0,2,126.48
175,0,3,129.93
175,0,4,303.13
175,1,0,133.54
175,1,2,130.17
175,1,3,134.66
175,1,4,303.13
175,2,0,134.44
175,2,1,142.61
175,2,3,134.42
175,2,4,303.13
175,3,0,135.42
175,3,1,138.54
175,3,2,127.53
175,3,4,303.13
175,4,0,303.13
175,4,1,303.13
175,4,2,303.13
175,4,3,303.13
176,0,1,135.23
176,0,2,128.94
176,0,3,133.02
176,0,4,521.2
176,1,0,136.28
176,1,2,141.86
176,1,3,130.12
176,1,4,521.2
176,2,0,127.31
176,2,1,131.94
176,2,3,134.05
176,2,4,521.2
176,3,0,132.31
176,3,1,135.99
176,3,2,137.17
176,3,4,521.2
176,4,0,521.2
176,4,1,521.2
176,4,2,521.2
176,4,3,521.2
177,0,1,139.25
177,0,2,125.8
177,0,3,130.4
177,0,4,699.87
177,1,0,120.87
177,1,2,123.24
177,1,3,122.77
177,1,4,699.87
177,2,0,134.39
177,2,1,122.1
177,2,3,132.18
177,2,4,699.87
177,3,0,138.56
177,3,1,127.82
177,3,2,129.1
177,3,4,699.87
177,4,0,699.87
177,4,1,699.87
177,4,2,699.87
177,4,3,699.87
178,0,1,133.58
178,0,2,128.61
178,0,3,132.27
178,0,4,507.07
178,1,0,130.0
178,1,2,135.96
178,1,3,119.52
178,1,4,507.07
178,2,0,127.44
178,2,1,117.8
178,2,3,135.54
178,2,4,507.07
178,3,0,126.49
178,3,1,127.0
178,3,2,135.26
178,3,4,507.07
178,4,0,507.07
178,4,1,507.07
178,4,2,507.07
178,4,3,507.07
179,0,1,125.51
179,0,2,131.15
179,0,3,123.58
179,0,4,301.13
179,1,0,133.09
179,1,2,131.82
179,1,3,128.75
179,1,4,301.13
179,2,0,132.77
179,2,1,132.91
179,2,3,122.55
179,2,4,301.13
179,3,0,121.75
179,3,1,127.5
179,3,2,128.47
179,3,4,301.13
179,4,0,301.13
179,4,1,301.13
179,4,2,301.13
179,4,3,301.13
180,0,1,122.64
180,0,2,114.01
180,0,3,122.47
180,0,4,464.79
180,1,0,116.89
180,1,2,123.44
180,1,3,129.62
180,1,4,464.79
180,2,0,129.16
180,2,1,120.07
180,2,3,123.87
180,2,4,464.79
180,3,0,112.3
180,3,1,117.03
180,3,2,119.6
180,3,4,464.79
180,4,0,464.79
180,4,1,464.79
180,4,2,464.79
180,4,3,464.79
181,0,1,112.06
181,0,2,123.28
181,0,3,122.5
181,0,4,693.89
181,1,0,106.84
181,1,2,109.25
181,1,3,119.74
181,1,4,693.89
181,2,0,121.34
181,2,1,109.56
181,2,3,112.07
181,2,4,693.89
181,3,0,123.13
181,3,1,120.15
181,3,2,112.24
181,3,4,693.89
181,4,0,693.89
181,4,1,693.89
181,4,2,693.89
181,4,3,693.89
182,0,1,117.37
182,0,2,119.88
182,0,3,117.43
182,0,4,562.64
182,1,0,107.34
182,1,2,118.27
182,1,3,118.56
182,1,4,562.64
182,2,0,115.87
182,2,1,121.11
182,2,3,110.34
182,2,4,562.64
182,3,0,122.1
182,3,1,108.84
182,3,2,113.63
182,3,4,562.64
182,4,0,562.64
182,4,1,562.64
182,4,2,562.64
182,4,3,562.64
183,0,1,115.36
183,0,2,116.99
183,0,3,112.86
183,0,4,314.97
183,1,0,113.87
183,1,2,109.7
183,1,3,110.83
183,1,4,314.97
183,2,0,118.05
183,2,1,104.65
183,2,3,102.31
183,2,4,314.97
183,3,0,102.5
183,3,1,102.24
183,3,2,109.04
183,3,4,314.97
183,4,0,314.97
183,4,1,314.97
183,4,2,314.97
183,4,3,314.97
184,0,1,100.01
184,0,2,101.52
184,0,3,109.11
184,0,4,411.18
184,1,0,97.99
184,1,2,101.36
184,1,3,95.93
184,1,4,411.18
184,2,0,107.22
184,2,1,108.15
184,2,3,104.72
184,2,4,411.18
184,3,0,102.07
184,3,1,110.59
184,3,2,101.27
184,3,4,411.18
184,4,0,411.18
184,4,1,411.18
184,4,2,411.18
184,4,3,411.18
185,0,1,101.81
185,0,2,92.91
185,0,3,95.49
185,0,4,672.47
185,1,0,97.71
185,1,2,98.29
185,1,3,95.44
185,1,4,672.47
185,2,0,101.68
185,2,1,111.0
185,2,3,107.54
185,2,4,672.47
185,3,0,91.25
185,3,1,104.45
185,3,2,99.98
185,3,4,672.47
185,4,0,672.47
185,4,1,672.47
185,4,2,672.47
185,4,3,672.47
186,0,1,93.69
186,0,2,105.59
186,0,3,106.17
186,0,4,613.22
186,1,0,98.08
186,1,2,92.93
186,1,3,105.5
186,1,4,613.22
186,2,0,94.77
186,2,1,103.33
186,2,3,96.19
186,2,4,613.22
186,3,0,105.24
186,3,1,91.12
186,3,2,97.55
186,3,4,613.22
186,4,0,613.22
186,4,1,613.22
186,4,2,613.22
186,4,3,613.22
187,0,1,84.87
187,0,2,96.97
187,0,3,99.03
187,0,4,343.55
187,1,0,92.05
187,1,2,85.64
187,1,3,94.32
187,1,4,343.55
187,2,0,103.09
187,2,1,99.07
187,2,3,96.49
187,2,4,343.55
187,3,0,98.5
187,3,1,86.64
187,3,2,92.75
187,3,4,343.55
187,4,0,343.55
187,4,1,343.55
187,4,2,343.55
187,4,3,343.55
188,0,1,91.47
188,0,2,84.52
188,0,3,85.14
188,0,4,364.65
188,1,0,92.57
188,1,2,88.63
188,1,3,80.31
188,1,4,364.65
188,2,0,90.67
188,2,1,92.8
188,2,3,92.34
188,2,4,364.65
188,3,0,91.68
188,3,1,93.99
188,3,2,81.42
188,3,4,364.65
188,4,0,364.65
188,4,1,364.65
188,4,2,364.65
188,4,3,364.65
189,0,1,91.84
189,0,2,85.28
189,0,3,84.43
189,0,4,637.3
189,1,0,86.01
189,1,2,87.2
189,1,3,79.26
189,1,4,637.3
189,2,0,92.48
189,2,1,87.44
189,2,3,95.73
189,2,4,637.3
189,3,0,90.08
189,3,1,94.81
189,3,2,92.43
189,3,4,637.3
189,4,0,637.3
189,4,1,637.3
189,4,2,637.3
189,4,3,637.3
190,0,1,75.74
190,0,2,73.38
190,0,3,85.21
190,0,4,654.77
190,1,0,92.22
190,1,2,79.37
190,1,3,88.24
190,1,4,654.77
190,2,0,80.15
190,2,1,81.53
190,2,3,86.19
190,2,4,654.77
190,3,0,76.49
190,3,1,77.69
190,3,2,89.97
190,3,4,654.77
190,4,0,654.77
190,4,1,654.77
190,4,2,654.77
190,4,3,654.77
191,0,1,88.88
191,0,2,90.12
191,0,3,79.46
191,0,4,384.6
191,1,0,76.05
191,1,2,71.58
191,1,3,72.2
191,1,4,384.6
191,2,0,79.98
191,2,1,76.85
191,2,3,72.8
191,2,4,384.6
191,3,0,72.24
191,3,1,82.62
191,3,2,88.24
191,3,4,384.6
191,4,0,384.6
191,4,1,384.6
191,4,2,384.6
191,4,3,384.6
192,0,1,78.74
192,0,2,74.72
192,0,3,73.76
192,0,4,328.9
192,1,0,67.53
192,1,2,72.36
192,1,3,71.86
192,1,4,328.9
192,2,0,76.16
192,2,1,84.24
192,2,3,70.12
192,2,4,328.9
192,3,0,84.99
192,3,1,76.69
192,3,2,74.61
192,3,4,328.9
192,4,0,328.9
192,4,1,328.9
192,4,2,328.9
192,4,3,328.9
193,0,1,82.07
193,0,2,67.69
193,0,3,75.67
193,0,4,591.2
193,1,0,82.62
193,1,2,66.42
193,1,3,66.4
193,1,4,591.2
193,2,0,75.04
193,2,1,65.52
193,2,3,76.53
193,2,4,591.2
193,3,0,76.7
193,3,1,83.02
193,3,2,75.93
193,3,4,591.2
193,4,0,591.2
193,4,1,591.2
193,4,2,591.2
193,4,3,591.2
194,0,1,67.1
194,0,2,78.08
194,0,3,77.3
194,0,4,684.0
194,1,0,71.93
194,1,2,72.85
194,1,3,70.57
194,1,4,684.0
194,2,0,75.89
194,2,1,79.6
194,2,3,78.77
194,2,4,684.0
194,3,0,65.95
194,3,1,72.92
194,3,2,71.56
194,3,4,684.0
194,4,0,684.0
194,4,1,684.0
194,4,2,684.0
194,4,3,684.0
195,0,1,70.35
195,0,2,67.85
195,0,3,65.05
195,0,4,434.84
195,1,0,61.93
195,1,2,68.06
195,1,3,61.53
195,1,4,434.84
195,2,0,78.83
195,2,1,67.9
195,2,3,70.07
195,2,4,434.84
195,3,0,61.6
195,3,1,80.29
195,3,2,67.16
195,3,4,434.84
195,4,0,434.84
195,4,1,434.84
195,4,2,434.84
195,4,3,434.84
196,0,1,69.91
196,0,2,62.5
196,0,3,72.1
196,0,4,306.78
196,1,0,72.09
196,1,2,75.73
196,1,3,69.36
196,1,4,306.78
196,2,0,77.17
196,2,1,69.35
196,2,3,66.08
196,2,4,306.78
196,3,0,68.76
196,3,1,68.67
196,3,2,71.11
196,3,4,306.78
196,4,0,306.78
196,4,1,306.78
196,4,2,306.78
196,4,3,306.78
197,0,1,61.92
197,0,2,61.42
197,0,3,64.93
197,0,4,537.83
197,1,0,60.05
197,1,2,62.29
197,1,3,73.91
197,1,4,537.83
197,2,0,67.32
197,2,1,67.26
197,2,3,61.9
197,2,4,537.83
197,3,0,74.35
197,3,1,58.13
197,3,2,58.55
197,3,4,537.83
197,4,0,537.83
197,4,1,537.83
197,4,2,537.83
197,4,3,537.83
198,0,1,57.78
198,0,2,61.83
198,0,3,60.27
198,0,4,698.57
198,1,0,68.65
198,1,2,67.94
198,1,3,57.04
198,1,4,698.57
198,2,0,69.9
198,2,1,62.33
198,2,3,58.38
198,2,4,698.57
198,3,0,76.52
198,3,1,74.01
198,3,2,60.08
198,3,4,698.57
198,4,0,698.57
198,4,1,698.57
198,4,2,698.57
198,4,3,698.57
199,0,1,69.15
199,0,2,61.25
199,0,3,70.44
199,0,4,490.26
199,1,0,65.03
199,1,2,67.77
199,1,3,60.56
199,1,4,490.26
199,2,0,58.13
199,2,1,60.01
199,2,3,73.15
199,2,4,490.26
199,3,0,64.36
199,3,1,58.95
199,3,2,57.89
199,3,4,490.26
199,4,0,490.26
199,4,1,490.26
199,4,2,490.26
199,4,3,490.26
200,0,1,57.92
200,0,2,65.21
200,0,3,58.17
200,0,4,300.05
200,1,0,72.12
200,1,2,73.51
200,1,3,71.07
200,1,4,300.05
200,2,0,66.01
200,2,1,62.98
200,2,3,56.44
200,2,4,300.05
200,3,0,60.16
200,3,1,71.61
200,3,2,71.36
200,3,4,300.05
200,4,0,300.05
200,4,1,300.05
200,4,2,300.05
200,4,3,300.05
201,0,1,57.43
201,0,2,58.15
201,0,3,65.02
201,0,4,481.45
201,1,0,72.66
201,1,2,61.14
201,1,3,73.01
201,1,4,481.45
201,2,0,59.26
201,2,1,69.66
201,2,3,71.26
201,2,4,481.45
201,3,0,57.83
201,3,1,55.62
201,3,2,68.57
201,3,4,481.45
201,4,0,481.45
201,4,1,481.45
201,4,2,481.45
201,4,3,481.45
202,0,1,60.74
202,0,2,72.77
202,0,3,64.14
202,0,4,697.33
202,1,0,61.18
202,1,2,69.28
202,1,3,70.77
202,1,4,697.33
202,2,0,71.35
202,2,1,65.32
202,2,3,63.08
202,2,4,697.33
202,3,0,60.75
202,3,1,61.81
202,3,2,62.56
202,3,4,697.33
202,4,0,697.33
202,4,1,697.33
202,4,2,697.33
202,4,3,697.33
203,0,1,65.07
203,0,2,70.13
203,0,3,59.37
203,0,4,546.47
203,1,0,64.15
203,1,2,62.91
203,1,3,67.15
203,1,4,546.47
203,2,0,70.27
203,2,1,59.35
203,2,3,75.43
203,2,4,546.47
203,3,0,57.96
203,3,1,59.05
203,3,2,74.66
203,3,4,546.47
203,4,0,546.47
203,4,1,546.47
203,4,2,546.47
203,4,3,546.47
204,0,1,64.54
204,0,2,76.55
204,0,3,69.14
204,0,4,309.25
204,1,0,71.09
204,1,2,68.81
204,1,3,75.77
204,1,4,309.25
204,2,0,69.66
204,2,1,65.64
204,2,3,60.89
204,2,4,309.25
204,3,0,72.93
204,3,1,62.58
204,3,2,57.53
204,3,4,309.25
204,4,0,309.25
204,4,1,309.25
204,4,2,309.25
204,4,3,309.25
205,0,1,62.59
205,0,2,57.81
205,0,3,60.95
205,0,4,426.54
205,1,0,73.39
205,1,2,64.86
205,1,3,65.7
205,1,4,426.54
205,2,0,68.16
205,2,1,72.54
205,2,3,59.17
205,2,4,426.54
205,3,0,63.49
205,3,1,74.4
205,3,2,76.1
205,3,4,426.54
205,4,0,426.54
205,4,1,426.54
205,4,2,426.54
205,4,3,426.54
206,0,1,77.54
206,0,2,70.45
206,0,3,64.17
206,0,4,680.36
206,1,0,61.08
206,1,2,60.39
206,1,3,64.83
206,1,4,680.36
206,2,0,75.01
206,2,1,78.08
206,2,3,76.47
206,2,4,680.36
206,3,0,70.44
206,3,1,72.83
206,3,2,78.27
206,3,4,680.36
206,4,0,680.36
206,4,1,680.36
206,4,2,680.36
206,4,3,680.36
207,0,1,69.48
207,0,2,72.0
207,0,3,60.81
207,0,4,598.97
207,1,0,61.62
207,1,2,72.94
207,1,3,80.15
207,1,4,598.97
207,2,0,64.86
207,2,1,66.58
207,2,3,79.37
207,2,4,598.97
207,3,0,60.46
207,3,1,76.91
207,3,2,65.23
207,3,4,598.97
207,4,0,598.97
207,4,1,598.97
207,4,2,598.97
207,4,3,598.97
208,0,1,71.26
208,0,2,68.8
208,0,3,79.61
208,0,4,333.64
208,1,0,80.67
208,1,2,75.39
208,1,3,79.93
208,1,4,333.64
208,2,0,65.72
208,2,1,76.44
208,2,3,79.18
208,2,4,333.64
208,3,0,65.78
208,3,1,66.72
208,3,2,74.1
208,3,4,333.64
208,4,0,333.64
208,4,1,333.64
208,4,2,333.64
208,4,3,333.64
209,0,1,75.58
209,0,2,78.59
209,0,3,74.13
209,0,4,377.49
209,1,0,72.95
209,1,2,75.71
209,1,3,73.15
209,1,4,377.49
209,2,0,81.24
209,2,1,80.68
209,2,3,73.12
209,2,4,377.49
209,3,0,81.62
209,3,1,68.91
209,3,2,67.74
209,3,4,377.49
209,4,0,377.49
209,4,1,377.49
209,4,2,377.49
209,4,3,377.49
210,0,1,75.0
210,0,2,72.83
210,0,3,78.68
210,0,4,649.03
210,1,0,84.48
210,1,2,78.92
210,1,3,74.15
210,1,4,649.03
210,2,0,65.19
210,2,1,69.17
210,2,3,76.57
210,2,4,649.03
210,3,0,77.21
210,3,1,70.15
210,3,2,75.92
210,3,4,649.03
210,4,0,649.03
210,4,1,649.03
210,4,2,649.03
210,4,3,649.03
211,0,1,70.86
211,0,2,80.67
211,0,3,74.1
211,0,4,643.59
211,1,0,72.25
211,1,2,70.25
211,1,3,69.28
211,1,4,643.59
211,2,0,71.22
211,2,1,68.65
211,2,3,72.05
211,2,4,643.59
211,3,0,75.3
211,3,1,74.27
211,3,2,69.57
211,3,4,643.59
211,4,0,643.59
211,4,1,643.59
211,4,2,643.59
211,4,3,643.59
212,0,1,88.28
212,0,2,85.35
212,0,3,78.71
212,0,4,371.29
212,1,0,84.07
212,1,2,74.37
212,1,3,79.61
212,1,4,371.29
212,2,0,76.33
212,2,1,82.18
212,2,3,69.57
212,2,4,371.29
212,3,0,77.9
212,3,1,80.96
212,3,2,77.36
212,3,4,371.29
212,4,0,371.29
212,4,1,371.29
212,4,2,371.29
212,4,3,371.29
213,0,1,70.46
213,0,2,72.49
213,0,3,87.41
213,0,4,338.2
213,1,0,74.04
213,1,2,81.58
213,1,3,83.04
213,1,4,338.2
213,2,0,85.67
213,2,1,77.16
213,2,3,83.52
213,2,4,338.2
213,3,0,84.79
213,3,1,87.85
213,3,2,77.68
213,3,4,338.2
213,4,0,338.2
213,4,1,338.2
213,4,2,338.2
213,4,3,338.2
214,0,1,78.46
214,0,2,84.33
214,0,3,83.14
214,0,4,605.82
214,1,0,73.13
214,1,2,74.95
214,1,3,76.27
214,1,4,605.82
214,2,0,77.54
214,2,1,77.06
214,2,3,84.6
214,2,4,605.82
214,3,0,80.61
214,3,1,88.96
214,3,2,78.97
214,3,4,605.82
214,4,0,605.82
214,4,1,605.82
214,4,2,605.82
214,4,3,605.82
215,0,1,87.83
215,0,2,86.52
215,0,3,92.09
215,0,4,676.77
215,1,0,74.88
215,1,2,76.61
215,1,3,75.34
215,1,4,676.77
215,2,0,90.85
215,2,1,84.25
215,2,3,73.8
215,2,4,676.77
215,3,0,88.58
215,3,1,74.94
215,3,2,78.53
215,3,4,676.77
215,4,0,676.77
215,4,1,676.77
215,4,2,676.77
215,4,3,676.77
216,0,1,80.42
216,0,2,87.27
216,0,3,77.37
216,0,4,419.19
216,1,0,75.31
216,1,2,88.01
216,1,3,91.95
216,1,4,419.19
216,2,0,84.26
216,2,1,94.24
216,2,3,85.55
216,2,4,419.19
216,3,0,83.64
216,3,1,94.13
216,3,2,88.69
216,3,4,419.19
216,4,0,419.19
216,4,1,419.19
216,4,2,419.19
216,4,3,419.19
217,0,1,86.54
217,0,2,88.86
217,0,3,82.27
217,0,4,311.8
217,1,0,86.87
217,1,2,92.17
217,1,3,84.91
217,1,4,311.8
217,2,0,81.27
217,2,1,82.15
217,2,3,76.08
217,2,4,311.8
217,3,0,93.03
217,3,1,82.95
217,3,2,85.46
217,3,4,311.8
217,4,0,311.8
217,4,1,311.8
217,4,2,311.8
217,4,3,311.8
218,0,1,85.86
218,0,2,83.11
218,0,3,81.88
218,0,4,554.19
218,1,0,84.73
218,1,2,85.49
218,1,3,88.47
218,1,4,554.19
218,2,0,80.52
218,2,1,92.0
218,2,3,85.05
218,2,4,554.19
218,3,0,82.51
218,3,1,85.7
218,3,2,82.05
218,3,4,554.19
218,4,0,554.19
218,4,1,554.19
218,4,2,554.19
218,4,3,554.19
219,0,1,93.12
219,0,2,94.44
219,0,3,86.52
219,0,4,695.87
219,1,0,81.91
219,1,2,84.06
219,1,3,91.0
219,1,4,695.87
219,2,0,83.71
219,2,1,90.72
219,2,3,82.02
219,2,4,695.87
219,3,0,79.26
219,3,1,88.96
219,3,2,81.98
219,3,4,695.87
219,4,0,695.87
219,4,1,695.87
219,4,2,695.87
219,4,3,695.87
220,0,1,82.1
220,0,2,88.96
220,0,3,85.92
220,0,4,473.52
220,1,0,95.08
220,1,2,99.05
220,1,3,88.36
220,1,4,473.52
220,2,0,85.69
220,2,1,95.96
220,2,3,98.12
220,2,4,473.52
220,3,0,94.6
220,3,1,80.51
220,3,2,88.49
220,3,4,473.52
220,4,0,473.52
220,4,1,473.52
220,4,2,473.52
220,4,3,473.52
221,0,1,95.07
221,0,2,84.69
221,0,3,95.13
221,0,4,300.38
221,1,0,94.46
221,1,2,80.38
221,1,3,88.93
221,1,4,300.38
221,2,0,90.13
221,2,1,99.35
221,2,3,89.17
221,2,4,300.38
221,3,0,85.95
221,3,1,86.17
221,3,2,92.29
221,3,4,300.38
221,4,0,300.38
221,4,1,300.38
221,4,2,300.38
221,4,3,300.38
222,0,1,84.1
222,0,2,97.87
222,0,3,97.4
222,0,4,498.24
222,1,0,82.38
222,1,2,92.78
222,1,3,86.61
222,1,4,498.24
222,2,0,85.65
222,2,1,82.52
222,2,3,95.91
222,2,4,498.24
222,3,0,80.96
222,3,1,95.79
222,3,2,89.63
222,3,4,498.24
222,4,0,498.24
222,4,1,498.24
222,4,2,498.24
222,4,3,498.24
223,0,1,92.7
223,0,2,98.94
223,0,3,100.26
223,0,4,699.37
223,1,0,81.52
223,1,2,93.22
223,1,3,94.35
223,1,4,699.37
223,2,0,82.84
223,2,1,84.98
223,2,3,99.96
223,2,4,699.37
223,3,0,95.46
223,3,1,96.44
223,3,2,89.1
223,3,4,699.37
223,4,0,699.37
223,4,1,699.37
223,4,2,699.37
223,4,3,699.37
224,0,1,90.02
224,0,2,89.06
224,0,3,86.21
224,0,4,529.97
224,1,0,84.11
224,1,2,84.05
224,1,3,87.27
224,1,4,529.97
224,2,0,85.82
224,2,1,96.94
224,2,3,98.6
224,2,4,529.97
224,3,0,81.69
224,3,1,83.41
224,3,2,86.23
224,3,4,529.97
224,4,0,529.97
224,4,1,529.97
224,4,2,529.97
224,4,3,529.97
225,0,1,83.8
225,0,2,80.47
225,0,3,97.23
225,0,4,304.87
225,1,0,84.87
225,1,2,94.51
225,1,3,93.26
225,1,4,304.87
225,2,0,87.84
225,2,1,90.57
225,2,3,90.04
225,2,4,304.87
225,3,0,92.35
225,3,1,86.55
225,3,2,92.91
225,3,4,304.87
225,4,0,304.87
225,4,1,304.87
225,4,2,304.87
225,4,3,304.87
226,0,1,97.14
226,0,2,83.71
226,0,3,89.38
226,0,4,442.43
226,1,0,91.09
226,1,2,96.4
226,1,3,92.83
226,1,4,442.43
226,2,0,93.7
226,2,1,84.79
226,2,3,87.0
226,2,4,442.43
226,3,0,81.09
226,3,1,98.27
226,3,2,83.84
226,3,4,442.43
226,4,0,442.43
226,4,1,442.43
226,4,2,442.43
226,4,3,442.43
227,0,1,90.22
227,0,2,97.82
227,0,3,87.37
227,0,4,686.98
227,1,0,93.22
227,1,2,95.53
227,1,3,84.37
227,1,4,686.98
227,2,0,80.46
227,2,1,85.13
227,2,3,97.95
227,2,4,686.98
227,3,0,81.0
227,3,1,93.56
227,3,2,89.69
227,3,4,686.98
227,4,0,686.98
227,4,1,686.98
227,4,2,686.98
227,4,3,686.98
228,0,1,93.25
228,0,2,86.57
228,0,3,80.37
228,0,4,584.03
228,1,0,85.42
228,1,2,87.44
228,1,3,91.57
228,1,4,584.03
228,2,0,81.6
228,2,1,81.87
228,2,3,86.29
228,2,4,584.03
228,3,0,81.43
228,3,1,98.23
228,3,2,87.12
228,3,4,584.03
228,4,0,584.03
228,4,1,584.03
228,4,2,584.03
228,4,3,584.03
229,0,1,92.6
229,0,2,85.92
229,0,3,91.83
229,0,4,324.91
229,1,0,88.58
229,1,2,81.59
229,1,3,92.63
229,1,4,324.91
229,2,0,82.39
229,2,1,96.55
229,2,3,86.26
229,2,4,324.91
229,3,0,91.84
229,3,1,96.97
229,3,2,89.23
229,3,4,324.91
229,4,0,324.91
229,4,1,324.91
229,4,2,324.91
229,4,3,324.91
230,0,1,93.34
230,0,2,76.66
230,0,3,92.66
230,0,4,391.2
230,1,0,81.74
230,1,2,87.3
230,1,3,87.35
230,1,4,391.2
230,2,0,79.32
230,2,1,76.98
230,2,3,83.34
230,2,4,391.2
230,3,0,83.57
230,3,1,87.87
230,3,2,80.88
230,3,4,391.2
230,4,0,391.2
230,4,1,391.2
230,4,2,391.2
230,4,3,391.2
231,0,1,89.49
231,0,2,90.88
231,0,3,78.48
231,0,4,659.7
231,1,0,88.81
231,1,2,86.55
231,1,3,93.17
231,1,4,659.7
231,2,0,81.03
231,2,1,89.64
231,2,3,86.55
231,2,4,659.7
231,3,0,76.14
231,3,1,90.44
231,3,2,81.98
231,3,4,659.7
231,4,0,659.7
231,4,1,659.7
231,4,2,659.7
231,4,3,659.7
232,0,1,86.79
232,0,2,85.78
232,0,3,73.96
232,0,4,631.39
232,1,0,81.38
232,1,2,79.83
232,1,3,74.55
232,1,4,631.39
232,2,0,76.72
232,2,1,83.78
232,2,3,78.15
232,2,4,631.39
232,3,0,88.36
232,3,1,81.59
232,3,2,82.64
232,3,4,631.39
232,4,0,631.39
232,4,1,631.39
232,4,2,631.39
232,4,3,631.39
233,0,1,75.03
233,0,2,74.03
233,0,3,83.81
233,0,4,358.89
233,1,0,80.37
233,1,2,74.08
233,1,3,82.42
233,1,4,358.89
233,2,0,74.99
233,2,1,75.08
233,2,3,83.57
233,2,4,358.89
233,3,0,85.43
233,3,1,76.3
233,3,2,84.7
233,3,4,358.89
233,4,0,358.89
233,4,1,358.89
233,4,2,358.89
233,4,3,358.89
234,0,1,89.49
234,0,2,72.79
234,0,3,84.44
234,0,4,348.64
234,1,0,77.97
234,1,2,77.42
234,1,3,82.88
234,1,4,348.64
234,2,0,77.1
234,2,1,90.76
234,2,3,83.33
234,2,4,348.64
234,3,0,79.85
234,3,1,73.92
234,3,2,71.9
234,3,4,348.64
234,4,0,348.64
234,4,1,348.64
234,4,2,348.64
234,4,3,348.64
235,0,1,71.87
235,0,2,70.72
235,0,3,88.6
235,0,4,619.7
235,1,0,87.0
235,1,2,86.03
235,1,3,69.9
235,1,4,619.7
235,2,0,71.85
235,2,1,78.63
235,2,3,70.08
235,2,4,619.7
235,3,0,80.39
235,3,1,73.7
235,3,2,80.09
235,3,4,619.7
235,4,0,619.7
235,4,1,619.7
235,4,2,619.7
235,4,3,619.7
236,0,1,68.65
236,0,2,79.94
236,0,3,81.55
236,0,4,668.29
236,1,0,71.69
236,1,2,73.96
236,1,3,84.07
236,1,4,668.29
236,2,0,69.34
236,2,1,81.38
236,2,3,68.45
236,2,4,668.29
236,3,0,73.71
236,3,1,85.32
236,3,2,81.48
236,3,4,668.29
236,4,0,668.29
236,4,1,668.29
236,4,2,668.29
236,4,3,668.29
237,0,1,74.62
237,0,2,86.53
237,0,3,68.99
237,0,4,404.11
237,1,0,84.34
237,1,2,77.63
237,1,3,70.73
237,1,4,404.11
237,2,0,76.16
237,2,1,85.53
237,2,3,67.43
237,2,4,404.11
237,3,0,77.59
237,3,1,73.67
237,3,2,74.87
237,3,4,404.11
237,4,0,404.11
237,4,1,404.11
237,4,2,404.11
237,4,3,404.11
238,0,1,85.38
238,0,2,75.84
238,0,3,82.06
238,0,4,318.14
238,1,0,83.39
238,1,2,83.63
238,1,3,82.12
238,1,4,318.14
238,2,0,76.92
238,2,1,71.42
238,2,3,68.85
238,2,4,318.14
238,3,0,78.96
238,3,1,67.58
238,3,2,73.46
238,3,4,318.14
238,4,0,318.14
238,4,1,318.14
238,4,2,318.14
238,4,3,318.14
239,0,1,67.82
239,0,2,84.18
239,0,3,82.96
239,0,4,570.16
239,1,0,75.61
239,1,2,68.9
239,1,3,67.54
239,1,4,570.16
239,2,0,80.77
239,2,1,82.02
239,2,3,70.95
239,2,4,570.16
239,3,0,75.24
239,3,1,67.47
239,3,2,84.68
239,3,4,570.16
239,4,0,570.16
239,4,1,570.16
239,4,2,570.16
239,4,3,570.16
240,0,1,75.01
240,0,2,82.84
240,0,3,66.23
240,0,4,691.78
240,1,0,81.46
240,1,2,78.41
240,1,3,79.18
240,1,4,691.78
240,2,0,72.15
240,2,1,72.09
240,2,3,72.73
240,2,4,691.78
240,3,0,81.75
240,3,1,82.53
240,3,2,69.34
240,3,4,691.78
240,4,0,691.78
240,4,1,691.78
240,4,2,691.78
240,4,3,691.78
241,0,1,68.49
241,0,2,74.49
241,0,3,67.77
241,0,4,456.97
241,1,0,76.9
241,1,2,70.34
241,1,3,76.92
241,1,4,456.97
241,2,0,73.2
241,2,1,75.25
241,2,3,77.39
241,2,4,456.97
241,3,0,80.2
241,3,1,72.98
241,3,2,65.9
241,3,4,456.97
241,4,0,456.97
241,4,1,456.97
241,4,2,456.97
241,4,3,456.97
242,0,1,70.91
242,0,2,77.5
242,0,3,82.42
242,0,4,302.13
242,1,0,63.97
242,1,2,81.19
242,1,3,82.36
242,1,4,302.13
242,2,0,72.45
242,2,1,69.15
242,2,3,71.8
242,2,4,302.13
242,3,0,70.75
242,3,1,63.49
242,3,2,77.36
242,3,4,302.13
242,4,0,302.13
242,4,1,302.13
242,4,2,302.13
242,4,3,302.13
243,0,1,72.88
243,0,2,79.9
243,0,3,78.12
243,0,4,515.04
243,1,0,71.41
243,1,2,78.92
243,1,3,63.23
243,1,4,515.04
243,2,0,72.75
243,2,1,70.29
243,2,3,77.08
243,2,4,515.04
243,3,0,72.7
243,3,1,74.99
243,3,2,63.37
243,3,4,515.04
243,4,0,515.04
243,4,1,515.04
243,4,2,515.04
243,4,3,515.04
244,0,1,70.81
244,0,2,74.63
244,0,3,63.45
244,0,4,700.0
244,1,0,65.21
244,1,2,78.96
244,1,3,71.4
244,1,4,700.0
244,2,0,64.63
244,2,1,77.94
244,2,3,81.12
244,2,4,700.0
244,3,0,65.07
244,3,1,70.63
244,3,2,71.38
244,3,4,700.0
244,4,0,700.0
244,4,1,700.0
244,4,2,700.0
244,4,3,700.0
245,0,1,67.62
245,0,2,76.45
245,0,3,80.76
245,0,4,513.26
245,1,0,76.98
245,1,2,65.09
245,1,3,64.9
245,1,4,513.26
245,2,0,69.87
245,2,1,73.09
245,2,3,70.3
245,2,4,513.26
245,3,0,72.85
245,3,1,81.61
245,3,2,70.19
245,3,4,513.26
245,4,0,513.26
245,4,1,513.26
245,4,2,513.26
245,4,3,513.26
246,0,1,66.15
246,0,2,80.53
246,0,3,66.73
246,0,4,301.88
246,1,0,71.54
246,1,2,69.34
246,1,3,78.52
246,1,4,301.88
246,2,0,75.68
246,2,1,65.5
246,2,3,65.78
246,2,4,301.88
246,3,0,75.6
246,3,1,68.21
246,3,2,72.32
246,3,4,301.88
246,4,0,301.88
246,4,1,301.88
246,4,2,301.88
246,4,3,301.88
247,0,1,75.76
247,0,2,73.49
247,0,3,72.18
247,0,4,458.71
247,1,0,75.98
247,1,2,68.87
247,1,3,74.93
247,1,4,458.71
247,2,0,75.13
247,2,1,80.48
247,2,3,64.96
247,2,4,458.71
247,3,0,77.04
247,3,1,64.71
247,3,2,81.06
247,3,4,458.71
247,4,0,458.71
247,4,1,458.71
247,4,2,458.71
247,4,3,458.71
248,0,1,73.44
248,0,2,68.67
248,0,3,78.55
248,0,4,692.28
248,1,0,78.93
248,1,2,77.0
248,1,3,80.85
248,1,4,692.28
248,2,0,74.21
248,2,1,76.68
248,2,3,83.73
248,2,4,692.28
248,3,0,71.09
248,3,1,72.48
248,3,2,72.68
248,3,4,692.28
248,4,0,692.28
248,4,1,692.28
248,4,2,692.28
248,4,3,692.28
249,0,1,80.42
249,0,2,72.02
249,0,3,77.07
249,0,4,568.49
249,1,0,80.45
249,1,2,78.77
249,1,3,68.71
249,1,4,568.49
249,2,0,79.11
249,2,1,86.27
249,2,3,76.2
249,2,4,568.49
249,3,0,85.21
249,3,1,86.25
249,3,2,72.27
249,3,4,568.49
249,4,0,568.49
249,4,1,568.49
249,4,2,568.49
249,4,3,568.49
250,0,1,70.84
250,0,2,79.5
250,0,3,78.64
250,0,4,317.41
250,1,0,78.1
250,1,2,71.85
250,1,3,80.44
250,1,4,317.41
250,2,0,87.83
250,2,1,68.28
250,2,3,68.73
250,2,4,317.41
250,3,0,70.61
250,3,1,85.21
250,3,2,84.24
250,3,4,317.41
250,4,0,317.41
250,4,1,317.41
250,4,2,317.41
250,4,3,317.41
251,0,1,70.49
251,0,2,74.28
251,0,3,75.89
251,0,4,405.68
251,1,0,76.42
251,1,2,80.39
251,1,3,76.74
251,1,4,405.68
251,2,0,83.98
251,2,1,77.09
251,2,3,84.75
251,2,4,405.68
251,3,0,70.84
251,3,1,73.77
251,3,2,76.87
251,3,4,405.68
251,4,0,405.68
251,4,1,405.68
251,4,2,405.68
251,4,3,405.68
252,0,1,82.18
252,0,2,85.09
252,0,3,90.39
252,0,4,669.25
252,1,0,79.25
252,1,2,88.23
252,1,3,80.83
252,1,4,669.25
252,2,0,89.25
252,2,1,78.53
252,2,3,87.05
252,2,4,669.25
252,3,0,83.27
252,3,1,76.71
252,3,2,86.26
252,3,4,669.25
252,4,0,669.25
252,4,1,669.25
252,4,2,669.25
252,4,3,669.25
253,0,1,75.72
253,0,2,94.77
253,0,3,87.63
253,0,4,618.27
253,1,0,86.52
253,1,2,82.89
253,1,3,87.0
253,1,4,618.27
253,2,0,90.13
253,2,1,89.2
253,2,3,81.39
253,2,4,618.27
253,3,0,83.38
253,3,1,85.04
253,3,2,79.85
253,3,4,618.27
253,4,0,618.27
253,4,1,618.27
253,4,2,618.27
253,4,3,618.27
254,0,1,93.59
254,0,2,93.45
254,0,3,96.16
254,0,4,347.48
254,1,0,78.39
254,1,2,87.55
254,1,3,87.9
254,1,4,347.48
254,2,0,96.37
254,2,1,92.54
254,2,3,88.37
254,2,4,347.48
254,3,0,80.76
254,3,1,95.33
254,3,2,94.34
254,3,4,347.48
254,4,0,347.48
254,4,1,347.48
254,4,2,347.48
254,4,3,347.48
255,0,1,95.18
255,0,2,91.36
255,0,3,80.99
255,0,4,360.16
255,1,0,94.65
255,1,2,92.8
255,1,3,82.65
255,1,4,360.16
255,2,0,81.83
255,2,1,91.32
255,2,3,94.09
255,2,4,360.16
255,3,0,92.46
255,3,1,87.15
255,3,2,98.75
255,3,4,360.16
255,4,0,360.16
255,4,1,360.16
255,4,2,360.16
255,4,3,360.16
256,0,1,86.48
256,0,2,87.11
256,0,3,89.6
256,0,4,632.73
256,1,0,96.58
256,1,2,94.4
256,1,3,88.25
256,1,4,632.73
256,2,0,90.49
256,2,1,86.95
256,2,3,98.21
256,2,4,632.73
256,3,0,89.02
256,3,1,85.55
256,3,2,96.39
256,3,4,632.73
256,4,0,632.73
256,4,1,632.73
256,4,2,632.73
256,4,3,632.73
257,0,1,89.62
257,0,2,88.58
257,0,3,96.03
257,0,4,658.62
257,1,0,99.43
257,1,2,99.36
257,1,3,104.23
257,1,4,658.62
257,2,0,99.83
257,2,1,93.75
257,2,3,103.85
257,2,4,658.62
257,3,0,100.92
257,3,1,98.17
257,3,2,106.98
257,3,4,658.62
257,4,0,658.62
257,4,1,658.62
257,4,2,658.62
257,4,3,658.62
258,0,1,100.38
258,0,2,100.13
258,0,3,104.71
258,0,4,389.71
258,1,0,100.33
258,1,2,95.65
258,1,3,95.49
258,1,4,389.71
258,2,0,103.36
258,2,1,109.28
258,2,3,98.86
258,2,4,389.71
258,3,0,104.32
258,3,1,106.79
258,3,2,108.67
258,3,4,389.71
258,4,0,389.71
258,4,1,389.71
258,4,2,389.71
258,4,3,389.71
259,0,1,98.05
259,0,2,109.99
259,0,3,106.72
259,0,4,325.77
259,1,0,96.69
259,1,2,110.99
259,1,3,110.57
259,1,4,325.77
259,2,0,107.62
259,2,1,110.48
259,2,3,105.29
259,2,4,325.77
259,3,0,102.9
259,3,1,107.05
259,3,2,105.59
259,3,4,325.77
259,4,0,325.77
259,4,1,325.77
259,4,2,325.77
259,4,3,325.77
260,0,1,114.01
260,0,2,107.03
260,0,3,114.07
260,0,4,585.64
260,1,0,103.04
260,1,2,111.57
260,1,3,99.88
260,1,4,585.64
260,2,0,109.8
260,2,1,108.05
260,2,3,110.16
260,2,4,585.64
260,3,0,109.42
260,3,1,114.76
260,3,2,101.84
260,3,4,585.64
260,4,0,585.64
260,4,1,585.64
260,4,2,585.64
260,4,3,585.64
261,0,1,109.61
261,0,2,111.92
261,0,3,115.24
261,0,4,686.34
261,1,0,118.37
261,1,2,119.78
261,1,3,120.1
261,1,4,686.34
261,2,0,102.04
261,2,1,104.97
261,2,3,105.02
261,2,4,686.34
261,3,0,109.83
261,3,1,113.59
261,3,2,105.95
261,3,4,686.34
261,4,0,686.34
261,4,1,686.34
261,4,2,686.34
261,4,3,686.34
262,0,1,124.61
262,0,2,114.44
262,0,3,125.39
262,0,4,440.72
262,1,0,107.53
262,1,2,105.9
262,1,3,125.47
262,1,4,440.72
262,2,0,108.29
262,2,1,111.62
262,2,3,113.13
262,2,4,440.72
262,3,0,106.8
262,3,1,119.81
262,3,2,122.16
262,3,4,440.72
262,4,0,440.72
262,4,1,440.72
262,4,2,440.72
262,4,3,440.72
263,0,1,117.29
263,0,2,115.77
263,0,3,117.06
263,0,4,305.27
263,1,0,120.31
263,1,2,122.65
263,1,3,118.9
263,1,4,305.27
263,2,0,117.1
263,2,1,127.89
263,2,3,126.2
263,2,4,305.27
263,3,0,129.35
263,3,1,122.8
263,3,2,112.09
263,3,4,305.27
263,4,0,305.27
263,4,1,305.27
263,4,2,305.27
263,4,3,305.27
264,0,1,132.79
264,0,2,114.68
264,0,3,125.83
264,0,4,531.73
264,1,0,122.1
264,1,2,128.76
264,1,3,125.07
264,1,4,531.73
264,2,0,116.58
264,2,1,123.17
264,2,3,124.02
264,2,4,531.73
264,3,0,120.09
264,3,1,116.7
264,3,2,125.07
264,3,4,531.73
264,4,0,531.73
264,4,1,531.73
264,4,2,531.73
264,4,3,531.73
265,0,1,127.37
265,0,2,123.78
265,0,3,136.01
265,0,4,699.22
265,1,0,130.54
265,1,2,118.71
265,1,3,126.07
265,1,4,699.22
265,2,0,119.28
265,2,1,131.07
265,2,3,136.11
265,2,4,699.22
265,3,0,132.02
265,3,1,125.74
265,3,2,118.01
265,3,4,699.22
265,4,0,699.22
265,4,1,699.22
265,4,2,699.22
265,4,3,699.22
266,0,1,121.31
266,0,2,132.42
266,0,3,135.71
266,0,4,496.45
266,1,0,120.8
266,1,2,126.62
266,1,3,135.32
266,1,4,496.45
266,2,0,130.0
266,2,1,129.13
266,2,3,134.42
266,2,4,496.45
266,3,0,138.96
266,3,1,135.71
266,3,2,125.53
266,3,4,496.45
266,4,0,496.45
266,4,1,496.45
266,4,2,496.45
266,4,3,496.45
267,0,1,124.09
267,0,2,132.33
267,0,3,126.24
267,0,4,300.28
267,1,0,142.67
267,1,2,139.04
267,1,3,135.35
267,1,4,300.28
267,2,0,124.51
267,2,1,132.97
267,2,3,139.89
267,2,4,300.28
267,3,0,125.51
267,3,1,128.48
267,3,2,140.02
267,3,4,300.28
267,4,0,300.28
267,4,1,300.28
267,4,2,300.28
267,4,3,300.28
268,0,1,134.69
268,0,2,141.91
268,0,3,130.98
268,0,4,475.29
268,1,0,135.46
268,1,2,141.74
268,1,3,143.0
268,1,4,475.29
268,2,0,127.45
268,2,1,128.66
268,2,3,144.44
268,2,4,475.29
268,3,0,135.68
268,3,1,145.63
268,3,2,141.16
268,3,4,475.29
268,4,0,475.29
268,4,1,475.29
268,4,2,475.29
268,4,3,475.29
269,0,1,135.3
269,0,2,141.25
269,0,3,143.51
269,0,4,696.22
269,1,0,131.75
269,1,2,136.38
269,1,3,134.43
269,1,4,696.22
269,2,0,143.45
269,2,1,139.05
269,2,3,136.0
269,2,4,696.22
269,3,0,137.89
269,3,1,131.3
269,3,2,145.81
269,3,4,696.22
269,4,0,696.22
269,4,1,696.22
269,4,2,696.22
269,4,3,696.22
270,0,1,144.43
270,0,2,131.59
270,0,3,149.12
270,0,4,552.47
270,1,0,149.89
270,1,2,139.4
270,1,3,149.13
270,1,4,552.47
270,2,0,137.47
270,2,1,136.11
270,2,3,132.73
270,2,4,552.47
270,3,0,138.59
270,3,1,146.23
270,3,2,145.75
270,3,4,552.47
270,4,0,552.47
270,4,1,552.47
270,4,2,552.47
270,4,3,552.47
271,0,1,136.43
271,0,2,143.79
271,0,3,146.29
271,0,4,311.2
271,1,0,133.08
271,1,2,134.79
271,1,3,134.91
271,1,4,311.2
271,2,0,137.22
271,2,1,138.5
271,2,3,136.7
271,2,4,311.2
271,3,0,134.68
271,3,1,151.61
271,3,2,145.97
271,3,4,311.2
271,4,0,311.2
271,4,1,311.2
271,4,2,311.2
271,4,3,311.2
272,0,1,151.71
272,0,2,137.18
272,0,3,147.71
272,0,4,420.82
272,1,0,145.91
272,1,2,153.93
272,1,3,152.5
272,1,4,420.82
272,2,0,139.65
272,2,1,143.92
272,2,3,153.31
272,2,4,420.82
272,3,0,153.04
272,3,1,140.11
272,3,2,143.12
272,3,4,420.82
272,4,0,420.82
272,4,1,420.82
272,4,2,420.82
272,4,3,420.82
273,0,1,151.54
273,0,2,143.65
273,0,3,142.65
273,0,4,677.6
273,1,0,155.11
273,1,2,141.29
273,1,3,144.81
273,1,4,677.6
273,2,0,154.57
273,2,1,148.2
273,2,3,139.57
273,2,4,677.6
273,3,0,138.88
273,3,1,151.37
273,3,2,140.37
273,3,4,677.6
273,4,0,677.6
273,4,1,677.6
273,4,2,677.6
273,4,3,677.6
274,0,1,148.49
274,0,2,142.08
274,0,3,145.98
274,0,4,604.31
274,1,0,140.04
274,1,2,149.87
274,1,3,155.72
274,1,4,604.31
274,2,0,142.39
274,2,1,151.07
274,2,3,155.16
274,2,4,604.31
274,3,0,147.37
274,3,1,155.86
274,3,2,146.88
274,3,4,604.31
274,4,0,604.31
274,4,1,604.31
274,4,2,604.31
274,4,3,604.31
275,0,1,137.84
275,0,2,156.86
275,0,3,154.14
275,0,4,337.16
275,1,0,149.12
275,1,2,156.48
275,1,3,144.96
275,1,4,337.16
275,2,0,145.79
275,2,1,150.42
275,2,3,156.95
275,2,4,337.16
275,3,0,148.47
275,3,1,157.0
275,3,2,139.39
275,3,4,337.16
275,4,0,337.16
275,4,1,337.16
275,4,2,337.16
275,4,3,337.16
276,0,1,145.82
276,0,2,141.95
276,0,3,152.05
276,0,4,372.66
276,1,0,150.75
276,1,2,145.32
276,1,3,139.83
276,1,4,372.66
276,2,0,152.84
276,2,1,140.93
276,2,3,142.0
276,2,4,372.66
276,3,0,149.99
276,3,1,147.92
276,3,2,139.39
276,3,4,372.66
276,4,0,372.66
276,4,1,372.66
276,4,2,372.66
276,4,3,372.66
277,0,1,158.05
277,0,2,138.87
277,0,3,139.25
277,0,4,644.83
277,1,0,138.99
277,1,2,140.5
277,1,3,154.28
277,1,4,644.83
277,2,0,147.3
277,2,1,151.69
277,2,3,155.62
277,2,4,644.83
277,3,0,149.72
277,3,1,156.63
277,3,2,138.87
277,3,4,644.83
277,4,0,644.83
277,4,1,644.83
277,4,2,644.83
277,4,3,644.83
278,0,1,151.81
278,0,2,140.39
278,0,3,141.23
278,0,4,647.83
278,1,0,143.93
278,1,2,153.66
278,1,3,146.91
278,1,4,647.83
278,2,0,149.6
278,2,1,154.14
278,2,3,139.91
278,2,4,647.83
278,3,0,153.77
278,3,1,142.19
278,3,2,153.87
278,3,4,647.83
278,4,0,647.83
278,4,1,647.83
278,4,2,647.83
278,4,3,647.83
279,0,1,156.61
279,0,2,148.61
279,0,3,139.84
279,0,4,376.09
279,1,0,152.95
279,1,2,152.38
279,1,3,148.95
279,1,4,376.09
279,2,0,139.51
279,2,1,139.92
279,2,3,145.39
279,2,4,376.09
279,3,0,148.16
279,3,1,145.87
279,3,2,155.61
279,3,4,376.09
279,4,0,376.09
279,4,1,376.09
279,4,2,376.09
279,4,3,376.09
280,0,1,136.39
280,0,2,145.81
280,0,3,136.2
280,0,4,334.64
280,1,0,137.86
280,1,2,149.11
280,1,3,153.81
280,1,4,334.64
280,2,0,152.22
280,2,1,151.52
280,2,3,149.92
280,2,4,334.64
280,3,0,148.87
280,3,1,146.54
280,3,2,144.31
280,3,4,334.64
280,4,0,334.64
280,4,1,334.64
280,4,2,334.64
280,4,3,334.64
281,0,1,153.75
281,0,2,147.29
281,0,3,150.4
281,0,4,600.52
281,1,0,134.84
281,1,2,139.46
281,1,3,137.1
281,1,4,600.52
281,2,0,136.66
281,2,1,141.98
281,2,3,149.97
281,2,4,600.52
281,3,0,139.13
281,3,1,150.15
281,3,2,147.93
281,3,4,600.52
281,4,0,600.52
281,4,1,600.52
281,4,2,600.52
281,4,3,600.52
282,0,1,142.62
282,0,2,136.66
282,0,3,146.53
282,0,4,679.58
282,1,0,146.03
282,1,2,138.83
282,1,3,141.82
282,1,4,679.58
282,2,0,149.23
282,2,1,148.3
282,2,3,134.0
282,2,4,679.58
282,3,0,151.63
282,3,1,136.65
282,3,2,148.84
282,3,4,679.58
282,4,0,679.58
282,4,1,679.58
282,4,2,679.58
282,4,3,679.58
283,0,1,137.77
283,0,2,135.22
283,0,3,144.79
283,0,4,424.89
283,1,0,146.83
283,1,2,137.77
283,1,3,133.21
283,1,4,424.89
283,2,0,148.65
283,2,1,138.76
283,2,3,135.66
283,2,4,424.89
283,3,0,140.94
283,3,1,149.06
283,3,2,134.15
283,3,4,424.89
283,4,0,424.89
283,4,1,424.89
283,4,2,424.89
283,4,3,424.89
284,0,1,141.77
284,0,2,148.64
284,0,3,133.18
284,0,4,309.79
284,1,0,142.98
284,1,2,130.33
284,1,3,131.86
284,1,4,309.79
284,2,0,138.3
284,2,1,132.56
284,2,3,136.0
284,2,4,309.79
284,3,0,141.21
284,3,1,144.92
284,3,2,141.89
284,3,4,309.79
284,4,0,309.79
284,4,1,309.79
284,4,2,309.79
284,4,3,309.79
285,0,1,143.95
285,0,2,136.59
285,0,3,146.72
285,0,4,548.2
285,1,0,143.55
285,1,2,132.39
285,1,3,141.41
285,1,4,548.2
285,2,0,131.74
285,2,1,133.35
285,2,3,138.4
285,2,4,548.2
285,3,0,138.64
285,3,1,129.79
285,3,2,138.28
285,3,4,548.2
285,4,0,548.2
285,4,1,548.2
285,4,2,548.2
285,4,3,548.2
286,0,1,124.98
286,0,2,134.93
286,0,3,133.89
286,0,4,697.03
286,1,0,140.73
286,1,2,133.36
286,1,3,129.12
286,1,4,697.03
286,2,0,124.56
286,2,1,138.94
286,2,3,143.31
286,2,4,697.03
286,3,0,130.22
286,3,1,137.26
286,3,2,126.12
286,3,4,697.03
286,4,0,697.03
286,4,1,697.03
286,4,2,697.03
286,4,3,697.03
287,0,1,122.16
287,0,2,130.76
287,0,3,137.1
287,0,4,479.67
287,1,0,129.78
287,1,2,137.47
287,1,3,129.08
287,1,4,479.67
287,2,0,134.34
287,2,1,138.88
287,2,3,123.08
287,2,4,479.67
287,3,0,128.33
287,3,1,122.32
287,3,2,130.19
287,3,4,479.67
287,4,0,479.67
287,4,1,479.67
287,4,2,479.67
287,4,3,479.67
288,0,1,120.54
288,0,2,136.54
288,0,3,133.64
288,0,4,300.1
288,1,0,137.83
288,1,2,132.41
288,1,3,136.68
288,1,4,300.1
288,2,0,126.23
288,2,1,131.3
288,2,3,126.23
288,2,4,300.1
288,3,0,130.1
288,3,1,120.26
288,3,2,133.11
288,3,4,300.1
288,4,0,300.1
288,4,1,300.1
288,4,2,300.1
288,4,3,300.1
289,0,1,134.88
289,0,2,127.7
289,0,3,135.28
289,0,4,492.04
289,1,0,131.0
289,1,2,120.61
289,1,3,123.15
289,1,4,492.04
289,2,0,129.71
289,2,1,121.64
289,2,3,117.37
289,2,4,492.04
289,3,0,125.83
289,3,1,126.63
289,3,2,118.55
289,3,4,492.04
289,4,0,492.04
289,4,1,492.04
289,4,2,492.04
289,4,3,492.04
290,0,1,129.24
290,0,2,132.15
290,0,3,129.42
290,0,4,698.78
290,1,0,114.56
290,1,2,131.08
290,1,3,122.4
290,1,4,698.78
290,2,0,131.2
290,2,1,119.01
290,2,3,132.38
290,2,4,698.78
290,3,0,118.76
290,3,1,127.19
290,3,2,123.17
290,3,4,698.78
290,4,0,698.78
290,4,1,698.78
290,4,2,698.78
290,4,3,698.78
291,0,1,121.22
291,0,2,113.03
291,0,3,117.32
291,0,4,536.08
291,1,0,123.28
291,1,2,116.22
291,1,3,111.65
291,1,4,536.08
291,2,0,115.03
291,2,1,129.34
291,2,3,123.28
291,2,4,536.08
291,3,0,117.24
291,3,1,123.31
291,3,2,116.91
291,3,4,536.08
291,4,0,536.08
291,4,1,536.08
291,4,2,536.08
291,4,3,536.08
292,0,1,110.2
292,0,2,123.35
292,0,3,111.0
292,0,4,306.33
292,1,0,117.25
292,1,2,126.98
292,1,3,122.96
292,1,4,306.33
292,2,0,114.63
292,2,1,116.68
292,2,3,110.89
292,2,4,306.33
292,3,0,121.8
292,3,1,113.27
292,3,2,127.03
292,3,4,306.33
292,4,0,306.33
292,4,1,306.33
292,4,2,306.33
292,4,3,306.33
293,0,1,105.63
293,0,2,111.14
293,0,3,107.34
293,0,4,436.52
293,1,0,108.5
293,1,2,116.06
293,1,3,105.5
293,1,4,436.52
293,2,0,111.68
293,2,1,112.27
293,2,3,115.6
293,2,4,436.52
293,3,0,110.84
293,3,1,123.22
293,3,2,112.9
293,3,4,436.52
293,4,0,436.52
293,4,1,436.52
293,4,2,436.52
293,4,3,436.52
294,0,1,116.92
294,0,2,121.66
294,0,3,108.77
294,0,4,684.69
294,1,0,111.63
294,1,2,107.94
294,1,3,121.03
294,1,4,684.69
294,2,0,113.62
294,2,1,105.09
294,2,3,113.45
294,2,4,684.69
294,3,0,110.99
294,3,1,115.93
294,3,2,116.78
294,3,4,684.69
294,4,0,684.69
294,4,1,684.69
294,4,2,684.69
294,4,3,684.69
295,0,1,116.43
295,0,2,108.53
295,0,3,101.46
295,0,4,589.61
295,1,0,112.44
295,1,2,111.28
295,1,3,104.06
295,1,4,589.61
295,2,0,105.17
295,2,1,100.07
295,2,3,110.38
295,2,4,589.61
295,3,0,113.05
295,3,1,101.36
295,3,2,109.85
295,3,4,589.61
295,4,0,589.61
295,4,1,589.61
295,4,2,589.61
295,4,3,589.61
296,0,1,104.46
296,0,2,100.19
296,0,3,114.31
296,0,4,327.98
296,1,0,104.69
296,1,2,102.93
296,1,3,104.26
296,1,4,327.98
296,2,0,114.72
296,2,1,98.99
296,2,3,111.79
296,2,4,327.98
296,3,0,117.09
296,3,1,113.31
296,3,2,103.01
296,3,4,327.98
296,4,0,327.98
296,4,1,327.98
296,4,2,327.98
296,4,3,327.98
297,0,1,106.78
297,0,2,96.75
297,0,3,99.19
297,0,4,386.06
297,1,0,112.38
297,1,2,114.77
297,1,3,96.36
297,1,4,386.06
297,2,0,110.16
297,2,1,96.8
297,2,3,103.22
297,2,4,386.06
297,3,0,103.32
297,3,1,106.15
297,3,2,109.24
297,3,4,386.06
297,4,0,386.06
297,4,1,386.06
297,4,2,386.06
297,4,3,386.06
298,0,1,93.87
298,0,2,109.55
298,0,3,109.72
298,0,4,655.9
298,1,0,104.21
298,1,2,102.3
298,1,3,93.56
298,1,4,655.9
298,2,0,98.28
298,2,1,112.15
298,2,3,109.71
298,2,4,655.9
298,3,0,106.1
298,3,1,110.88
298,3,2,101.37
298,3,4,655.9
298,4,0,655.9
298,4,1,655.9
298,4,2,655.9
298,4,3,655.9
299,0,1,111.12
299,0,2,92.57
299,0,3,106.15
299,0,4,636.0
299,1,0,102.55
299,1,2,108.6
299,1,3,103.8
299,1,4,636.0
299,2,0,105.12
299,2,1,93.63
299,2,3,101.49
299,2,4,636.0
299,3,0,108.14
299,3,1,94.49
299,3,2,92.41
299,3,4,636.0
299,4,0,636.0
299,4,1,636.0
299,4,2,636.0
299,4,3,636.0
