t_idx,node_idx,fk_total_ripple,fk_max_impact,fk_max_impact_node,ik_strain_energy,ik_max_adjust,ik_max_adjust_node
0,0,25.7250,8.5000,1,49.9900,0.0000,0
0,1,18.5000,8.5000,4,29.0242,4.9344,0
0,2,18.5000,8.5000,3,49.9900,0.0000,0
0,3,10.0000,0.0000,0,29.0242,4.9344,2
0,4,10.0000,0.0000,0,22.2746,3.7869,1
0,5,18.5000,8.5000,6,49.9900,0.0000,0
0,6,10.0000,0.0000,0,29.0242,4.9344,5
0,7,10.0000,0.0000,0,49.9900,0.0000,0
0,8,10.0000,0.0000,0,49.9900,0.0000,0
1,0,25.7250,8.5000,1,49.9900,0.0000,0
1,1,18.5000,8.5000,4,29.0242,4.9344,0
1,2,18.5000,8.5000,3,49.9900,0.0000,0
1,3,10.0000,0.0000,0,29.0242,4.9344,2
1,4,10.0000,0.0000,0,22.2746,3.7869,1
1,5,18.5000,8.5000,6,49.9900,0.0000,0
1,6,10.0000,0.0000,0,29.0242,4.9344,5
1,7,10.0000,0.0000,0,49.9900,0.0000,0
1,8,10.0000,0.0000,0,49.9900,0.0000,0
2,0,25.7250,8.5000,1,0.0000,-15.0586,1
2,1,18.5000,8.5000,4,0.0000,-15.2472,0
2,2,18.5000,8.5000,3,0.0004,77.5335,1
2,3,10.0000,0.0000,0,0.0162,-516.8638,1
2,4,10.0000,0.0000,0,0.0052,291.7076,1
2,5,18.5000,8.5000,6,0.0000,23.7482,1
2,6,10.0000,0.0000,0,0.0015,-158.3207,1
2,7,10.0000,0.0000,0,0.0000,0.0000,0
2,8,10.0000,0.0000,0,0.0000,0.0000,0
3,0,25.7250,8.5000,1,0.0000,-14.8015,1
3,1,18.5000,8.5000,4,0.0001,-15.8222,0
3,2,18.5000,6.6011,7,0.0001,30.5905,1
3,3,10.0000,0.0000,0,0.0008,-79.7470,1
3,4,10.0000,0.0000,0,0.0087,263.9373,1
3,5,18.5000,8.5000,6,0.0001,24.7626,1
3,6,10.0000,0.0000,0,0.0034,-165.0829,1
3,7,10.0000,0.0000,0,0.0021,130.3917,1
3,8,10.0000,0.0000,0,0.0317,507.3098,1
4,0,25.7250,8.5000,1,0.0000,-10.5318,1
4,1,18.5000,8.5000,4,0.0002,-21.5241,0
4,2,18.5000,8.5000,3,0.0006,43.9697,1
4,3,10.0000,0.0000,0,0.0014,-71.8200,1
4,4,10.0000,0.0000,0,0.0017,-77.2070,0
4,5,31.8663,8.5000,6,0.0000,-11.1045,6
4,6,25.7250,8.5000,2,0.0009,-56.0395,0
4,7,10.0000,0.0000,0,0.0013,-67.9261,0
4,8,10.0000,0.0000,0,0.0200,-264.2813,0
5,0,25.7250,8.5000,1,0.0003,-25.8949,1
5,1,18.5000,8.5000,4,0.0001,-4.1059,5
5,2,28.6809,6.4743,0,0.0002,-20.0355,1
5,3,10.0000,0.0000,0,0.0006,-32.5975,1
5,4,10.0000,0.0000,0,0.0001,12.3589,1
5,5,39.2219,8.5000,6,0.0002,-18.8841,1
5,6,34.3788,8.5000,2,0.0007,-36.8622,1
5,7,10.0000,0.0000,0,0.0004,-28.7112,1
5,8,10.0000,0.0000,0,0.0067,-111.7111,1
6,0,25.7250,8.5000,1,0.0002,-11.9623,5
6,1,18.5000,8.5000,4,0.0001,-5.2313,5
6,2,18.5000,8.5000,3,0.0002,-10.7619,1
6,3,10.0000,0.0000,0,0.0001,-7.2554,1
6,4,10.0000,0.0000,0,0.0001,7.9172,1
6,5,31.8663,8.5000,6,0.0002,-9.7263,1
6,6,25.7250,8.5000,2,0.0001,6.3817,5
6,7,10.0000,0.0000,0,0.0001,-11.5822,1
6,8,10.0000,0.0000,0,0.0018,-45.0644,1
7,0,25.7250,8.5000,1,0.0314,-22.9346,4
7,1,18.5000,8.5000,4,0.0149,-15.4183,4
7,2,18.5000,8.5000,3,0.0066,-10.6087,4
7,3,10.0000,0.0000,0,0.0005,-9.4656,1
7,4,10.0000,0.0000,0,0.0109,10.1810,3
7,5,31.8663,8.5000,6,0.0572,-32.1817,4
7,6,25.7250,8.5000,2,0.0071,-11.0260,4
7,7,10.0000,0.0000,0,0.1944,-57.6192,4
7,8,10.0000,0.0000,0,2.9434,-224.1837,4
8,0,25.7250,8.5000,1,0.0576,-17.3331,3
8,1,18.5000,8.5000,4,0.0021,-7.9935,4
8,2,21.8840,4.4621,7,0.0619,15.3897,8
8,3,10.0000,0.0000,0,0.0425,-15.2084,8
8,4,10.0000,0.0000,0,0.0778,-22.3021,8
8,5,34.3112,8.5000,6,0.5404,56.8434,8
8,6,28.6014,8.5000,2,0.0805,19.7626,8
8,7,10.0000,0.0000,0,0.0604,-24.1679,8
8,8,10.0000,0.0000,0,0.0137,-4.6866,3
9,0,25.7250,8.5000,1,0.0660,15.4972,8
9,1,18.5000,8.5000,4,0.0150,-14.9312,4
9,2,29.2153,6.8142,0,0.0961,-19.9997,3
9,3,10.0000,0.0000,0,0.0266,-7.6777,8
9,4,10.0000,0.0000,0,0.0071,5.6554,5
9,5,39.6080,8.5000,6,0.0375,-13.9117,3
9,6,34.8330,8.5000,2,0.0502,-14.9864,3
9,7,10.0000,0.0000,0,0.1400,-22.0469,8
9,8,10.0000,0.0000,0,0.0196,-6.1786,3
10,0,25.7250,8.5000,1,0.0518,-34.2255,4
10,1,18.5000,8.5000,4,0.0091,-14.8425,4
10,2,18.5000,8.5000,3,0.0073,-14.2771,4
10,3,10.0000,0.0000,0,0.0058,-12.1045,4
10,4,10.0000,0.0000,0,0.0086,-8.3946,8
10,5,31.8663,8.5000,6,0.0195,20.2000,4
10,6,25.7250,8.5000,2,0.0137,16.0566,4
10,7,10.0000,0.0000,0,0.0100,-23.7906,8
10,8,10.0000,0.0000,0,0.0041,-5.6841,4
11,0,25.7250,8.5000,1,0.0062,-17.3538,4
11,1,18.5000,8.5000,4,0.0034,-9.3841,4
11,2,28.0798,6.0921,0,0.0012,8.7027,5
11,3,10.0000,0.0000,0,0.0036,-9.5209,4
11,4,10.0000,0.0000,0,0.0023,-7.8719,8
11,5,38.7877,8.5000,6,0.0055,15.2667,4
11,6,33.8678,8.5000,2,0.0063,14.1862,4
11,7,10.0000,0.0000,0,0.0091,-22.4059,8
11,8,10.0000,0.0000,0,0.0014,-3.4792,7
12,0,25.7250,8.5000,1,0.0205,-26.9525,4
12,1,18.5000,8.5000,4,0.0042,-11.0243,8
12,2,23.6757,3.8062,7,0.0049,13.5803,5
12,3,10.0000,0.0000,0,0.0033,-9.6390,4
12,4,10.0000,0.0000,0,0.0022,-8.3377,8
12,5,35.6057,8.5000,6,0.0044,13.8792,4
12,6,30.1244,8.5000,2,0.0062,14.9983,4
12,7,10.0000,0.0000,0,0.0085,-23.0732,8
12,8,10.0000,0.0000,0,0.0015,-3.4375,7
13,0,25.7250,8.5000,1,0.0065,-17.0074,8
13,1,18.5000,8.5000,4,0.0038,-11.8492,8
13,2,30.0498,7.3449,0,0.0048,13.4148,5
13,3,10.0000,0.0000,0,0.0038,-11.8171,4
13,4,10.0000,0.0000,0,0.0017,-5.9360,3
13,5,40.2110,8.5000,6,0.0048,13.5634,4
13,6,35.5423,8.5000,2,0.0067,15.7636,4
13,7,10.0000,0.0000,0,0.0079,-21.4774,8
13,8,10.0000,0.0000,0,0.0009,-3.5471,7
14,0,25.7250,8.5000,1,0.0034,-19.6878,8
14,1,18.5000,8.5000,4,0.0024,-12.4206,8
14,2,30.5438,7.6590,0,0.0034,13.6851,5
14,3,10.0000,0.0000,0,0.0018,-9.7737,4
14,4,10.0000,0.0000,0,0.0012,-9.5630,8
14,5,40.5679,8.5000,6,0.0021,11.1044,4
14,6,35.9622,8.5000,2,0.0027,12.6977,4
14,7,10.0000,0.0000,0,0.0063,-24.0541,8
14,8,10.0000,0.0000,0,0.0009,-3.4551,7
15,0,25.7250,8.5000,1,0.0206,-28.1613,4
15,1,18.5000,8.5000,4,0.0023,-9.6708,8
15,2,18.5000,8.5000,3,0.0035,13.5081,5
15,3,10.0000,0.0000,0,0.0030,-11.1897,4
15,4,10.0000,0.0000,0,0.0014,-10.3945,8
15,5,31.8663,8.5000,6,0.0023,11.1259,4
15,6,25.7250,8.5000,2,0.0030,12.6237,4
15,7,10.0000,0.0000,0,0.0068,-24.0515,8
15,8,10.0000,0.0000,0,0.0010,-3.4940,7
16,0,25.7250,8.5000,1,0.0210,-29.5614,8
16,1,18.5000,8.5000,4,0.0029,-11.1958,8
16,2,21.9352,4.4131,7,0.0037,13.5330,5
16,3,10.0000,0.0000,0,0.0029,-12.1542,4
16,4,10.0000,0.0000,0,0.0015,-10.4596,8
16,5,34.3482,8.5000,6,0.0025,11.1008,4
16,6,28.6449,8.5000,2,0.0031,12.6403,4
16,7,10.0000,0.0000,0,0.0048,-21.2552,8
16,8,10.0000,0.0000,0,0.0011,-3.5430,7
17,0,25.7250,8.5000,1,0.0151,-27.4266,4
17,1,18.5000,8.5000,4,0.0021,-10.7890,8
17,2,18.5000,8.5000,3,0.0034,-13.9224,8
17,3,10.0000,0.0000,0,0.0021,-10.3714,4
17,4,10.0000,0.0000,0,0.0016,-10.4835,8
17,5,31.8663,8.5000,6,0.0019,11.5738,4
17,6,25.7250,8.5000,2,0.0023,12.2172,4
17,7,10.0000,0.0000,0,0.0066,-24.3615,8
17,8,10.0000,0.0000,0,0.0011,-3.4331,7
18,0,25.7250,8.5000,1,0.0058,-23.6918,8
18,1,18.5000,8.5000,4,0.0044,-19.4461,8
18,2,29.7119,7.1300,0,0.0040,-18.1716,8
18,3,10.0000,0.0000,0,0.0012,-11.2660,4
18,4,10.0000,0.0000,0,0.0016,-10.7828,8
18,5,39.9668,8.5000,6,0.0014,11.9536,4
18,6,35.2551,8.5000,2,0.0020,11.2456,4
18,7,10.0000,0.0000,0,0.0068,-24.8747,8
18,8,10.0000,0.0000,0,0.0011,-3.3981,7
19,0,25.7250,8.5000,1,0.0065,-24.3625,8
19,1,18.5000,8.5000,4,0.0045,-19.2659,8
19,2,29.0475,6.7075,0,0.0049,-20.6607,8
19,3,10.0000,0.0000,0,0.0010,-11.4017,4
19,4,10.0000,0.0000,0,0.0019,-11.7803,8
19,5,39.4868,8.5000,6,0.0012,12.3431,4
19,6,34.6904,8.5000,2,0.0023,-11.3679,8
19,7,10.0000,0.0000,0,0.0077,-25.7205,8
19,8,10.0000,0.0000,0,0.0012,-3.4044,7
20,0,25.7250,8.5000,1,0.0058,-22.6176,8
20,1,18.5000,8.5000,4,0.0049,-19.6272,8
20,2,30.3634,7.5443,0,0.0050,-20.4735,8
20,3,10.0000,0.0000,0,0.0010,-11.4941,4
20,4,10.0000,0.0000,0,0.0020,-11.8007,8
20,5,40.4376,8.5000,6,0.0012,12.3220,4
20,6,35.8089,8.5000,2,0.0023,-11.1506,8
20,7,10.0000,0.0000,0,0.0080,-25.6540,8
20,8,10.0000,0.0000,0,0.0012,-3.4216,7
21,0,25.7250,8.5000,1,0.0059,-25.3073,8
21,1,18.5000,8.5000,4,0.0022,-14.7918,8
21,2,23.4436,4.0001,7,0.0024,-16.0442,8
21,3,10.0000,0.0000,0,0.0010,-11.8187,4
21,4,10.0000,0.0000,0,0.0012,-9.8610,8
21,5,35.4380,8.5000,6,0.0012,12.2205,4
21,6,29.9271,8.5000,2,0.0016,10.9232,5
21,7,10.0000,0.0000,0,0.0034,-20.0131,8
21,8,10.0000,0.0000,0,0.0009,-3.4441,7
22,0,25.7250,8.5000,1,0.0085,-30.3508,4
22,1,18.5000,8.5000,4,0.0014,-11.7418,8
22,2,18.5000,8.5000,3,0.0013,-13.0239,8
22,3,10.0000,0.0000,0,0.0008,-9.4656,4
22,4,10.0000,0.0000,0,0.0009,-8.6806,8
22,5,31.8663,8.5000,6,0.0012,12.1595,4
22,6,25.7250,8.5000,2,0.0012,11.3605,5
22,7,10.0000,0.0000,0,0.0047,-24.2254,8
22,8,10.0000,0.0000,0,0.0008,-3.3630,7
23,0,25.7250,8.5000,1,0.0022,-17.3763,8
23,1,18.5000,8.5000,4,0.0022,-16.1470,8
23,2,30.5657,7.6729,0,0.0018,-15.3989,8
23,3,10.0000,0.0000,0,0.0010,-12.3056,4
23,4,10.0000,0.0000,0,0.0010,-9.2842,8
23,5,40.5837,8.5000,6,0.0013,12.9378,4
23,6,35.9808,8.5000,2,0.0015,11.3260,5
23,7,10.0000,0.0000,0,0.0044,-24.0978,8
23,8,10.0000,0.0000,0,0.0008,-3.3219,7
24,0,25.7250,8.5000,1,0.0020,-16.3107,8
24,1,18.5000,8.5000,4,0.0023,-16.4667,8
24,2,31.8663,8.5000,0,0.0019,-15.4397,8
24,3,10.0000,0.0000,0,0.0011,-12.3252,4
24,4,10.0000,0.0000,0,0.0011,-9.4106,8
24,5,41.5234,8.5000,6,0.0014,13.0032,4
24,6,37.0863,8.5000,2,0.0016,11.3276,5
24,7,10.0000,0.0000,0,0.0044,-23.9894,8
24,8,10.0000,0.0000,0,0.0008,-3.3259,7
25,0,25.7250,8.5000,1,0.0064,-34.8997,4
25,1,18.5000,8.5000,4,0.0003,-6.9340,5
25,2,21.3926,4.5532,7,0.0009,-11.3567,8
25,3,10.0000,0.0000,0,0.0013,-13.1575,4
25,4,10.0000,0.0000,0,0.0007,-5.6890,8
25,5,33.9562,8.5000,6,0.0018,13.7833,4
25,6,28.1837,8.5000,2,0.0017,11.1051,5
25,7,10.0000,0.0000,0,0.0007,-14.4921,8
25,8,10.0000,0.0000,0,0.0006,-4.9401,4
26,0,25.7250,8.5000,1,0.0009,-14.4274,4
26,1,18.5000,8.5000,4,0.0004,-6.7940,8
26,2,29.8227,7.2004,0,0.0002,-9.1142,1
26,3,10.0000,0.0000,0,0.0012,-12.9574,4
26,4,10.0000,0.0000,0,0.0006,-5.1673,3
26,5,40.0469,8.5000,6,0.0014,13.7853,4
26,6,35.3493,8.5000,2,0.0011,11.2346,5
26,7,10.0000,0.0000,0,0.0009,-16.3146,8
26,8,10.0000,0.0000,0,0.0004,-4.7979,4
27,0,25.7250,8.5000,1,0.0101,-42.1461,4
27,1,18.5000,8.5000,4,0.0003,-6.7383,5
27,2,18.5000,8.5000,3,0.0003,-9.1177,1
27,3,10.0000,0.0000,0,0.0008,-11.5081,4
27,4,10.0000,0.0000,0,0.0005,-4.3557,3
27,5,31.8663,8.5000,6,0.0014,13.4662,4
27,6,25.7250,8.5000,2,0.0010,11.1528,5
27,7,10.0000,0.0000,0,0.0008,-16.5432,8
27,8,10.0000,0.0000,0,0.0004,-4.8379,4
28,0,25.7250,8.5000,1,0.0009,-14.4166,4
28,1,18.5000,8.5000,4,0.0004,-7.1755,8
28,2,30.0256,7.3295,0,0.0003,-8.8401,1
28,3,10.0000,0.0000,0,0.0012,-13.1119,4
28,4,10.0000,0.0000,0,0.0006,-5.2774,8
28,5,40.1935,8.5000,6,0.0015,14.1880,4
28,6,35.5218,8.5000,2,0.0013,11.6071,5
28,7,10.0000,0.0000,0,0.0009,-17.0106,8
28,8,10.0000,0.0000,0,0.0004,-4.9127,4
29,0,25.7250,8.5000,1,0.0095,-41.2403,4
29,1,18.5000,8.5000,4,0.0003,-6.7499,5
29,2,18.5000,6.9311,7,0.0002,-11.1855,1
29,3,10.0000,0.0000,0,0.0011,-12.6061,4
29,4,10.0000,0.0000,0,0.0004,-4.3980,3
29,5,31.8662,8.5000,6,0.0014,13.8953,4
29,6,25.7250,8.5000,2,0.0011,11.9214,5
29,7,10.0000,0.0000,0,0.0005,-9.8269,4
29,8,10.0000,0.0000,0,0.0002,-4.7848,4
30,0,25.7250,8.5000,1,0.0098,-41.2569,4
30,1,18.5000,8.5000,4,0.0003,-6.7622,5
30,2,18.5000,8.5000,3,0.0002,-11.1455,1
30,3,10.0000,0.0000,0,0.0009,-12.3954,4
30,4,10.0000,0.0000,0,0.0004,-4.3995,3
30,5,31.8663,8.5000,6,0.0014,13.8606,4
30,6,25.7250,8.5000,2,0.0012,11.9718,5
30,7,10.0000,0.0000,0,0.0032,-22.0686,4
30,8,10.0000,0.0000,0,0.0003,-4.9279,4
31,0,25.7250,8.5000,1,0.0010,-16.2586,4
31,1,18.5000,8.5000,4,0.0005,-7.0801,4
31,2,30.0311,7.3330,0,0.0002,-11.1334,1
31,3,10.0000,0.0000,0,0.0010,-12.6620,4
31,4,10.0000,0.0000,0,0.0005,-4.9045,3
31,5,40.1975,8.5000,6,0.0012,13.1489,4
31,6,35.5264,8.5000,2,0.0010,11.7644,5
31,7,10.0000,0.0000,0,0.0027,-20.6992,4
31,8,10.0000,0.0000,0,0.0002,-4.5308,4
32,0,25.7250,8.5000,1,0.0061,-40.3576,4
32,1,18.5000,8.5000,4,0.0002,-6.2548,5
32,2,18.5000,8.5000,3,0.0002,-11.1196,1
32,3,10.0000,0.0000,0,0.0005,-10.6581,4
32,4,10.0000,0.0000,0,0.0003,-4.0623,8
32,5,31.8663,8.5000,6,0.0007,11.3611,4
32,6,25.7250,8.5000,2,0.0006,11.2060,5
32,7,10.0000,0.0000,0,0.0015,-17.0541,4
32,8,10.0000,0.0000,0,0.0002,-3.9768,4
33,0,25.7250,8.5000,1,0.0005,-13.2800,4
33,1,18.5000,8.5000,4,0.0004,-6.3783,5
33,2,30.1459,7.4060,0,0.0002,-11.1093,1
33,3,10.0000,0.0000,0,0.0006,-11.0325,4
33,4,10.0000,0.0000,0,0.0003,-4.8179,8
33,5,40.2804,8.5000,6,0.0008,11.7068,4
33,6,35.6240,8.5000,2,0.0007,11.4556,5
33,7,10.0000,0.0000,0,0.0016,-16.7030,4
33,8,10.0000,0.0000,0,0.0002,-3.8161,4
34,0,25.7250,8.5000,1,0.0013,-20.9975,4
34,1,18.5000,8.5000,4,0.0004,-7.3852,5
34,2,25.7742,4.6259,0,0.0002,-10.5267,1
34,3,10.0000,0.0000,0,0.0006,-10.6222,4
34,4,10.0000,0.0000,0,0.0003,-4.5264,3
34,5,37.1219,8.5000,6,0.0008,12.0060,4
34,6,31.9081,8.5000,2,0.0007,11.4685,5
34,7,10.0000,0.0000,0,0.0008,-14.6079,4
34,8,10.0000,0.0000,0,0.0002,-4.0174,4
35,0,25.7250,8.5000,1,0.0067,-41.1879,4
35,1,18.5000,8.5000,4,0.0004,-7.6876,5
35,2,18.5000,8.5000,3,0.0002,-9.9777,1
35,3,10.0000,0.0000,0,0.0005,-10.2390,4
35,4,10.0000,0.0000,0,0.0003,-4.0362,3
35,5,31.8663,8.5000,6,0.0009,12.0413,4
35,6,25.7250,8.5000,2,0.0007,11.5213,5
35,7,10.0000,0.0000,0,0.0021,-21.0801,4
35,8,10.0000,0.0000,0,0.0001,-3.2040,4
36,0,25.7250,8.5000,1,0.0005,-13.4313,4
36,1,18.5000,8.5000,4,0.0006,-9.5229,4
36,2,29.5298,7.0142,0,0.0002,-9.9675,1
36,3,10.0000,0.0000,0,0.0006,-10.6471,4
36,4,10.0000,0.0000,0,0.0004,-5.1105,3
36,5,39.8353,8.5000,6,0.0009,11.9966,4
36,6,35.1004,8.5000,2,0.0007,11.4800,5
36,7,10.0000,0.0000,0,0.0021,-21.0012,4
36,8,10.0000,0.0000,0,0.0001,-3.1990,4
37,0,25.7250,8.5000,1,0.0062,-40.6216,4
37,1,18.5000,8.5000,4,0.0003,-7.4875,5
37,2,18.5000,8.5000,3,0.0001,-10.0226,1
37,3,10.0000,0.0000,0,0.0004,-10.0664,4
37,4,10.0000,0.0000,0,0.0003,-3.7196,3
37,5,31.8663,8.5000,6,0.0008,11.8351,4
37,6,25.7250,8.5000,2,0.0006,11.4011,5
37,7,10.0000,0.0000,0,0.0019,-20.5352,4
37,8,10.0000,0.0000,0,0.0001,-3.4844,4
38,0,25.7250,8.5000,1,0.0066,-40.8214,4
38,1,18.5000,8.5000,4,0.0003,-7.5506,5
38,2,18.5000,6.4074,7,0.0001,-9.6737,1
38,3,10.0000,0.0000,0,0.0006,-10.9522,4
38,4,10.0000,0.0000,0,0.0003,-4.0467,3
38,5,31.8662,8.5000,6,0.0008,12.2487,4
38,6,25.7250,8.5000,2,0.0007,11.6098,5
38,7,10.0000,0.0000,0,0.0003,-9.8854,4
38,8,10.0000,0.0000,0,0.0001,-3.6270,4
39,0,25.7250,8.5000,1,0.0068,-40.9216,4
39,1,18.5000,8.5000,4,0.0004,-7.5486,5
39,2,18.5000,8.5000,3,0.0001,-9.8046,1
39,3,10.0000,0.0000,0,0.0004,-10.0551,4
39,4,10.0000,0.0000,0,0.0003,-4.1448,3
39,5,31.8663,8.5000,6,0.0009,12.2275,4
39,6,25.7250,8.5000,2,0.0007,11.6816,5
39,7,10.0000,0.0000,0,0.0020,-20.6762,4
39,8,10.0000,0.0000,0,0.0001,-3.3035,4
40,0,25.7250,8.5000,1,0.0070,-40.7752,4
40,1,18.5000,8.5000,4,0.0005,-8.0733,5
40,2,18.5000,8.5000,3,0.0001,-9.0109,1
40,3,10.0000,0.0000,0,0.0005,-10.7839,4
40,4,10.0000,0.0000,0,0.0003,-4.0306,3
40,5,31.8663,8.5000,6,0.0009,12.5380,4
40,6,25.7250,8.5000,2,0.0008,11.8034,5
40,7,10.0000,0.0000,0,0.0020,-20.5361,4
40,8,10.0000,0.0000,0,0.0001,-3.2556,4
41,0,25.7250,8.5000,1,0.0007,-14.8535,4
41,1,18.5000,8.5000,4,0.0007,-11.2542,4
41,2,29.3877,6.9238,0,0.0001,-8.4371,1
41,3,10.0000,0.0000,0,0.0008,-11.7612,4
41,4,10.0000,0.0000,0,0.0005,-4.9404,3
41,5,39.7326,8.5000,6,0.0010,12.8955,4
41,6,34.9795,8.5000,2,0.0009,11.8893,5
41,7,10.0000,0.0000,0,0.0021,-20.5498,4
41,8,10.0000,0.0000,0,0.0001,-3.2530,4
42,0,25.7250,8.5000,1,0.0038,-31.8855,4
42,1,18.5000,8.5000,4,0.0006,-9.7890,4
42,2,22.0067,4.2114,7,0.0001,-8.4713,1
42,3,10.0000,0.0000,0,0.0008,-11.5341,4
42,4,10.0000,0.0000,0,0.0004,-4.4676,3
42,5,34.3998,8.5000,6,0.0010,12.8946,4
42,6,28.7057,8.5000,2,0.0009,11.8626,5
42,7,10.0000,0.0000,0,0.0007,-13.2492,4
42,8,10.0000,0.0000,0,0.0001,-4.1959,4
43,0,25.7250,8.5000,1,0.0006,-13.9746,4
43,1,18.5000,8.5000,4,0.0008,-11.9566,4
43,2,30.2983,7.5029,0,0.0001,-8.6615,1
43,3,10.0000,0.0000,0,0.0008,-11.7368,4
43,4,10.0000,0.0000,0,0.0005,-5.1494,3
43,5,40.3905,8.5000,6,0.0010,12.9580,4
43,6,35.7536,8.5000,2,0.0009,11.9047,5
43,7,10.0000,0.0000,0,0.0023,-21.8520,4
43,8,10.0000,0.0000,0,0.0001,-4.1774,4
44,0,25.7250,8.5000,1,0.0006,-13.8734,4
44,1,18.5000,8.5000,4,0.0008,-12.1738,4
44,2,30.3712,7.5493,0,0.0001,-8.7009,1
44,3,10.0000,0.0000,0,0.0008,-11.8779,4
44,4,10.0000,0.0000,0,0.0006,-5.1103,3
44,5,40.4432,8.5000,6,0.0010,12.9524,4
44,6,35.8155,8.5000,2,0.0009,11.9046,5
44,7,10.0000,0.0000,0,0.0023,-21.8426,4
44,8,10.0000,0.0000,0,0.0001,-4.1707,4
45,0,25.7250,8.5000,1,0.0006,-14.0865,4
45,1,18.5000,8.5000,4,0.0009,-12.5251,4
45,2,30.2025,7.4420,0,0.0001,-8.7765,1
45,3,10.0000,0.0000,0,0.0009,-12.1077,4
45,4,10.0000,0.0000,0,0.0006,-5.0661,3
45,5,40.3213,8.5000,6,0.0011,12.9561,4
45,6,35.6721,8.5000,2,0.0010,11.9032,5
45,7,10.0000,0.0000,0,0.0024,-21.8238,4
45,8,10.0000,0.0000,0,0.0001,-4.1843,4
46,0,25.7250,8.5000,1,0.0081,-41.7128,4
46,1,18.5000,8.5000,4,0.0006,-9.0362,4
46,2,18.5000,8.5000,3,0.0001,-8.6964,1
46,3,10.0000,0.0000,0,0.0007,-11.6486,4
46,4,10.0000,0.0000,0,0.0004,-4.1236,3
46,5,31.8663,8.5000,6,0.0011,12.9371,4
46,6,25.7250,8.5000,2,0.0010,11.9061,5
46,7,10.0000,0.0000,0,0.0024,-21.7668,4
46,8,10.0000,0.0000,0,0.0001,-4.0980,4
47,0,25.7250,8.5000,1,0.0027,-27.5145,4
47,1,18.5000,8.5000,4,0.0009,-11.3653,4
47,2,23.3954,3.5465,7,0.0001,-8.7182,1
47,3,10.0000,0.0000,0,0.0008,-11.9326,4
47,4,10.0000,0.0000,0,0.0005,-4.2049,3
47,5,35.4032,8.5000,6,0.0010,12.5645,4
47,6,29.8861,8.5000,2,0.0009,11.8201,5
47,7,10.0000,0.0000,0,0.0008,-14.2022,4
47,8,10.0000,0.0000,0,0.0001,-3.8349,4
48,0,25.7250,8.5000,1,0.0007,-15.0768,4
48,1,18.5000,8.5000,4,0.0011,-13.7284,4
48,2,29.0381,6.7015,0,0.0001,-8.6237,1
48,3,10.0000,0.0000,0,0.0009,-12.6263,4
48,4,10.0000,0.0000,0,0.0006,4.6218,5
48,5,39.4801,8.5000,6,0.0010,12.6260,4
48,6,34.6824,8.5000,2,0.0009,11.8121,5
48,7,10.0000,0.0000,0,0.0022,-20.9240,4
48,8,10.0000,0.0000,0,0.0001,-3.6848,4
49,0,25.7250,8.5000,1,0.0010,-17.7890,4
49,1,18.5000,8.5000,4,0.0011,-13.3786,4
49,2,27.3828,5.6488,0,0.0001,-8.5173,1
49,3,10.0000,0.0000,0,0.0010,-13.0052,4
49,4,10.0000,0.0000,0,0.0006,-4.4664,3
49,5,38.2841,8.5000,6,0.0010,12.6007,4
49,6,33.2754,8.5000,2,0.0009,11.7782,5
49,7,10.0000,0.0000,0,0.0022,-20.7834,4
49,8,10.0000,0.0000,0,0.0001,-3.5994,4
50,0,25.7250,8.5000,1,0.0006,-14.3680,4
50,1,18.5000,8.5000,4,0.0011,-13.8914,4
50,2,29.5113,7.0024,0,0.0001,-8.5487,1
50,3,10.0000,0.0000,0,0.0010,-12.7897,4
50,4,10.0000,0.0000,0,0.0006,4.6015,5
50,5,39.8219,8.5000,6,0.0010,12.5797,4
50,6,35.0846,8.5000,2,0.0009,11.7561,5
50,7,10.0000,0.0000,0,0.0022,-20.6546,4
50,8,10.0000,0.0000,0,0.0001,-3.6554,4
51,0,25.7250,8.5000,1,0.0043,-32.6983,4
51,1,18.5000,8.5000,4,0.0009,-11.2126,4
51,2,21.7072,4.3691,7,0.0001,-8.7630,1
51,3,10.0000,0.0000,0,0.0009,-12.3065,4
51,4,10.0000,0.0000,0,0.0005,-3.8240,3
51,5,34.1835,8.5000,6,0.0010,12.5869,4
51,6,28.4511,8.5000,2,0.0009,11.8410,5
51,7,10.0000,0.0000,0,0.0007,-13.3479,4
51,8,10.0000,0.0000,0,0.0001,-3.8867,4
52,0,25.7250,8.5000,1,0.0076,-41.1276,4
52,1,18.5000,8.5000,4,0.0007,-9.6237,4
52,2,18.5000,8.5000,3,0.0002,-8.9639,1
52,3,10.0000,0.0000,0,0.0007,-12.7092,4
52,4,10.0000,0.0000,0,0.0004,-3.2731,3
52,5,31.8663,8.5000,6,0.0010,12.4048,4
52,6,25.7250,8.5000,2,0.0009,11.8539,5
52,7,10.0000,0.0000,0,0.0023,-21.7479,4
52,8,10.0000,0.0000,0,0.0002,-4.8212,4
53,0,25.7250,8.5000,1,0.0003,-11.8768,4
53,1,18.5000,8.5000,4,0.0011,-14.1046,4
53,2,30.7644,7.7993,0,0.0002,8.9919,5
53,3,10.0000,0.0000,0,0.0009,-11.8233,4
53,4,10.0000,0.0000,0,0.0006,5.1647,5
53,5,40.7273,8.5000,6,0.0009,12.0633,4
53,6,36.1498,8.5000,2,0.0009,11.8929,5
53,7,10.0000,0.0000,0,0.0020,-20.7662,4
53,8,10.0000,0.0000,0,0.0002,-4.5914,4
54,0,25.7250,8.5000,1,0.0004,-12.9123,4
54,1,18.5000,8.5000,4,0.0011,-14.0009,4
54,2,29.9541,7.2840,0,0.0002,8.9807,5
54,3,10.0000,0.0000,0,0.0009,-12.1545,4
54,4,10.0000,0.0000,0,0.0006,5.0331,5
54,5,40.1418,8.5000,6,0.0010,12.1136,4
54,6,35.4610,8.5000,2,0.0009,11.8768,5
54,7,10.0000,0.0000,0,0.0021,-20.7890,4
54,8,10.0000,0.0000,0,0.0002,-4.6036,4
55,0,25.7250,8.5000,1,0.0004,-13.6120,4
55,1,18.5000,8.5000,4,0.0011,-13.5408,4
55,2,28.8241,6.5654,0,0.0003,9.3820,5
55,3,10.0000,0.0000,0,0.0009,-11.9367,4
55,4,10.0000,0.0000,0,0.0006,5.1601,5
55,5,39.3254,8.5000,6,0.0009,11.7954,4
55,6,34.5005,8.5000,2,0.0009,11.8637,5
55,7,10.0000,0.0000,0,0.0019,-19.7753,4
55,8,10.0000,0.0000,0,0.0001,-4.2635,4
56,0,25.7250,8.5000,1,0.0031,-30.0056,4
56,1,18.5000,8.5000,4,0.0009,-11.5461,4
56,2,22.0909,4.8290,7,0.0003,9.5323,5
56,3,10.0000,0.0000,0,0.0008,-10.5812,4
56,4,10.0000,0.0000,0,0.0005,4.0353,5
56,5,34.4607,8.5000,6,0.0009,11.7092,4
56,6,28.7773,8.5000,2,0.0009,11.8817,5
56,7,10.0000,0.0000,0,0.0003,-10.2723,4
56,8,10.0000,0.0000,0,0.0001,-4.2031,4
57,0,25.7250,8.5000,1,0.0004,-13.6598,4
57,1,18.5000,8.5000,4,0.0011,-13.4598,4
57,2,28.6747,6.4704,0,0.0003,9.5312,5
57,3,10.0000,0.0000,0,0.0009,-11.9455,4
57,4,10.0000,0.0000,0,0.0006,5.2775,5
57,5,39.2175,8.5000,6,0.0009,11.7469,4
57,6,34.3735,8.5000,2,0.0009,11.8837,5
57,7,10.0000,0.0000,0,0.0019,-19.5829,4
57,8,10.0000,0.0000,0,0.0001,-4.1862,4
58,0,25.7250,8.5000,1,0.0005,-14.5747,4
58,1,18.5000,8.5000,4,0.0011,-13.5357,4
58,2,28.1797,6.1556,0,0.0003,9.5429,5
58,3,10.0000,0.0000,0,0.0009,-12.0994,4
58,4,10.0000,0.0000,0,0.0007,5.3498,5
58,5,38.8598,8.5000,6,0.0010,11.8614,4
58,6,33.9527,8.5000,2,0.0010,11.9089,5
58,7,10.0000,0.0000,0,0.0019,-19.5520,4
58,8,10.0000,0.0000,0,0.0001,-4.1701,4
59,0,25.7250,8.5000,1,0.0002,-9.7894,4
59,1,18.5000,8.5000,4,0.0011,-14.1758,4
59,2,31.4607,8.2421,0,0.0003,9.3206,5
59,3,10.0000,0.0000,0,0.0008,-10.9523,4
59,4,10.0000,0.0000,0,0.0007,5.7692,5
59,5,41.2304,8.5000,6,0.0009,11.8201,4
59,6,36.7416,8.5000,2,0.0009,11.7907,5
59,7,10.0000,0.0000,0,0.0018,-19.2577,4
59,8,10.0000,0.0000,0,0.0001,-3.9700,4
60,0,25.7250,8.5000,1,0.0028,-29.0801,4
60,1,18.5000,8.5000,4,0.0009,-11.6891,4
60,2,22.2532,4.4616,7,0.0003,9.4859,5
60,3,10.0000,0.0000,0,0.0008,-10.8115,4
60,4,10.0000,0.0000,0,0.0005,4.0555,5
60,5,34.5780,8.5000,6,0.0009,11.5188,4
60,6,28.9153,8.5000,2,0.0009,11.6961,5
60,7,10.0000,0.0000,0,0.0004,-10.3163,4
60,8,10.0000,0.0000,0,0.0001,-3.8599,4
61,0,25.7250,8.5000,1,0.0004,-14.5346,4
61,1,18.5000,8.5000,4,0.0008,-12.5799,4
61,2,27.1205,5.4820,0,0.0002,9.0322,5
61,3,10.0000,0.0000,0,0.0007,-11.4676,4
61,4,10.0000,0.0000,0,0.0005,-4.5087,8
61,5,38.0946,8.5000,6,0.0007,11.0890,4
61,6,33.0524,8.5000,2,0.0007,11.3376,5
61,7,10.0000,0.0000,0,0.0012,-17.1085,4
61,8,10.0000,0.0000,0,0.0001,-3.9408,4
62,0,25.7250,8.5000,1,0.0049,-38.9396,4
62,1,18.5000,8.5000,4,0.0005,-9.3618,4
62,2,18.5000,8.5000,3,0.0001,8.1772,5
62,3,10.0000,0.0000,0,0.0004,-10.8531,4
62,4,10.0000,0.0000,0,0.0003,-3.6891,8
62,5,31.8663,8.5000,6,0.0007,11.4337,4
62,6,25.7250,8.5000,2,0.0006,11.3274,5
62,7,10.0000,0.0000,0,0.0011,-16.6599,4
62,8,10.0000,0.0000,0,0.0001,-4.0026,4
63,0,25.7250,8.5000,1,0.0044,-38.6557,4
63,1,18.5000,8.5000,4,0.0005,-8.9499,5
63,2,18.5000,8.5000,3,0.0001,-7.7409,1
63,3,10.0000,0.0000,0,0.0003,-10.4638,4
63,4,10.0000,0.0000,0,0.0003,-3.6612,8
63,5,31.8663,8.5000,6,0.0006,11.3249,4
63,6,25.7250,8.5000,2,0.0005,11.0883,5
63,7,10.0000,0.0000,0,0.0009,-15.8719,4
63,8,10.0000,0.0000,0,0.0001,-3.7302,4
64,0,25.7250,8.5000,1,0.0040,-38.8087,4
64,1,18.5000,8.5000,4,0.0004,-8.6745,5
64,2,18.5000,6.0837,7,0.0001,-7.5726,1
64,3,10.0000,0.0000,0,0.0003,-8.6864,4
64,4,10.0000,0.0000,0,0.0002,-3.7392,8
64,5,31.8663,8.5000,6,0.0006,11.2637,4
64,6,25.7250,8.5000,2,0.0004,10.7945,5
64,7,10.0000,0.0000,0,0.0001,-7.6099,4
64,8,10.0000,0.0000,0,0.0001,-4.0984,4
65,0,25.7250,8.5000,1,0.0002,-11.5498,4
65,1,18.5000,8.5000,4,0.0005,-12.0697,4
65,2,29.6139,7.0677,0,0.0001,-7.5007,1
65,3,10.0000,0.0000,0,0.0004,-9.6102,4
65,4,10.0000,0.0000,0,0.0004,-4.9673,8
65,5,39.8961,8.5000,6,0.0006,11.4322,4
65,6,35.1718,8.5000,2,0.0004,11.0090,5
65,7,10.0000,0.0000,0,0.0008,-15.0796,4
65,8,10.0000,0.0000,0,0.0001,-3.7332,4
66,0,25.7250,8.5000,1,0.0002,-10.6880,4
66,1,18.5000,8.5000,4,0.0005,-12.0909,4
66,2,30.3625,7.5437,0,0.0001,-7.5074,1
66,3,10.0000,0.0000,0,0.0004,-9.2852,4
66,4,10.0000,0.0000,0,0.0004,-5.0489,8
66,5,40.4369,8.5000,6,0.0006,11.3875,4
66,6,35.8081,8.5000,2,0.0004,10.9978,5
66,7,10.0000,0.0000,0,0.0008,-15.0194,4
66,8,10.0000,0.0000,0,0.0001,-3.7165,4
67,0,25.7250,8.5000,1,0.0002,-9.4799,4
67,1,18.5000,8.5000,4,0.0005,-12.1619,4
67,2,31.5572,8.3035,0,0.0001,-7.5333,1
67,3,10.0000,0.0000,0,0.0004,-9.0204,4
67,4,10.0000,0.0000,0,0.0004,-5.1494,8
67,5,41.3001,8.5000,6,0.0006,11.3420,4
67,6,36.8236,8.5000,2,0.0004,10.9578,5
67,7,10.0000,0.0000,0,0.0008,-14.9257,4
67,8,10.0000,0.0000,0,0.0001,-3.6489,4
68,0,25.7250,8.5000,1,0.0017,-27.4327,4
68,1,18.5000,8.5000,4,0.0005,-9.8842,4
68,2,21.8654,4.9919,7,0.0001,-7.6593,1
68,3,10.0000,0.0000,0,0.0004,-9.0339,4
68,4,10.0000,0.0000,0,0.0003,-4.0282,8
68,5,34.2978,8.5000,6,0.0006,11.3186,4
68,6,28.5856,8.5000,2,0.0004,11.0604,5
68,7,10.0000,0.0000,0,0.0002,-8.3843,4
68,8,10.0000,0.0000,0,0.0001,-3.8172,4
69,0,25.7250,8.5000,1,0.0002,-10.1735,4
69,1,18.5000,8.5000,4,0.0006,-12.0854,4
69,2,30.7532,7.7922,0,0.0001,-7.6729,1
69,3,10.0000,0.0000,0,0.0004,-9.4455,4
69,4,10.0000,0.0000,0,0.0004,-5.0668,8
69,5,40.7192,8.5000,6,0.0006,11.3399,4
69,6,36.1402,8.5000,2,0.0004,11.0848,5
69,7,10.0000,0.0000,0,0.0008,-14.9328,4
69,8,10.0000,0.0000,0,0.0001,-3.5838,4
70,0,25.7250,8.5000,1,0.0002,-11.3377,4
70,1,18.5000,8.5000,4,0.0006,-11.9367,4
70,2,29.5892,7.0520,0,0.0001,-7.6748,1
70,3,10.0000,0.0000,0,0.0004,-9.8226,4
70,4,10.0000,0.0000,0,0.0004,-4.9716,8
70,5,39.8782,8.5000,6,0.0006,11.2969,4
70,6,35.1508,8.5000,2,0.0005,11.0690,5
70,7,10.0000,0.0000,0,0.0008,-14.8546,4
70,8,10.0000,0.0000,0,0.0001,-3.5977,4
71,0,25.7250,8.5000,1,0.0003,-12.6774,4
71,1,18.5000,8.5000,4,0.0006,-11.9809,4
71,2,28.5148,6.3687,0,0.0001,-7.5341,1
71,3,10.0000,0.0000,0,0.0004,-10.2457,4
71,4,10.0000,0.0000,0,0.0004,-4.8586,8
71,5,39.1019,8.5000,6,0.0006,11.3493,4
71,6,34.2375,8.5000,2,0.0004,11.0127,5
71,7,10.0000,0.0000,0,0.0008,-14.8025,4
71,8,10.0000,0.0000,0,0.0001,-3.5945,4
72,0,25.7250,8.5000,1,0.0042,-38.5591,4
72,1,18.5000,8.5000,4,0.0004,-8.8278,5
72,2,18.5000,8.5000,3,0.0001,-7.5803,1
72,3,10.0000,0.0000,0,0.0003,-10.1800,4
72,4,10.0000,0.0000,0,0.0003,-3.6264,8
72,5,31.8663,8.5000,6,0.0006,11.2748,4
72,6,25.7250,8.5000,2,0.0004,10.9968,5
72,7,10.0000,0.0000,0,0.0008,-14.6441,4
72,8,10.0000,0.0000,0,0.0001,-3.5725,4
73,0,25.7250,8.5000,1,0.0042,-38.5385,4
73,1,18.5000,8.5000,4,0.0004,-8.8893,5
73,2,18.5000,6.5988,7,0.0001,-7.5612,1
73,3,10.0000,0.0000,0,0.0004,-9.1979,4
73,4,10.0000,0.0000,0,0.0003,-3.5580,8
73,5,31.8662,8.5000,6,0.0006,11.2637,4
73,6,25.7250,8.5000,2,0.0004,10.9995,5
73,7,10.0000,0.0000,0,0.0001,-6.8819,4
73,8,10.0000,0.0000,0,0.0001,-3.8282,4
74,0,25.7250,8.5000,1,0.0002,-9.7540,4
74,1,18.5000,8.5000,4,0.0006,-12.2899,4
74,2,31.1116,8.0201,0,0.0001,-7.5043,1
74,3,10.0000,0.0000,0,0.0004,-9.3625,4
74,4,10.0000,0.0000,0,0.0004,-5.0195,8
74,5,40.9781,8.5000,6,0.0006,11.3540,4
74,6,36.4448,8.5000,2,0.0005,11.0274,5
74,7,10.0000,0.0000,0,0.0008,-14.9926,4
74,8,10.0000,0.0000,0,0.0001,-3.5696,4
75,0,25.7250,8.5000,1,0.0002,-10.5154,4
75,1,18.5000,8.5000,4,0.0006,-12.2885,4
75,2,30.3408,7.5299,0,0.0001,-7.4424,1
75,3,10.0000,0.0000,0,0.0004,-9.6558,4
75,4,10.0000,0.0000,0,0.0004,-4.9418,8
75,5,40.4212,8.5000,6,0.0006,11.3754,4
75,6,35.7897,8.5000,2,0.0005,11.0036,5
75,7,10.0000,0.0000,0,0.0008,-14.9852,4
75,8,10.0000,0.0000,0,0.0001,-3.5616,4
76,0,25.7250,8.5000,1,0.0044,-38.6009,4
76,1,18.5000,8.5000,4,0.0004,-8.9363,5
76,2,10.0000,0.0000,0,0.0001,-7.3374,1
76,3,10.0000,0.0000,0,0.0004,-9.0498,4
76,4,10.0000,0.0000,0,0.0003,-3.5018,8
76,5,25.7250,8.5000,6,0.0006,11.4680,4
76,6,18.5000,8.5000,2,0.0005,10.9840,5
76,7,10.0000,0.0000,0,0.0009,-14.9761,4
76,8,10.0000,0.0000,0,0.0001,-3.5605,4
77,0,25.7250,8.5000,1,0.0044,-38.5886,4
77,1,18.5000,8.5000,4,0.0005,-8.9745,5
77,2,18.5000,6.3704,7,0.0001,-7.2307,1
77,3,10.0000,0.0000,0,0.0005,-9.9362,4
77,4,10.0000,0.0000,0,0.0003,-3.5943,8
77,5,31.8663,8.5000,6,0.0007,11.5521,4
77,6,25.7250,8.5000,2,0.0005,10.9563,5
77,7,10.0000,0.0000,0,0.0002,-7.2600,4
77,8,10.0000,0.0000,0,0.0002,-3.8441,4
78,0,25.7250,8.5000,1,0.0044,-38.6081,4
78,1,18.5000,8.5000,4,0.0005,-8.9858,4
78,2,18.5000,8.5000,3,0.0001,7.2969,5
78,3,10.0000,0.0000,0,0.0004,-11.0069,4
78,4,10.0000,0.0000,0,0.0003,-3.7493,8
78,5,31.8663,8.5000,6,0.0007,11.5031,4
78,6,25.7250,8.5000,2,0.0005,10.9606,5
78,7,10.0000,0.0000,0,0.0009,-15.2234,4
78,8,10.0000,0.0000,0,0.0001,-3.7127,4
79,0,25.7250,8.5000,1,0.0003,-11.7308,4
79,1,18.5000,8.5000,4,0.0006,-12.4262,4
79,2,29.0430,6.7046,0,0.0001,7.3911,5
79,3,10.0000,0.0000,0,0.0005,-10.4097,4
79,4,10.0000,0.0000,0,0.0004,-5.1236,8
79,5,39.4835,8.5000,6,0.0007,11.5661,4
79,6,34.6865,8.5000,2,0.0005,11.0137,5
79,7,10.0000,0.0000,0,0.0009,-15.0010,4
79,8,10.0000,0.0000,0,0.0001,-3.6295,4
80,0,25.7250,8.5000,1,0.0002,-9.7231,4
80,1,18.5000,8.5000,4,0.0006,-12.5056,4
80,2,30.9253,7.9016,0,0.0001,7.3960,5
80,3,10.0000,0.0000,0,0.0005,-9.6033,4
80,4,10.0000,0.0000,0,0.0004,-5.3331,8
80,5,40.8435,8.5000,6,0.0007,11.5635,4
80,6,36.2865,8.5000,2,0.0005,11.0145,5
80,7,10.0000,0.0000,0,0.0009,-14.9802,4
80,8,10.0000,0.0000,0,0.0002,-3.6372,4
81,0,25.7250,8.5000,1,0.0008,-18.5822,4
81,1,18.5000,8.5000,4,0.0007,-11.8832,4
81,2,24.9612,4.1089,0,0.0001,7.5227,5
81,3,10.0000,0.0000,0,0.0004,-9.3278,4
81,4,10.0000,0.0000,0,0.0004,-4.6095,8
81,5,36.5345,8.5000,6,0.0007,11.5734,4
81,6,31.2170,8.5000,2,0.0005,10.9781,5
81,7,10.0000,0.0000,0,0.0003,-10.7082,4
81,8,10.0000,0.0000,0,0.0002,-4.3252,4
82,0,25.7250,8.5000,1,0.0046,-39.0265,4
82,1,18.5000,8.5000,4,0.0005,-9.3820,4
82,2,18.5000,8.5000,3,0.0001,7.6953,5
82,3,10.0000,0.0000,0,0.0004,-10.9255,4
82,4,10.0000,0.0000,0,0.0003,-3.6742,8
82,5,31.8663,8.5000,6,0.0007,11.5738,4
82,6,25.7250,8.5000,2,0.0005,11.0364,5
82,7,10.0000,0.0000,0,0.0009,-16.4724,4
82,8,10.0000,0.0000,0,0.0002,-4.4343,4
83,0,25.7250,8.5000,1,0.0002,-10.7185,4
83,1,18.5000,8.5000,4,0.0007,-13.4023,4
83,2,30.0418,7.3398,0,0.0001,7.7262,5
83,3,10.0000,0.0000,0,0.0005,-10.1647,4
83,4,10.0000,0.0000,0,0.0005,-4.9797,8
83,5,40.2052,8.5000,6,0.0007,11.5665,4
83,6,35.5356,8.5000,2,0.0005,11.0603,5
83,7,10.0000,0.0000,0,0.0009,-16.4731,4
83,8,10.0000,0.0000,0,0.0002,-4.4888,4
84,0,25.7250,8.5000,1,0.0048,-39.0751,4
84,1,18.5000,8.5000,4,0.0005,-9.4081,4
84,2,18.5000,8.5000,3,0.0001,7.7181,5
84,3,10.0000,0.0000,0,0.0004,-11.0419,4
84,4,10.0000,0.0000,0,0.0003,-3.6810,8
84,5,31.8663,8.5000,6,0.0007,11.5887,4
84,6,25.7250,8.5000,2,0.0005,11.0758,5
84,7,10.0000,0.0000,0,0.0009,-16.4779,4
84,8,10.0000,0.0000,0,0.0002,-4.4867,4
85,0,25.7250,8.5000,1,0.0002,-10.8609,4
85,1,18.5000,8.5000,4,0.0007,-13.3985,4
85,2,30.0100,7.3195,0,0.0001,7.6407,5
85,3,10.0000,0.0000,0,0.0005,-10.2022,4
85,4,10.0000,0.0000,0,0.0005,-4.9740,8
85,5,40.1822,8.5000,6,0.0007,11.7029,4
85,6,35.5085,8.5000,2,0.0005,11.1025,5
85,7,10.0000,0.0000,0,0.0009,-16.5067,4
85,8,10.0000,0.0000,0,0.0002,-4.4778,4
86,0,25.7250,8.5000,1,0.0048,-39.0032,4
86,1,18.5000,8.5000,4,0.0005,-9.3918,4
86,2,18.5000,5.8418,7,0.0001,7.6482,5
86,3,10.0000,0.0000,0,0.0005,-10.1441,4
86,4,10.0000,0.0000,0,0.0003,-3.4467,8
86,5,31.8663,8.5000,6,0.0007,11.6266,4
86,6,25.7250,8.5000,2,0.0005,11.0741,5
86,7,10.0000,0.0000,0,0.0002,-7.9744,4
86,8,10.0000,0.0000,0,0.0002,-4.7993,4
87,0,25.7250,8.5000,1,0.0048,-38.9854,4
87,1,18.5000,8.5000,4,0.0005,-9.4070,4
87,2,18.5000,8.5000,3,0.0001,7.6351,5
87,3,10.0000,0.0000,0,0.0004,-11.9382,4
87,4,10.0000,0.0000,0,0.0003,-3.3435,8
87,5,31.8663,8.5000,6,0.0007,11.6268,4
87,6,25.7250,8.5000,2,0.0005,11.0647,5
87,7,10.0000,0.0000,0,0.0010,-17.0334,4
87,8,10.0000,0.0000,0,0.0002,-4.5751,4
88,0,25.7250,8.5000,1,0.0003,-11.1592,4
88,1,18.5000,8.5000,4,0.0008,-13.3586,4
88,2,29.7202,7.1352,0,0.0001,7.6566,5
88,3,10.0000,0.0000,0,0.0006,-11.2311,4
88,4,10.0000,0.0000,0,0.0005,-4.5643,8
88,5,39.9728,8.5000,6,0.0007,11.6720,4
88,6,35.2621,8.5000,2,0.0006,11.1063,5
88,7,10.0000,0.0000,0,0.0010,-17.0086,4
88,8,10.0000,0.0000,0,0.0002,-4.5658,4
89,0,25.7250,8.5000,1,0.0002,-9.7786,4
89,1,18.5000,8.5000,4,0.0007,-13.2229,4
89,2,31.4080,8.2086,0,0.0001,-7.5497,1
89,3,10.0000,0.0000,0,0.0005,-10.2137,4
89,4,10.0000,0.0000,0,0.0005,-4.8273,8
89,5,41.1923,8.5000,6,0.0007,11.6142,4
89,6,36.6968,8.5000,2,0.0005,10.9793,5
89,7,10.0000,0.0000,0,0.0009,-16.7226,4
89,8,10.0000,0.0000,0,0.0002,-4.5179,4
90,0,25.7250,8.5000,1,0.0047,-38.6996,4
90,1,18.5000,8.5000,4,0.0005,-9.3205,4
90,2,18.5000,6.2412,7,0.0001,-7.5039,1
90,3,10.0000,0.0000,0,0.0005,-10.1582,4
90,4,10.0000,0.0000,0,0.0003,-3.2966,8
90,5,31.8662,8.5000,6,0.0007,11.6336,4
90,6,25.7250,8.5000,2,0.0005,11.0075,5
90,7,10.0000,0.0000,0,0.0002,-7.7760,4
90,8,10.0000,0.0000,0,0.0002,-4.9670,4
91,0,25.7250,8.5000,1,0.0047,-38.7459,4
91,1,18.5000,8.5000,4,0.0005,-9.3516,4
91,2,10.0000,0.0000,0,0.0001,-7.5257,1
91,3,10.0000,0.0000,0,0.0005,-9.9898,4
91,4,10.0000,0.0000,0,0.0003,-3.2531,8
91,5,25.7250,8.5000,6,0.0007,11.6275,4
91,6,18.5000,8.5000,2,0.0005,11.0091,5
91,7,10.0000,0.0000,0,0.0010,-16.8489,4
91,8,10.0000,0.0000,0,0.0002,-4.4997,4
92,0,25.7250,8.5000,1,0.0002,-10.4313,4
92,1,18.5000,8.5000,4,0.0007,-13.4483,4
92,2,30.6650,7.7361,0,0.0001,-7.5784,1
92,3,10.0000,0.0000,0,0.0005,-10.7108,4
92,4,10.0000,0.0000,0,0.0005,-4.6411,8
92,5,40.6554,8.5000,6,0.0007,11.6193,4
92,6,36.0652,8.5000,2,0.0005,11.0137,5
92,7,10.0000,0.0000,0,0.0010,-16.8265,4
92,8,10.0000,0.0000,0,0.0002,-4.5027,4
93,0,25.7250,8.5000,1,0.0048,-38.6762,4
93,1,18.5000,8.5000,4,0.0005,-9.3045,4
93,2,18.5000,8.5000,3,0.0001,-7.6013,1
93,3,10.0000,0.0000,0,0.0004,-11.6375,4
93,4,10.0000,0.0000,0,0.0003,-3.2675,8
93,5,31.8663,8.5000,6,0.0007,11.6047,4
93,6,25.7250,8.5000,2,0.0005,11.0131,5
93,7,10.0000,0.0000,0,0.0010,-16.7766,4
93,8,10.0000,0.0000,0,0.0002,-4.5203,4
94,0,25.7250,8.5000,1,0.0003,-11.1023,4
94,1,18.5000,8.5000,4,0.0008,-13.4376,4
94,2,30.0886,7.3696,0,0.0001,-7.5243,1
94,3,10.0000,0.0000,0,0.0006,-10.9754,4
94,4,10.0000,0.0000,0,0.0005,-4.6071,8
94,5,40.2390,8.5000,6,0.0007,11.7600,4
94,6,35.5753,8.5000,2,0.0005,11.0351,5
94,7,10.0000,0.0000,0,0.0010,-16.7936,4
94,8,10.0000,0.0000,0,0.0002,-4.5188,4
95,0,25.7250,8.5000,1,0.0049,-38.7157,4
95,1,18.5000,8.5000,4,0.0005,-9.4537,4
95,2,18.5000,5.9966,7,0.0001,-7.5626,1
95,3,10.0000,0.0000,0,0.0006,-10.5536,4
95,4,10.0000,0.0000,0,0.0003,-3.2769,8
95,5,31.8662,8.5000,6,0.0008,11.7916,4
95,6,25.7250,8.5000,2,0.0005,11.0364,5
95,7,10.0000,0.0000,0,0.0002,-8.1015,4
95,8,10.0000,0.0000,0,0.0002,-4.9812,4
96,0,25.7250,8.5000,1,0.0050,-38.7285,4
96,1,18.5000,8.5000,4,0.0006,-9.5028,4
96,2,18.5000,8.5000,3,0.0001,-7.6005,1
96,3,10.0000,0.0000,0,0.0004,-11.6922,4
96,4,10.0000,0.0000,0,0.0003,-3.2483,8
96,5,31.8663,8.5000,6,0.0008,11.7858,4
96,6,25.7250,8.5000,2,0.0005,11.0429,5
96,7,10.0000,0.0000,0,0.0010,-16.8584,4
96,8,10.0000,0.0000,0,0.0002,-4.5388,4
97,0,25.7250,8.5000,1,0.0003,-10.7811,4
97,1,18.5000,8.5000,4,0.0008,-13.6338,4
97,2,30.5658,7.6730,0,0.0001,-7.6009,1
97,3,10.0000,0.0000,0,0.0006,-10.7594,4
97,4,10.0000,0.0000,0,0.0005,-4.6021,8
97,5,40.5838,8.5000,6,0.0008,11.8126,4
97,6,35.9809,8.5000,2,0.0005,11.0500,5
97,7,10.0000,0.0000,0,0.0010,-16.8657,4
97,8,10.0000,0.0000,0,0.0002,-4.5243,4
98,0,25.7250,8.5000,1,0.0002,-10.3085,4
98,1,18.5000,8.5000,4,0.0007,-13.3743,4
98,2,30.7113,7.7656,0,0.0001,-7.6554,1
98,3,10.0000,0.0000,0,0.0005,-10.5273,4
98,4,10.0000,0.0000,0,0.0005,-4.6444,8
98,5,40.6889,8.5000,6,0.0007,11.5905,4
98,6,36.1046,8.5000,2,0.0005,10.9803,5
98,7,10.0000,0.0000,0,0.0010,-16.3932,4
98,8,10.0000,0.0000,0,0.0002,-4.3678,4
99,0,25.7250,8.5000,1,0.0046,-38.2132,4
99,1,18.5000,8.5000,4,0.0005,-9.1068,4
99,2,18.5000,6.3714,7,0.0001,-7.7439,1
99,3,10.0000,0.0000,0,0.0005,-10.3042,4
99,4,10.0000,0.0000,0,0.0003,-3.4397,8
99,5,31.8662,8.5000,6,0.0007,11.4293,4
99,6,25.7250,8.5000,2,0.0005,10.9744,5
99,7,10.0000,0.0000,0,0.0001,-7.2498,4
99,8,10.0000,0.0000,0,0.0002,-4.8452,4
100,0,25.7250,8.5000,1,0.0003,-12.0629,4
100,1,18.5000,8.5000,4,0.0007,-13.1638,4
100,2,28.9582,6.6507,0,0.0001,-7.5481,1
100,3,10.0000,0.0000,0,0.0005,-11.0963,4
100,4,10.0000,0.0000,0,0.0005,-4.6419,8
100,5,39.4223,8.5000,6,0.0007,11.6524,4
100,6,34.6144,8.5000,2,0.0005,10.9533,5
100,7,10.0000,0.0000,0,0.0009,-16.2815,4
100,8,10.0000,0.0000,0,0.0002,-4.6529,4
101,0,25.7250,8.5000,1,0.0002,-9.4601,4
101,1,18.5000,8.5000,4,0.0007,-13.4841,4
101,2,31.5675,8.3100,0,0.0001,-7.4432,1
101,3,10.0000,0.0000,0,0.0005,-10.0442,4
101,4,10.0000,0.0000,0,0.0005,-4.9042,8
101,5,41.3075,8.5000,6,0.0007,11.7420,4
101,6,36.8323,8.5000,2,0.0005,10.9044,5
101,7,10.0000,0.0000,0,0.0009,-16.2674,4
101,8,10.0000,0.0000,0,0.0002,-4.6164,4
102,0,25.7250,8.5000,1,0.0002,-10.3813,4
102,1,18.5000,8.5000,4,0.0007,-13.3267,4
102,2,30.2089,7.4460,0,0.0001,-7.6264,1
102,3,10.0000,0.0000,0,0.0005,-10.7340,4
102,4,10.0000,0.0000,0,0.0005,-4.7657,8
102,5,40.3259,8.5000,6,0.0007,11.3534,4
102,6,35.6775,8.5000,2,0.0005,10.8907,5
102,7,10.0000,0.0000,0,0.0009,-16.1006,4
102,8,10.0000,0.0000,0,0.0002,-4.5839,4
103,0,10.0000,0.0000,0,0.0049,-38.6729,4
103,1,18.5000,8.5000,4,0.0004,-9.0709,5
103,2,10.0000,0.0000,0,0.0001,-6.4320,8
103,3,10.0000,0.0000,0,0.0005,-10.6788,4
103,4,10.0000,0.0000,0,0.0003,3.4971,5
103,5,25.7250,8.5000,6,0.0010,15.2122,4
103,6,18.5000,8.5000,2,0.0009,12.1505,4
103,7,10.0000,0.0000,0,0.0010,-16.3285,4
103,8,10.0000,0.0000,0,0.0002,-4.5787,4
