t_idx,time_label,node_idx,node_label,account_category,curvature,density
0,2020-01,0,00_ACC_Accounts_Payable_DPT_Admin,Liability,0.0,75433.08
0,2020-01,1,01_ACC_Accounts_Receivable_DPT_Admin,Asset,0.0,143430.16
0,2020-01,2,02_ACC_COGS_DPT_Prod_A,Expense,0.0,68432.69
0,2020-01,3,03_ACC_COGS_DPT_Prod_B,Expense,0.0,22442.71
0,2020-01,4,04_ACC_Cash_DPT_Admin,Asset,0.0,64027.5
0,2020-01,5,05_ACC_Finished_Goods_DPT_Prod_A,Unknown,0.0,177606.5
0,2020-01,6,06_ACC_Finished_Goods_DPT_Prod_B,Unknown,0.0,60727.99
0,2020-01,7,07_ACC_Mfg_Overhead_Exp_DPT_Mfg_Support,Expense,0.0,57066.71
0,2020-01,8,08_ACC_Raw_Materials_DPT_Ops,Unknown,0.0,161380.08
0,2020-01,9,09_ACC_Sales_Revenue_DPT_Sales,Revenue,0.0,143430.16
0,2020-01,10,10_ACC_Work_In_Process_DPT_Prod_A,Unknown,0.0,194131.94
0,2020-01,11,11_ACC_Work_In_Process_DPT_Prod_B,Unknown,0.0,46234.94
0,2020-01,12,12_ACC_Cash,Asset,0.0,0.0
0,2020-01,13,13_ACC_Raw_Materials,Unknown,0.0,0.0
0,2020-01,14,14_ACC_Finished_Goods,Unknown,0.0,0.0
0,2020-01,15,15_ACC_Equity_Capital,Equity,0.0,0.0
1,2020-02,0,00_ACC_Accounts_Payable_DPT_Admin,Liability,0.0,71589.41
1,2020-02,1,01_ACC_Accounts_Receivable_DPT_Admin,Asset,0.0,210711.91
1,2020-02,2,02_ACC_COGS_DPT_Prod_A,Expense,0.0,72250.76
1,2020-02,3,03_ACC_COGS_DPT_Prod_B,Expense,0.0,37813.43
1,2020-02,4,04_ACC_Cash_DPT_Admin,Asset,0.0,115481.88
1,2020-02,5,05_ACC_Finished_Goods_DPT_Prod_A,Unknown,0.0,191923.81
1,2020-02,6,06_ACC_Finished_Goods_DPT_Prod_B,Unknown,0.0,63113.37
1,2020-02,7,07_ACC_Mfg_Overhead_Exp_DPT_Mfg_Support,Expense,0.0,62264.06
1,2020-02,8,08_ACC_Raw_Materials_DPT_Ops,Unknown,0.0,135800.65
1,2020-02,9,09_ACC_Sales_Revenue_DPT_Sales,Revenue,0.0,174750.72
1,2020-02,10,10_ACC_Work_In_Process_DPT_Prod_A,Unknown,0.0,202482.84
1,2020-02,11,11_ACC_Work_In_Process_DPT_Prod_B,Unknown,0.0,23958.02
1,2020-02,12,12_ACC_Cash,Asset,0.0,0.0
1,2020-02,13,13_ACC_Raw_Materials,Unknown,0.0,0.0
1,2020-02,14,14_ACC_Finished_Goods,Unknown,0.0,0.0
1,2020-02,15,15_ACC_Equity_Capital,Equity,0.0,0.0
2,2020-03,0,00_ACC_Accounts_Payable_DPT_Admin,Liability,39645.85,139474.03
2,2020-03,1,01_ACC_Accounts_Receivable_DPT_Admin,Asset,100823.4,267483.4
2,2020-03,2,02_ACC_COGS_DPT_Prod_A,Expense,13158.55,62910.28
2,2020-03,3,03_ACC_COGS_DPT_Prod_B,Expense,22490.68,30693.47
2,2020-03,4,04_ACC_Cash_DPT_Admin,Asset,13209.38,270458.78
2,2020-03,5,05_ACC_Finished_Goods_DPT_Prod_A,Unknown,26961.56,206885.58
2,2020-03,6,06_ACC_Finished_Goods_DPT_Prod_B,Unknown,35693.98,56211.37
2,2020-03,7,07_ACC_Mfg_Overhead_Exp_DPT_Mfg_Support,Expense,6265.16,57795.45
2,2020-03,8,08_ACC_Raw_Materials_DPT_Ops,Unknown,14551.37,156855.03
2,2020-03,9,09_ACC_Sales_Revenue_DPT_Sales,Revenue,55666.83,150404.45
2,2020-03,10,10_ACC_Work_In_Process_DPT_Prod_A,Unknown,0.0,257820.3
2,2020-03,11,11_ACC_Work_In_Process_DPT_Prod_B,Unknown,0.0,24638.28
2,2020-03,12,12_ACC_Cash,Asset,0.0,0.0
2,2020-03,13,13_ACC_Raw_Materials,Unknown,0.0,0.0
2,2020-03,14,14_ACC_Finished_Goods,Unknown,0.0,0.0
2,2020-03,15,15_ACC_Equity_Capital,Equity,0.0,0.0
3,2020-04,0,00_ACC_Accounts_Payable_DPT_Admin,Liability,139997.54,93450.17
3,2020-04,1,01_ACC_Accounts_Receivable_DPT_Admin,Asset,16133.22,256512.57
3,2020-04,2,02_ACC_COGS_DPT_Prod_A,Expense,19309.57,34260.23
3,2020-04,3,03_ACC_COGS_DPT_Prod_B,Expense,4656.02,18917.49
3,2020-04,4,04_ACC_Cash_DPT_Admin,Asset,108890.83,264935.75
3,2020-04,5,05_ACC_Finished_Goods_DPT_Prod_A,Unknown,21579.17,161649.04
3,2020-04,6,06_ACC_Finished_Goods_DPT_Prod_B,Unknown,7040.77,47038.1
3,2020-04,7,07_ACC_Mfg_Overhead_Exp_DPT_Mfg_Support,Expense,5200.96,60908.6
3,2020-04,8,08_ACC_Raw_Materials_DPT_Ops,Unknown,49007.11,154991.36
3,2020-04,9,09_ACC_Sales_Revenue_DPT_Sales,Revenue,41937.77,84120.41
3,2020-04,10,10_ACC_Work_In_Process_DPT_Prod_A,Unknown,0.0,219377.72
3,2020-04,11,11_ACC_Work_In_Process_DPT_Prod_B,Unknown,0.0,29307.88
3,2020-04,12,12_ACC_Cash,Asset,0.0,0.0
3,2020-04,13,13_ACC_Raw_Materials,Unknown,0.0,0.0
3,2020-04,14,14_ACC_Finished_Goods,Unknown,0.0,0.0
3,2020-04,15,15_ACC_Equity_Capital,Equity,0.0,0.0
4,2020-05,0,00_ACC_Accounts_Payable_DPT_Admin,Liability,117522.84,128585.67
4,2020-05,1,01_ACC_Accounts_Receivable_DPT_Admin,Asset,152359.29,187521.95
4,2020-05,2,02_ACC_COGS_DPT_Prod_A,Expense,23277.14,28887.32
4,2020-05,3,03_ACC_COGS_DPT_Prod_B,Expense,3688.85,10830.36
4,2020-05,4,04_ACC_Cash_DPT_Admin,Asset,204881.51,253915.15
4,2020-05,5,05_ACC_Finished_Goods_DPT_Prod_A,Unknown,28138.37,134828.41
4,2020-05,6,06_ACC_Finished_Goods_DPT_Prod_B,Unknown,2660.13,47902.66
4,2020-05,7,07_ACC_Mfg_Overhead_Exp_DPT_Mfg_Support,Expense,6458.98,61777.81
4,2020-05,8,08_ACC_Raw_Materials_DPT_Ops,Unknown,25777.6,142541.81
4,2020-05,9,09_ACC_Sales_Revenue_DPT_Sales,Revenue,47169.75,65006.12
4,2020-05,10,10_ACC_Work_In_Process_DPT_Prod_A,Unknown,0.0,185345.26
4,2020-05,11,11_ACC_Work_In_Process_DPT_Prod_B,Unknown,0.0,41245.78
4,2020-05,12,12_ACC_Cash,Asset,0.0,0.0
4,2020-05,13,13_ACC_Raw_Materials,Unknown,0.0,0.0
4,2020-05,14,14_ACC_Finished_Goods,Unknown,0.0,0.0
4,2020-05,15,15_ACC_Equity_Capital,Equity,0.0,0.0
5,2020-06,0,00_ACC_Accounts_Payable_DPT_Admin,Liability,41551.34,130727.03
5,2020-06,1,01_ACC_Accounts_Receivable_DPT_Admin,Asset,8742.74,191883.69
5,2020-06,2,02_ACC_COGS_DPT_Prod_A,Expense,16838.89,40353.3
5,2020-06,3,03_ACC_COGS_DPT_Prod_B,Expense,10754.67,13497.9
5,2020-06,4,04_ACC_Cash_DPT_Admin,Asset,66846.5,240657.67
5,2020-06,5,05_ACC_Finished_Goods_DPT_Prod_A,Unknown,20923.67,162609.23
5,2020-06,6,06_ACC_Finished_Goods_DPT_Prod_B,Unknown,26135.97,44140.59
5,2020-06,7,07_ACC_Mfg_Overhead_Exp_DPT_Mfg_Support,Expense,7807.74,61521.48
5,2020-06,8,08_ACC_Raw_Materials_DPT_Ops,Unknown,7563.87,146213.33
5,2020-06,9,09_ACC_Sales_Revenue_DPT_Sales,Revenue,41047.55,86939.38
5,2020-06,10,10_ACC_Work_In_Process_DPT_Prod_A,Unknown,0.0,210583.2
5,2020-06,11,11_ACC_Work_In_Process_DPT_Prod_B,Unknown,0.0,31993.6
5,2020-06,12,12_ACC_Cash,Asset,0.0,0.0
5,2020-06,13,13_ACC_Raw_Materials,Unknown,0.0,0.0
5,2020-06,14,14_ACC_Finished_Goods,Unknown,0.0,0.0
5,2020-06,15,15_ACC_Equity_Capital,Equity,0.0,0.0
6,2020-07,0,00_ACC_Accounts_Payable_DPT_Admin,Liability,8477.98,151015.57
6,2020-07,1,01_ACC_Accounts_Receivable_DPT_Admin,Asset,71791.28,249155.99
6,2020-07,2,02_ACC_COGS_DPT_Prod_A,Expense,19633.1,71452.38
6,2020-07,3,03_ACC_COGS_DPT_Prod_B,Expense,18713.07,34878.51
6,2020-07,4,04_ACC_Cash_DPT_Admin,Asset,14171.69,222691.16
6,2020-07,5,05_ACC_Finished_Goods_DPT_Prod_A,Unknown,48819.06,180837.19
6,2020-07,6,06_ACC_Finished_Goods_DPT_Prod_B,Unknown,109.48,77914.14
6,2020-07,7,07_ACC_Mfg_Overhead_Exp_DPT_Mfg_Support,Expense,6290.13,59168.92
6,2020-07,8,08_ACC_Raw_Materials_DPT_Ops,Unknown,17282.59,159227.42
6,2020-07,9,09_ACC_Sales_Revenue_DPT_Sales,Revenue,62350.92,171223.56
6,2020-07,10,10_ACC_Work_In_Process_DPT_Prod_A,Unknown,0.0,194563.52
6,2020-07,11,11_ACC_Work_In_Process_DPT_Prod_B,Unknown,0.0,51658.58
6,2020-07,12,12_ACC_Cash,Asset,0.0,0.0
6,2020-07,13,13_ACC_Raw_Materials,Unknown,0.0,0.0
6,2020-07,14,14_ACC_Finished_Goods,Unknown,0.0,0.0
6,2020-07,15,15_ACC_Equity_Capital,Equity,0.0,0.0
7,2020-08,0,00_ACC_Accounts_Payable_DPT_Admin,Liability,9028.65,135169.88
7,2020-08,1,01_ACC_Accounts_Receivable_DPT_Admin,Asset,116243.51,280779.44
7,2020-08,2,02_ACC_COGS_DPT_Prod_A,Expense,23039.6,79511.86
7,2020-08,3,03_ACC_COGS_DPT_Prod_B,Expense,17903.48,38355.64
7,2020-08,4,04_ACC_Cash_DPT_Admin,Asset,58339.82,236979.49
7,2020-08,5,05_ACC_Finished_Goods_DPT_Prod_A,Unknown,47920.55,200906.5
7,2020-08,6,06_ACC_Finished_Goods_DPT_Prod_B,Unknown,2878.83,78759.56
7,2020-08,7,07_ACC_Mfg_Overhead_Exp_DPT_Mfg_Support,Expense,3057.71,58947.55
7,2020-08,8,08_ACC_Raw_Materials_DPT_Ops,Unknown,28869.73,155948.36
7,2020-08,9,09_ACC_Sales_Revenue_DPT_Sales,Revenue,70946.18,184561.56
7,2020-08,10,10_ACC_Work_In_Process_DPT_Prod_A,Unknown,0.0,217090.1
7,2020-08,11,11_ACC_Work_In_Process_DPT_Prod_B,Unknown,0.0,47301.0
7,2020-08,12,12_ACC_Cash,Asset,0.0,0.0
7,2020-08,13,13_ACC_Raw_Materials,Unknown,0.0,0.0
7,2020-08,14,14_ACC_Finished_Goods,Unknown,0.0,0.0
7,2020-08,15,15_ACC_Equity_Capital,Equity,0.0,0.0
8,2020-09,0,00_ACC_Accounts_Payable_DPT_Admin,Liability,68139.98,98502.73
8,2020-09,1,01_ACC_Accounts_Receivable_DPT_Admin,Asset,86329.21,289826.16
8,2020-09,2,02_ACC_COGS_DPT_Prod_A,Expense,27414.24,60157.1
8,2020-09,3,03_ACC_COGS_DPT_Prod_B,Expense,12890.39,28942.38
8,2020-09,4,04_ACC_Cash_DPT_Admin,Asset,73959.15,241061.15
8,2020-09,5,05_ACC_Finished_Goods_DPT_Prod_A,Unknown,26285.77,192433.1
8,2020-09,6,06_ACC_Finished_Goods_DPT_Prod_B,Unknown,1586.38,52237.82
8,2020-09,7,07_ACC_Mfg_Overhead_Exp_DPT_Mfg_Support,Expense,634.86,59482.58
8,2020-09,8,08_ACC_Raw_Materials_DPT_Ops,Unknown,41027.45,158960.37
8,2020-09,9,09_ACC_Sales_Revenue_DPT_Sales,Revenue,54452.97,143446.59
8,2020-09,10,10_ACC_Work_In_Process_DPT_Prod_A,Unknown,0.0,226755.42
8,2020-09,11,11_ACC_Work_In_Process_DPT_Prod_B,Unknown,0.0,24472.66
8,2020-09,12,12_ACC_Cash,Asset,0.0,0.0
8,2020-09,13,13_ACC_Raw_Materials,Unknown,0.0,0.0
8,2020-09,14,14_ACC_Finished_Goods,Unknown,0.0,0.0
8,2020-09,15,15_ACC_Equity_Capital,Equity,0.0,0.0
9,2020-10,0,00_ACC_Accounts_Payable_DPT_Admin,Liability,130042.36,139823.5
9,2020-10,1,01_ACC_Accounts_Receivable_DPT_Admin,Asset,989.58,272697.28
9,2020-10,2,02_ACC_COGS_DPT_Prod_A,Expense,3243.26,37559.08
9,2020-10,3,03_ACC_COGS_DPT_Prod_B,Expense,2413.93,17115.19
9,2020-10,4,04_ACC_Cash_DPT_Admin,Asset,113194.39,333151.18
9,2020-10,5,05_ACC_Finished_Goods_DPT_Prod_A,Unknown,10228.87,167244.31
9,2020-10,6,06_ACC_Finished_Goods_DPT_Prod_B,Unknown,26780.88,47669.1
9,2020-10,7,07_ACC_Mfg_Overhead_Exp_DPT_Mfg_Support,Expense,1968.82,58765.49
9,2020-10,8,08_ACC_Raw_Materials_DPT_Ops,Unknown,42304.62,152222.56
9,2020-10,9,09_ACC_Sales_Revenue_DPT_Sales,Revenue,13582.59,88749.03
9,2020-10,10,10_ACC_Work_In_Process_DPT_Prod_A,Unknown,0.0,230462.04
9,2020-10,11,11_ACC_Work_In_Process_DPT_Prod_B,Unknown,0.0,32613.6
9,2020-10,12,12_ACC_Cash,Asset,0.0,0.0
9,2020-10,13,13_ACC_Raw_Materials,Unknown,0.0,0.0
9,2020-10,14,14_ACC_Finished_Goods,Unknown,0.0,0.0
9,2020-10,15,15_ACC_Equity_Capital,Equity,0.0,0.0
10,2020-11,0,00_ACC_Accounts_Payable_DPT_Admin,Liability,111811.11,98024.48
10,2020-11,1,01_ACC_Accounts_Receivable_DPT_Admin,Asset,100622.02,200797.92
10,2020-11,2,02_ACC_COGS_DPT_Prod_A,Expense,9991.46,24952.52
10,2020-11,3,03_ACC_COGS_DPT_Prod_B,Expense,6575.11,11863.11
10,2020-11,4,04_ACC_Cash_DPT_Admin,Asset,27269.61,242579.1
10,2020-11,5,05_ACC_Finished_Goods_DPT_Prod_A,Unknown,17263.84,144774.6
10,2020-11,6,06_ACC_Finished_Goods_DPT_Prod_B,Unknown,16987.1,39263.5
10,2020-11,7,07_ACC_Mfg_Overhead_Exp_DPT_Mfg_Support,Expense,4673.14,55466.18
10,2020-11,8,08_ACC_Raw_Materials_DPT_Ops,Unknown,29202.76,144973.31
10,2020-11,9,09_ACC_Sales_Revenue_DPT_Sales,Revenue,22925.77,56977.24
10,2020-11,10,10_ACC_Work_In_Process_DPT_Prod_A,Unknown,0.0,209745.22
10,2020-11,11,11_ACC_Work_In_Process_DPT_Prod_B,Unknown,0.0,27718.32
10,2020-11,12,12_ACC_Cash,Asset,0.0,0.0
10,2020-11,13,13_ACC_Raw_Materials,Unknown,0.0,0.0
10,2020-11,14,14_ACC_Finished_Goods,Unknown,0.0,0.0
10,2020-11,15,15_ACC_Equity_Capital,Equity,0.0,0.0
11,2020-12,0,00_ACC_Accounts_Payable_DPT_Admin,Liability,92104.16,156432.62
11,2020-12,1,01_ACC_Accounts_Receivable_DPT_Admin,Asset,68197.69,178561.75
11,2020-12,2,02_ACC_COGS_DPT_Prod_A,Expense,26611.62,38957.58
11,2020-12,3,03_ACC_COGS_DPT_Prod_B,Expense,7227.93,13838.96
11,2020-12,4,04_ACC_Cash_DPT_Admin,Asset,105322.98,238795.5
11,2020-12,5,05_ACC_Finished_Goods_DPT_Prod_A,Unknown,47922.46,127605.67
11,2020-12,6,06_ACC_Finished_Goods_DPT_Prod_B,Unknown,15493.19,29820.57
11,2020-12,7,07_ACC_Mfg_Overhead_Exp_DPT_Mfg_Support,Expense,27926.88,23533.59
11,2020-12,8,08_ACC_Raw_Materials_DPT_Ops,Unknown,5600.79,140226.27
11,2020-12,9,09_ACC_Sales_Revenue_DPT_Sales,Revenue,58930.44,84135.89
11,2020-12,10,10_ACC_Work_In_Process_DPT_Prod_A,Unknown,0.0,177296.18
11,2020-12,11,11_ACC_Work_In_Process_DPT_Prod_B,Unknown,0.0,31963.22
11,2020-12,12,12_ACC_Cash,Asset,0.0,0.0
11,2020-12,13,13_ACC_Raw_Materials,Unknown,0.0,0.0
11,2020-12,14,14_ACC_Finished_Goods,Unknown,0.0,0.0
11,2020-12,15,15_ACC_Equity_Capital,Equity,0.0,0.0
