t_idx,time_label,node_idx,node_label,account_category,state_X,velocity_v,acceleration_a,jerk_j,snap_s,inertia_M,viscosity_C,external_force_F
0,2020-01,0,00_ACC_Accounts_Payable_DPT_Admin,Liability,-75433.08,-75433.08,0.0,0.0,0.0,75433.08,7543.308,-569014955.8286
0,2020-01,1,01_ACC_Accounts_Receivable_DPT_Admin,Asset,143430.16,143430.16,0.0,0.0,0.0,143430.16,14343.016,2057221079.7626
0,2020-01,2,02_ACC_COGS_DPT_Prod_A,Expense,68432.69,68432.69,0.0,0.0,0.0,68432.69,6843.269,468303306.0636
0,2020-01,3,03_ACC_COGS_DPT_Prod_B,Expense,22442.71,22442.71,0.0,0.0,0.0,22442.71,2244.271,50367523.2144
0,2020-01,4,04_ACC_Cash_DPT_Admin,Asset,-64027.5,-64027.5,0.0,0.0,0.0,64027.5,6402.75,-409952075.625
0,2020-01,5,05_ACC_Finished_Goods_DPT_Prod_A,Unknown,40741.12,40741.12,0.0,0.0,0.0,40741.12,4074.112,165983885.8854
0,2020-01,6,06_ACC_Finished_Goods_DPT_Prod_B,Unknown,15842.57,15842.57,0.0,0.0,0.0,15842.57,1584.257,25098702.4205
0,2020-01,7,07_ACC_Mfg_Overhead_Exp_DPT_Mfg_Support,Expense,2515.41,2515.41,0.0,0.0,0.0,2515.41,251.541,632728.7468
0,2020-01,8,08_ACC_Raw_Materials_DPT_Ops,Unknown,-10513.92,-10513.92,0.0,0.0,0.0,10513.92,1051.392,-11054251.3766
0,2020-01,9,09_ACC_Sales_Revenue_DPT_Sales,Revenue,-143430.16,-143430.16,0.0,0.0,0.0,143430.16,14343.016,-2057221079.7626
0,2020-01,10,10_ACC_Work_In_Process_DPT_Prod_A,Unknown,0.0,0.0,0.0,0.0,0.0,0.0,0.0,0.0
0,2020-01,11,11_ACC_Work_In_Process_DPT_Prod_B,Unknown,0.0,0.0,0.0,0.0,0.0,0.0,0.0,0.0
0,2020-01,12,12_ACC_Cash,Asset,1000000.0,0.0,0.0,0.0,0.0,1000000.0,100000.0,0.0
0,2020-01,13,13_ACC_Raw_Materials,Unknown,500000.0,0.0,0.0,0.0,0.0,500000.0,50000.0,0.0
0,2020-01,14,14_ACC_Finished_Goods,Unknown,500000.0,0.0,0.0,0.0,0.0,500000.0,50000.0,0.0
0,2020-01,15,15_ACC_Equity_Capital,Equity,2000000.0,0.0,0.0,0.0,0.0,2000000.0,200000.0,0.0
1,2020-02,0,00_ACC_Accounts_Payable_DPT_Admin,Liability,-120231.59,-44798.51,30634.57,0.0,0.0,97832.335,9783.2335,2558777231.0389
1,2020-02,1,01_ACC_Accounts_Receivable_DPT_Admin,Asset,282219.69,138789.53,-4640.63,0.0,0.0,212824.925,21282.4925,1966145399.6008
1,2020-02,2,02_ACC_COGS_DPT_Prod_A,Expense,140683.45,72250.76,3818.07,0.0,0.0,104558.07,10455.807,1154650032.4882
1,2020-02,3,03_ACC_COGS_DPT_Prod_B,Expense,60256.14,37813.43,15370.72,0.0,0.0,41349.425,4134.9425,791926792.6138
1,2020-02,4,04_ACC_Cash_DPT_Admin,Asset,-107587.0,-43559.5,20468.0,0.0,0.0,85807.25,8580.725,1382530702.3625
1,2020-02,5,05_ACC_Finished_Goods_DPT_Prod_A,Unknown,88163.41,47422.29,6681.17,0.0,0.0,64452.265,6445.2265,736263939.5487
1,2020-02,6,06_ACC_Finished_Goods_DPT_Prod_B,Unknown,3329.08,-12513.49,-28356.06,0.0,0.0,9585.825,958.5825,-283811441.3774
1,2020-02,7,07_ACC_Mfg_Overhead_Exp_DPT_Mfg_Support,Expense,1274.35,-1241.06,-3756.47,0.0,0.0,1894.88,189.488,-7353225.8509
1,2020-02,8,08_ACC_Raw_Materials_DPT_Ops,Unknown,-29926.65,-19412.73,-8898.81,0.0,0.0,20220.285,2022.0285,-219189567.6837
1,2020-02,9,09_ACC_Sales_Revenue_DPT_Sales,Revenue,-318180.88,-174750.72,-31320.56,0.0,0.0,230805.52,23080.552,-11262301217.4886
1,2020-02,10,10_ACC_Work_In_Process_DPT_Prod_A,Unknown,0.0,0.0,0.0,0.0,0.0,0.0,0.0,0.0
1,2020-02,11,11_ACC_Work_In_Process_DPT_Prod_B,Unknown,-0.0,-0.0,-0.0,0.0,0.0,0.0,0.0,-0.0
1,2020-02,12,12_ACC_Cash,Asset,1000000.0,0.0,0.0,0.0,0.0,1000000.0,100000.0,0.0
1,2020-02,13,13_ACC_Raw_Materials,Unknown,500000.0,0.0,0.0,0.0,0.0,500000.0,50000.0,0.0
1,2020-02,14,14_ACC_Finished_Goods,Unknown,500000.0,0.0,0.0,0.0,0.0,500000.0,50000.0,0.0
1,2020-02,15,15_ACC_Equity_Capital,Equity,2000000.0,0.0,0.0,0.0,0.0,2000000.0,200000.0,0.0
2,2020-03,0,00_ACC_Accounts_Payable_DPT_Admin,Liability,-94749.68,25481.91,70280.42,39645.85,0.0,96804.7833,9680.4783,7050157908.3226
2,2020-03,1,01_ACC_Accounts_Receivable_DPT_Admin,Asset,315545.19,33325.5,-105464.03,-100823.4,0.0,247065.0133,24706.5013,-25233115467.9531
2,2020-03,2,02_ACC_COGS_DPT_Prod_A,Expense,203593.73,62910.28,-9340.48,-13158.55,0.0,137569.9567,13756.9957,-419512979.4971
2,2020-03,3,03_ACC_COGS_DPT_Prod_B,Expense,90949.61,30693.47,-7119.96,-22490.68,0.0,57882.82,5788.282,-234460903.1687
2,2020-03,4,04_ACC_Cash_DPT_Admin,Asset,-143887.88,-36300.88,7258.62,-13209.38,0.0,105167.46,10516.746,381603493.9687
2,2020-03,5,05_ACC_Finished_Goods_DPT_Prod_A,Unknown,169228.43,81065.02,33642.73,26961.56,0.0,99377.6533,9937.7653,4148940704.6289
2,2020-03,6,06_ACC_Finished_Goods_DPT_Prod_B,Unknown,-1846.49,-5175.57,7337.92,35693.98,0.0,7006.0467,700.6047,47783781.4616
2,2020-03,7,07_ACC_Mfg_Overhead_Exp_DPT_Mfg_Support,Expense,2541.98,1267.63,2508.69,6265.16,0.0,2110.58,211.058,5562334.3927
2,2020-03,8,08_ACC_Raw_Materials_DPT_Ops,Unknown,-72789.56,-42862.91,-23450.18,-14551.37,0.0,37743.3767,3774.3377,-1046868072.3571
2,2020-03,9,09_ACC_Sales_Revenue_DPT_Sales,Revenue,-468585.33,-150404.45,24346.27,55666.83,0.0,310065.4567,31006.5457,2885414878.2851
2,2020-03,10,10_ACC_Work_In_Process_DPT_Prod_A,Unknown,0.0,0.0,0.0,0.0,0.0,0.0,0.0,0.0
2,2020-03,11,11_ACC_Work_In_Process_DPT_Prod_B,Unknown,-0.0,0.0,0.0,0.0,0.0,0.0,0.0,0.0
2,2020-03,12,12_ACC_Cash,Asset,1000000.0,0.0,0.0,0.0,0.0,1000000.0,100000.0,0.0
2,2020-03,13,13_ACC_Raw_Materials,Unknown,500000.0,0.0,0.0,0.0,0.0,500000.0,50000.0,0.0
2,2020-03,14,14_ACC_Finished_Goods,Unknown,500000.0,0.0,0.0,0.0,0.0,500000.0,50000.0,0.0
2,2020-03,15,15_ACC_Equity_Capital,Equity,2000000.0,0.0,0.0,0.0,0.0,2000000.0,200000.0,0.0
3,2020-04,0,00_ACC_Accounts_Payable_DPT_Admin,Liability,-138984.89,-44235.21,-69717.12,-139997.54,-179643.39,107349.81,10734.981,-7958983724.6282
3,2020-04,1,01_ACC_Accounts_Receivable_DPT_Admin,Asset,227273.44,-88271.75,-121597.25,-16133.22,84690.18,242117.12,24211.712,-31577986158.656
3,2020-04,2,02_ACC_COGS_DPT_Prod_A,Expense,237853.96,34260.23,-28650.05,-19309.57,-6151.02,162640.9575,16264.0958,-4102459903.2859
3,2020-04,3,03_ACC_COGS_DPT_Prod_B,Expense,109867.1,18917.49,-11775.98,-4656.02,17834.66,70878.89,7087.889,-700583321.7836
3,2020-04,4,04_ACC_Cash_DPT_Admin,Asset,-64039.31,79848.57,116149.45,108890.83,122100.21,94885.4225,9488.5423,11778536166.4397
3,2020-04,5,05_ACC_Finished_Goods_DPT_Prod_A,Unknown,262357.01,93128.58,12063.56,-21579.17,-48540.73,140122.4925,14012.2493,2995316970.8819
3,2020-04,6,06_ACC_Finished_Goods_DPT_Prod_B,Unknown,7356.63,9203.12,14378.69,7040.77,-28653.21,7093.6925,709.3693,108526415.7449
3,2020-04,7,07_ACC_Mfg_Overhead_Exp_DPT_Mfg_Support,Expense,1117.34,-1424.64,-2692.27,-5200.96,-11466.12,1862.27,186.227,-5279040.0862
3,2020-04,8,08_ACC_Raw_Materials_DPT_Ops,Unknown,-90095.54,-17305.98,25556.93,49007.11,63558.48,50831.4175,5083.1417,1211126229.3856
3,2020-04,9,09_ACC_Sales_Revenue_DPT_Sales,Revenue,-552705.74,-84120.41,66284.04,41937.77,-13729.06,370725.5275,37072.5528,21454627356.7545
3,2020-04,10,10_ACC_Work_In_Process_DPT_Prod_A,Unknown,0.0,0.0,-0.0,-0.0,-0.0,0.0,0.0,-0.0
3,2020-04,11,11_ACC_Work_In_Process_DPT_Prod_B,Unknown,-0.0,-0.0,-0.0,-0.0,-0.0,0.0,0.0,-0.0
3,2020-04,12,12_ACC_Cash,Asset,1000000.0,0.0,0.0,0.0,0.0,1000000.0,100000.0,0.0
3,2020-04,13,13_ACC_Raw_Materials,Unknown,500000.0,0.0,0.0,0.0,0.0,500000.0,50000.0,0.0
3,2020-04,14,14_ACC_Finished_Goods,Unknown,500000.0,0.0,0.0,0.0,0.0,500000.0,50000.0,0.0
3,2020-04,15,15_ACC_Equity_Capital,Equity,2000000.0,0.0,0.0,0.0,0.0,2000000.0,200000.0,0.0
4,2020-05,0,00_ACC_Accounts_Payable_DPT_Admin,Liability,-135414.38,3570.51,47805.72,117522.84,257520.38,122345.135,12234.5135,5892480719.9691
4,2020-05,1,01_ACC_Accounts_Receivable_DPT_Admin,Asset,169763.73,-57509.71,30762.04,152359.29,168492.51,248700.5125,24870.0513,6220265678.4729
4,2020-05,2,02_ACC_COGS_DPT_Prod_A,Expense,266741.28,28887.32,-5372.91,23277.14,42586.71,212218.105,21221.8105,-527187547.6427
4,2020-05,3,03_ACC_COGS_DPT_Prod_B,Expense,120697.46,10830.36,-8087.13,3688.85,8344.87,95442.5775,9544.2578,-668488784.4123
4,2020-05,4,04_ACC_Cash_DPT_Admin,Asset,-72922.8,-8883.49,-88732.06,-204881.51,-313772.34,97109.2475,9710.9248,-8702970478.6322
4,2020-05,5,05_ACC_Finished_Goods_DPT_Prod_A,Unknown,339410.78,77053.77,-16074.81,-28138.37,-6559.2,214789.9075,21478.9908,-1797669739.8974
4,2020-05,6,06_ACC_Finished_Goods_DPT_Prod_B,Unknown,33598.57,26241.94,17038.82,2660.13,-4380.64,11532.6925,1153.2693,226767494.0852
4,2020-05,7,07_ACC_Mfg_Overhead_Exp_DPT_Mfg_Support,Expense,3459.41,2342.07,3766.71,6458.98,11659.94,2098.27,209.827,8395004.1136
4,2020-05,8,08_ACC_Raw_Materials_DPT_Ops,Unknown,-107622.19,-17526.65,-220.67,-25777.6,-74784.71,75108.485,7510.8485,-148214202.2475
4,2020-05,9,09_ACC_Sales_Revenue_DPT_Sales,Revenue,-617711.86,-65006.12,19114.29,-47169.75,-89107.52,489295.9525,48929.5953,6171821591.5383
4,2020-05,10,10_ACC_Work_In_Process_DPT_Prod_A,Unknown,0.0,0.0,0.0,0.0,0.0,0.0,0.0,0.0
4,2020-05,11,11_ACC_Work_In_Process_DPT_Prod_B,Unknown,-0.0,0.0,0.0,0.0,0.0,0.0,0.0,0.0
4,2020-05,12,12_ACC_Cash,Asset,1000000.0,0.0,0.0,0.0,0.0,1000000.0,100000.0,0.0
4,2020-05,13,13_ACC_Raw_Materials,Unknown,500000.0,0.0,0.0,0.0,0.0,500000.0,50000.0,0.0
4,2020-05,14,14_ACC_Finished_Goods,Unknown,500000.0,0.0,0.0,0.0,0.0,500000.0,50000.0,0.0
4,2020-05,15,15_ACC_Equity_Capital,Equity,2000000.0,0.0,0.0,0.0,0.0,2000000.0,200000.0,0.0
5,2020-06,0,00_ACC_Accounts_Payable_DPT_Admin,Liability,-125589.49,9824.89,6254.38,-41551.34,-159074.18,123684.61,12368.461,895089319.8861
5,2020-06,1,01_ACC_Accounts_Receivable_DPT_Admin,Asset,151758.8,-18004.93,39504.78,8742.74,-143616.55,216085.29,21608.529,8147341790.6382
5,2020-06,2,02_ACC_COGS_DPT_Prod_A,Expense,307094.58,40353.3,11465.98,16838.89,-6438.25,253820.8875,25382.0888,3934556261.6126
5,2020-06,3,03_ACC_COGS_DPT_Prod_B,Expense,134195.36,13497.9,2667.54,10754.67,7065.82,113927.3825,11392.7383,457683891.5387
5,2020-06,4,04_ACC_Cash_DPT_Admin,Asset,-103691.85,-30769.05,-21885.56,66846.5,271728.01,96135.46,9613.546,-2399778055.5089
5,2020-06,5,05_ACC_Finished_Goods_DPT_Prod_A,Unknown,421313.41,81902.63,4848.86,20923.67,49062.04,298077.4075,29807.7407,3886667979.9136
5,2020-06,6,06_ACC_Finished_Goods_DPT_Prod_B,Unknown,50743.36,17144.79,-9097.15,-26135.97,-28796.1,23386.2625,2338.6263,-172653081.9571
5,2020-06,7,07_ACC_Mfg_Overhead_Exp_DPT_Mfg_Support,Expense,1760.45,-1698.96,-4041.03,-7807.74,-14266.72,2219.795,221.9795,-9347392.4802
5,2020-06,8,08_ACC_Raw_Materials_DPT_Ops,Unknown,-132933.38,-25311.19,-7784.54,-7563.87,18213.73,100860.1675,10086.0167,-1040439094.6129
5,2020-06,9,09_ACC_Sales_Revenue_DPT_Sales,Revenue,-704651.24,-86939.38,-21933.26,-41047.55,6122.2,585913.5425,58591.3543,-17944890077.0289
5,2020-06,10,10_ACC_Work_In_Process_DPT_Prod_A,Unknown,0.0,-0.0,-0.0,-0.0,-0.0,0.0,0.0,-0.0
5,2020-06,11,11_ACC_Work_In_Process_DPT_Prod_B,Unknown,-0.0,0.0,0.0,-0.0,-0.0,0.0,0.0,0.0
5,2020-06,12,12_ACC_Cash,Asset,1000000.0,0.0,0.0,0.0,0.0,1000000.0,100000.0,0.0
5,2020-06,13,13_ACC_Raw_Materials,Unknown,500000.0,0.0,0.0,0.0,0.0,500000.0,50000.0,0.0
5,2020-06,14,14_ACC_Finished_Goods,Unknown,500000.0,0.0,0.0,0.0,0.0,500000.0,50000.0,0.0
5,2020-06,15,15_ACC_Equity_Capital,Equity,2000000.0,0.0,0.0,0.0,0.0,2000000.0,200000.0,0.0
6,2020-07,0,00_ACC_Accounts_Payable_DPT_Admin,Liability,-117988.2,7601.29,-2223.6,-8477.98,33073.36,129494.24,12949.424,-189511064.907
6,2020-07,1,01_ACC_Accounts_Receivable_DPT_Admin,Asset,245049.93,93291.13,111296.06,71791.28,63048.54,198461.475,19846.1475,23939449755.7102
6,2020-07,2,02_ACC_COGS_DPT_Prod_A,Expense,378546.96,71452.38,31099.08,19633.1,2794.21,297559.195,29755.9195,11379948477.404
6,2020-07,3,03_ACC_COGS_DPT_Prod_B,Expense,169073.87,34878.51,21380.61,18713.07,7958.4,133458.4475,13345.8448,3318906196.7743
6,2020-07,4,04_ACC_Cash_DPT_Admin,Asset,-170518.15,-66826.3,-36057.25,-14171.69,-81018.19,102793.0275,10279.3028,-4393361660.1867
6,2020-07,5,05_ACC_Finished_Goods_DPT_Prod_A,Unknown,459245.84,37932.43,-43970.2,-48819.06,-69742.73,370581.76,37058.176,-14888847436.5043
6,2020-07,6,06_ACC_Finished_Goods_DPT_Prod_B,Unknown,58900.48,8157.12,-8987.67,109.48,26245.45,37649.76,3764.976,-307672257.4301
6,2020-07,7,07_ACC_Mfg_Overhead_Exp_DPT_Mfg_Support,Expense,2310.59,550.14,2249.1,6290.13,14097.87,2161.9475,216.1947,4981373.502
6,2020-07,8,08_ACC_Raw_Materials_DPT_Ops,Unknown,-148746.52,-15813.14,9498.05,17282.59,24846.46,119849.4075,11984.9407,948816118.9339
6,2020-07,9,09_ACC_Sales_Revenue_DPT_Sales,Revenue,-875874.8,-171223.56,-84284.18,-62350.92,-21303.37,687735.91,68773.591,-69740916315.9078
6,2020-07,10,10_ACC_Work_In_Process_DPT_Prod_A,Unknown,0.0,0.0,0.0,0.0,0.0,0.0,0.0,0.0
6,2020-07,11,11_ACC_Work_In_Process_DPT_Prod_B,Unknown,-0.0,-0.0,-0.0,-0.0,-0.0,0.0,0.0,-0.0
6,2020-07,12,12_ACC_Cash,Asset,1000000.0,0.0,0.0,0.0,0.0,1000000.0,100000.0,0.0
6,2020-07,13,13_ACC_Raw_Materials,Unknown,500000.0,0.0,0.0,0.0,0.0,500000.0,50000.0,0.0
6,2020-07,14,14_ACC_Finished_Goods,Unknown,500000.0,0.0,0.0,0.0,0.0,500000.0,50000.0,0.0
6,2020-07,15,15_ACC_Equity_Capital,Equity,2000000.0,0.0,0.0,0.0,0.0,2000000.0,200000.0,0.0
7,2020-08,0,00_ACC_Accounts_Payable_DPT_Admin,Liability,-103581.86,14406.34,6805.05,9028.65,17506.63,120643.4825,12064.3483,994788033.3545
7,2020-08,1,01_ACC_Accounts_Receivable_DPT_Admin,Asset,333393.61,88343.68,-4947.45,-116243.51,-188034.79,224991.5175,22499.1518,874523579.2181
7,2020-08,2,02_ACC_COGS_DPT_Prod_A,Expense,458058.82,79511.86,8059.48,-23039.6,-42672.7,352610.41,35261.041,5645527502.6331
7,2020-08,3,03_ACC_COGS_DPT_Prod_B,Expense,207429.51,38355.64,3477.13,-17903.48,-36616.55,157849.05,15784.905,1154301800.8407
7,2020-08,4,04_ACC_Cash_DPT_Admin,Asset,-215061.88,-44543.73,22282.57,58339.82,72511.51,140548.67,14054.867,2505729376.848
7,2020-08,5,05_ACC_Finished_Goods_DPT_Prod_A,Unknown,501128.62,41882.78,3950.35,47920.55,96739.61,430274.6625,43027.4662,3501845415.9131
7,2020-08,6,06_ACC_Finished_Goods_DPT_Prod_B,Unknown,60948.76,2048.28,-6108.84,2878.83,2769.35,51047.7925,5104.7793,-301386779.4935
7,2020-08,7,07_ACC_Mfg_Overhead_Exp_DPT_Mfg_Support,Expense,2052.12,-258.47,-808.61,-3057.71,-9347.84,2395.6425,239.5642,-1999060.6536
7,2020-08,8,08_ACC_Raw_Materials_DPT_Ops,Unknown,-183931.34,-35184.82,-19371.68,-28869.73,-46152.32,143308.3575,14330.8357,-3280351519.1289
7,2020-08,9,09_ACC_Sales_Revenue_DPT_Sales,Revenue,-1060436.36,-184561.56,-13338.0,70946.18,133297.1,814668.565,81466.8565,-25901699443.9061
7,2020-08,10,10_ACC_Work_In_Process_DPT_Prod_A,Unknown,0.0,0.0,0.0,-0.0,-0.0,0.0,0.0,0.0
7,2020-08,11,11_ACC_Work_In_Process_DPT_Prod_B,Unknown,-0.0,0.0,0.0,0.0,0.0,0.0,0.0,0.0
7,2020-08,12,12_ACC_Cash,Asset,1000000.0,0.0,0.0,0.0,0.0,1000000.0,100000.0,0.0
7,2020-08,13,13_ACC_Raw_Materials,Unknown,500000.0,0.0,0.0,0.0,0.0,500000.0,50000.0,0.0
7,2020-08,14,14_ACC_Finished_Goods,Unknown,500000.0,0.0,0.0,0.0,0.0,500000.0,50000.0,0.0
7,2020-08,15,15_ACC_Equity_Capital,Equity,2000000.0,0.0,0.0,0.0,0.0,2000000.0,200000.0,0.0
8,2020-09,0,00_ACC_Accounts_Payable_DPT_Admin,Liability,-150510.45,-46928.59,-61334.93,-68139.98,-77168.63,124417.5,12441.75,-8215012437.9075
8,2020-09,1,01_ACC_Accounts_Receivable_DPT_Admin,Asset,330460.63,-2932.98,-91276.66,-86329.21,29914.3,265165.7425,26516.5743,-24281215903.7638
8,2020-09,2,02_ACC_COGS_DPT_Prod_A,Expense,518215.92,60157.1,-19354.76,-27414.24,-4374.64,415479.07,41547.907,-5542096088.6835
8,2020-09,3,03_ACC_COGS_DPT_Prod_B,Expense,236371.89,28942.38,-9413.26,-12890.39,5013.09,186767.6575,18676.7658,-1217542468.131
8,2020-09,4,04_ACC_Cash_DPT_Admin,Asset,-163363.89,51697.99,96241.72,73959.15,15619.33,163158.9425,16315.8943,16546196197.3587
8,2020-09,5,05_ACC_Finished_Goods_DPT_Prod_A,Unknown,573247.52,72118.9,30236.12,26285.77,-21634.78,488733.8475,48873.3848,18302110008.5185
8,2020-09,6,06_ACC_Finished_Goods_DPT_Prod_B,Unknown,55301.82,-5646.94,-7695.22,-1586.38,-4465.21,56473.605,5647.3605,-466467120.57
8,2020-09,7,07_ACC_Mfg_Overhead_Exp_DPT_Mfg_Support,Expense,1619.9,-432.22,-173.75,634.86,3692.57,1935.765,193.5765,-420006.8036
8,2020-09,8,08_ACC_Raw_Materials_DPT_Ops,Unknown,-197460.39,-13529.05,21655.77,41027.45,69897.18,165767.9075,16576.7907,3365563447.305
8,2020-09,9,09_ACC_Sales_Revenue_DPT_Sales,Revenue,-1203882.95,-143446.59,41114.97,54452.97,-16493.21,961211.3375,96121.1338,25731926441.601
8,2020-09,10,10_ACC_Work_In_Process_DPT_Prod_A,Unknown,-0.0,-0.0,-0.0,-0.0,0.0,0.0,0.0,-0.0
8,2020-09,11,11_ACC_Work_In_Process_DPT_Prod_B,Unknown,-0.0,0.0,0.0,-0.0,-0.0,0.0,0.0,0.0
8,2020-09,12,12_ACC_Cash,Asset,1000000.0,0.0,0.0,0.0,0.0,1000000.0,100000.0,0.0
8,2020-09,13,13_ACC_Raw_Materials,Unknown,500000.0,0.0,0.0,0.0,0.0,500000.0,50000.0,0.0
8,2020-09,14,14_ACC_Finished_Goods,Unknown,500000.0,0.0,0.0,0.0,0.0,500000.0,50000.0,0.0
8,2020-09,15,15_ACC_Equity_Capital,Equity,2000000.0,0.0,0.0,0.0,0.0,2000000.0,200000.0,0.0
9,2020-10,0,00_ACC_Accounts_Payable_DPT_Admin,Liability,-128731.61,21778.84,68707.43,130042.36,198182.34,125203.03,12520.303,8875056095.3014
9,2020-10,1,01_ACC_Accounts_Receivable_DPT_Admin,Asset,235261.41,-95199.22,-92266.24,-989.58,85339.63,286041.395,28604.1395,-29115055770.176
9,2020-10,2,02_ACC_COGS_DPT_Prod_A,Expense,555775.0,37559.08,-22598.02,-3243.26,24170.98,477649.175,47764.9175,-8999919252.0576
9,2020-10,3,03_ACC_COGS_DPT_Prod_B,Expense,253487.08,17115.19,-11827.19,-2413.93,10476.46,216590.5875,21659.0588,-2190959124.8467
9,2020-10,4,04_ACC_Cash_DPT_Admin,Asset,-128618.57,34745.32,-16952.67,-113194.39,-187153.54,169390.6225,16939.0622,-2283070185.9609
9,2020-10,5,05_ACC_Finished_Goods_DPT_Prod_A,Unknown,665373.67,92126.15,20007.25,-10228.87,-36514.64,549748.9125,54974.8913,16063589007.1468
9,2020-10,6,06_ACC_Finished_Goods_DPT_Prod_B,Unknown,68740.54,13438.72,19085.66,26780.88,28367.26,60972.9,6097.29,1245647811.6828
9,2020-10,7,07_ACC_Mfg_Overhead_Exp_DPT_Mfg_Support,Expense,2982.75,1362.85,1795.07,1968.82,1333.96,2241.34,224.134,4328823.2157
9,2020-10,8,08_ACC_Raw_Materials_DPT_Ops,Unknown,-231638.29,-34177.9,-20648.85,-42304.62,-83332.07,190444.135,19044.4135,-4583350437.1564
9,2020-10,9,09_ACC_Sales_Revenue_DPT_Sales,Revenue,-1292631.98,-88749.03,54697.56,13582.59,-40870.38,1108206.5225,110820.6523,50780967365.6803
9,2020-10,10,10_ACC_Work_In_Process_DPT_Prod_A,Unknown,-0.0,0.0,0.0,0.0,0.0,0.0,0.0,0.0
9,2020-10,11,11_ACC_Work_In_Process_DPT_Prod_B,Unknown,-0.0,0.0,0.0,0.0,0.0,0.0,0.0,0.0
9,2020-10,12,12_ACC_Cash,Asset,1000000.0,0.0,0.0,0.0,0.0,1000000.0,100000.0,0.0
9,2020-10,13,13_ACC_Raw_Materials,Unknown,500000.0,0.0,0.0,0.0,0.0,500000.0,50000.0,0.0
9,2020-10,14,14_ACC_Finished_Goods,Unknown,500000.0,0.0,0.0,0.0,0.0,500000.0,50000.0,0.0
9,2020-10,15,15_ACC_Equity_Capital,Equity,2000000.0,0.0,0.0,0.0,0.0,2000000.0,200000.0,0.0
10,2020-11,0,00_ACC_Accounts_Payable_DPT_Admin,Liability,-150056.45,-21324.84,-43103.68,-111811.11,-241853.47,133220.0925,13322.0092,-6026365952.4252
10,2020-11,1,01_ACC_Accounts_Receivable_DPT_Admin,Asset,148417.97,-86843.44,8355.78,100622.02,101611.6,261883.405,26188.3405,-86045459.0804
10,2020-11,2,02_ACC_COGS_DPT_Prod_A,Expense,580727.52,24952.52,-12606.56,9991.46,13234.72,528194.315,52819.4315,-5340735402.814
10,2020-11,3,03_ACC_COGS_DPT_Prod_B,Expense,265350.19,11863.11,-5252.08,6575.11,8989.04,240659.6675,24065.9667,-978466615.6718
10,2020-11,4,04_ACC_Cash_DPT_Admin,Asset,-83556.31,45062.26,10316.94,27269.61,140464.0,147650.1625,14765.0163,2188642868.6645
10,2020-11,5,05_ACC_Finished_Goods_DPT_Prod_A,Unknown,760243.23,94869.56,2743.41,-17263.84,-7034.97,624998.26,62499.826,7643957469.1632
10,2020-11,6,06_ACC_Finished_Goods_DPT_Prod_B,Unknown,84277.82,15537.28,2098.56,-16987.1,-43767.98,67317.235,6731.7235,245861929.5837
10,2020-11,7,07_ACC_Mfg_Overhead_Exp_DPT_Mfg_Support,Expense,1467.53,-1515.22,-2878.07,-4673.14,-6641.96,2030.575,203.0575,-6151813.7754
10,2020-11,8,08_ACC_Raw_Materials_DPT_Ops,Unknown,-257262.28,-25623.99,8553.91,29202.76,71507.38,217573.075,21757.3075,1303591472.1663
10,2020-11,9,09_ACC_Sales_Revenue_DPT_Sales,Revenue,-1349609.22,-56977.24,31771.79,-22925.77,-36508.36,1226640.1275,122664.0128,31983495642.6834
10,2020-11,10,10_ACC_Work_In_Process_DPT_Prod_A,Unknown,-0.0,0.0,0.0,-0.0,-0.0,0.0,0.0,0.0
10,2020-11,11,11_ACC_Work_In_Process_DPT_Prod_B,Unknown,-0.0,0.0,0.0,0.0,0.0,0.0,0.0,0.0
10,2020-11,12,12_ACC_Cash,Asset,1000000.0,0.0,0.0,0.0,0.0,1000000.0,100000.0,0.0
10,2020-11,13,13_ACC_Raw_Materials,Unknown,500000.0,0.0,0.0,0.0,0.0,500000.0,50000.0,0.0
10,2020-11,14,14_ACC_Finished_Goods,Unknown,500000.0,0.0,0.0,0.0,0.0,500000.0,50000.0,0.0
10,2020-11,15,15_ACC_Equity_Capital,Equity,2000000.0,0.0,0.0,0.0,0.0,2000000.0,200000.0,0.0
11,2020-12,0,00_ACC_Accounts_Payable_DPT_Admin,Liability,-122380.81,27675.64,49000.48,92104.16,203915.27,137919.83,13791.983,7139839827.9125
11,2020-12,1,01_ACC_Accounts_Receivable_DPT_Admin,Asset,138128.0,-10289.97,76553.47,68197.69,-32424.33,213067.0025,21306.7003,16091773077.5022
11,2020-12,2,02_ACC_COGS_DPT_Prod_A,Expense,619685.1,38957.58,14005.06,26611.62,16620.16,568600.885,56860.0885,10178420957.0239
11,2020-12,3,03_ACC_COGS_DPT_Prod_B,Expense,279189.15,13838.96,1975.85,7227.93,652.82,258599.5775,25859.9578,868828896.1073
11,2020-12,4,04_ACC_Cash_DPT_Admin,Asset,-133500.09,-49943.78,-95006.04,-105322.98,-132592.59,127259.715,12725.9715,-12726024694.5609
11,2020-12,5,05_ACC_Finished_Goods_DPT_Prod_A,Unknown,809933.74,49690.51,-45179.05,-47922.46,-30658.62,702199.54,70219.954,-28235442801.2005
11,2020-12,6,06_ACC_Finished_Goods_DPT_Prod_B,Unknown,86420.47,2142.65,-13394.63,-15493.19,1493.91,73685.1625,7368.5163,-971197336.8343
11,2020-12,7,07_ACC_Mfg_Overhead_Exp_DPT_Mfg_Support,Expense,25001.12,23533.59,25048.81,27926.88,32600.02,7767.825,776.7825,212855253.4124
11,2020-12,8,08_ACC_Raw_Materials_DPT_Ops,Unknown,-268731.57,-11469.29,14154.7,5600.79,-23601.97,238773.1325,23877.3132,3105906228.5127
11,2020-12,9,09_ACC_Sales_Revenue_DPT_Sales,Revenue,-1433745.11,-84135.89,-27158.65,-58930.44,-36004.67,1319967.315,131996.7315,-46954192801.3683
11,2020-12,10,10_ACC_Work_In_Process_DPT_Prod_A,Unknown,-0.0,0.0,0.0,0.0,0.0,0.0,0.0,0.0
11,2020-12,11,11_ACC_Work_In_Process_DPT_Prod_B,Unknown,-0.0,0.0,0.0,0.0,0.0,0.0,0.0,0.0
11,2020-12,12,12_ACC_Cash,Asset,1000000.0,0.0,0.0,0.0,0.0,1000000.0,100000.0,0.0
11,2020-12,13,13_ACC_Raw_Materials,Unknown,500000.0,0.0,0.0,0.0,0.0,500000.0,50000.0,0.0
11,2020-12,14,14_ACC_Finished_Goods,Unknown,500000.0,0.0,0.0,0.0,0.0,500000.0,50000.0,0.0
11,2020-12,15,15_ACC_Equity_Capital,Equity,2000000.0,0.0,0.0,0.0,0.0,2000000.0,200000.0,0.0
