t_idx,time_label,src_idx,src_label,tgt_idx,tgt_label,coherence,phase_shift
3,2020-04,0,00_USR_001,0,00_USR_001,1.0,-0.0
4,2020-05,0,00_USR_001,0,00_USR_001,1.0,-0.0
5,2020-06,0,00_USR_001,0,00_USR_001,1.0,-0.0
6,2020-07,0,00_USR_001,0,00_USR_001,1.0,-0.0
7,2020-08,0,00_USR_001,0,00_USR_001,1.0,0.0
8,2020-09,0,00_USR_001,0,00_USR_001,1.0,0.0
9,2020-10,0,00_USR_001,0,00_USR_001,1.0,-0.0
10,2020-11,0,00_USR_001,0,00_USR_001,1.0,0.0
11,2020-12,0,00_USR_001,0,00_USR_001,1.0,-0.0
12,2021-01,0,00_USR_001,0,00_USR_001,1.0,0.0
13,2021-02,0,00_USR_001,0,00_USR_001,1.0,-0.0
14,2021-03,0,00_USR_001,0,00_USR_001,1.0,0.0
15,2021-04,0,00_USR_001,0,00_USR_001,1.0,0.0
16,2021-05,0,00_USR_001,0,00_USR_001,1.0,0.0
17,2021-06,0,00_USR_001,0,00_USR_001,1.0,-0.0
18,2021-07,0,00_USR_001,0,00_USR_001,1.0,-0.0
19,2021-08,0,00_USR_001,0,00_USR_001,1.0,-0.0
20,2021-09,0,00_USR_001,0,00_USR_001,1.0,-0.0
3,2020-04,0,00_USR_001,1,01_USR_002,1.0,-1.286
4,2020-05,0,00_USR_001,1,01_USR_002,1.0,0.2542
5,2020-06,0,00_USR_001,1,01_USR_002,1.0,1.056
6,2020-07,0,00_USR_001,1,01_USR_002,1.0,-2.1161
7,2020-08,0,00_USR_001,1,01_USR_002,1.0,-0.7731
8,2020-09,0,00_USR_001,1,01_USR_002,1.0,-1.1092
9,2020-10,0,00_USR_001,1,01_USR_002,1.0,-0.8153
10,2020-11,0,00_USR_001,1,01_USR_002,1.0,-1.8154
11,2020-12,0,00_USR_001,1,01_USR_002,1.0,-2.7053
12,2021-01,0,00_USR_001,1,01_USR_002,1.0,1.5779
13,2021-02,0,00_USR_001,1,01_USR_002,1.0,1.8872
14,2021-03,0,00_USR_001,1,01_USR_002,1.0,2.3459
15,2021-04,0,00_USR_001,1,01_USR_002,1.0,2.7537
16,2021-05,0,00_USR_001,1,01_USR_002,1.0,2.8703
17,2021-06,0,00_USR_001,1,01_USR_002,1.0,-2.6669
18,2021-07,0,00_USR_001,1,01_USR_002,1.0,-2.539
19,2021-08,0,00_USR_001,1,01_USR_002,1.0,-2.7378
20,2021-09,0,00_USR_001,1,01_USR_002,1.0,0.3693
3,2020-04,0,00_USR_001,2,02_USR_003,1.0,0.0406
4,2020-05,0,00_USR_001,2,02_USR_003,1.0,0.3048
5,2020-06,0,00_USR_001,2,02_USR_003,1.0,2.803
6,2020-07,0,00_USR_001,2,02_USR_003,1.0,-2.7611
7,2020-08,0,00_USR_001,2,02_USR_003,1.0,2.3829
8,2020-09,0,00_USR_001,2,02_USR_003,1.0,1.2503
9,2020-10,0,00_USR_001,2,02_USR_003,1.0,-2.8385
10,2020-11,0,00_USR_001,2,02_USR_003,1.0,2.2544
11,2020-12,0,00_USR_001,2,02_USR_003,1.0,0.9219
12,2021-01,0,00_USR_001,2,02_USR_003,1.0,3.1234
13,2021-02,0,00_USR_001,2,02_USR_003,1.0,1.7446
14,2021-03,0,00_USR_001,2,02_USR_003,1.0,0.7685
15,2021-04,0,00_USR_001,2,02_USR_003,1.0,0.1203
16,2021-05,0,00_USR_001,2,02_USR_003,1.0,-0.5156
17,2021-06,0,00_USR_001,2,02_USR_003,1.0,-0.1008
18,2021-07,0,00_USR_001,2,02_USR_003,1.0,-0.5124
19,2021-08,0,00_USR_001,2,02_USR_003,1.0,-1.2203
20,2021-09,0,00_USR_001,2,02_USR_003,1.0,1.9286
3,2020-04,0,00_USR_001,3,03_USR_004,1.0,0.0656
4,2020-05,0,00_USR_001,3,03_USR_004,1.0,0.261
5,2020-06,0,00_USR_001,3,03_USR_004,1.0,2.9176
6,2020-07,0,00_USR_001,3,03_USR_004,1.0,-2.7538
7,2020-08,0,00_USR_001,3,03_USR_004,1.0,2.3944
8,2020-09,0,00_USR_001,3,03_USR_004,1.0,1.0897
9,2020-10,0,00_USR_001,3,03_USR_004,1.0,-2.6881
10,2020-11,0,00_USR_001,3,03_USR_004,1.0,2.2634
11,2020-12,0,00_USR_001,3,03_USR_004,1.0,0.9128
12,2021-01,0,00_USR_001,3,03_USR_004,1.0,3.1152
13,2021-02,0,00_USR_001,3,03_USR_004,1.0,1.7257
14,2021-03,0,00_USR_001,3,03_USR_004,1.0,0.7561
15,2021-04,0,00_USR_001,3,03_USR_004,1.0,0.1384
16,2021-05,0,00_USR_001,3,03_USR_004,1.0,-0.4307
17,2021-06,0,00_USR_001,3,03_USR_004,1.0,-0.1052
18,2021-07,0,00_USR_001,3,03_USR_004,1.0,-0.5361
19,2021-08,0,00_USR_001,3,03_USR_004,1.0,-1.2549
20,2021-09,0,00_USR_001,3,03_USR_004,1.0,1.8958
3,2020-04,0,00_USR_001,4,04_USR_005,1.0,-0.2453
4,2020-05,0,00_USR_001,4,04_USR_005,1.0,-0.7018
5,2020-06,0,00_USR_001,4,04_USR_005,1.0,-0.7995
6,2020-07,0,00_USR_001,4,04_USR_005,1.0,1.6211
7,2020-08,0,00_USR_001,4,04_USR_005,1.0,2.2879
8,2020-09,0,00_USR_001,4,04_USR_005,1.0,-0.6313
9,2020-10,0,00_USR_001,4,04_USR_005,1.0,-0.7945
10,2020-11,0,00_USR_001,4,04_USR_005,1.0,-1.7989
11,2020-12,0,00_USR_001,4,04_USR_005,1.0,-0.7873
12,2021-01,0,00_USR_001,4,04_USR_005,1.0,-2.6901
13,2021-02,0,00_USR_001,4,04_USR_005,1.0,-2.6327
14,2021-03,0,00_USR_001,4,04_USR_005,1.0,-2.2272
15,2021-04,0,00_USR_001,4,04_USR_005,1.0,-2.7387
16,2021-05,0,00_USR_001,4,04_USR_005,1.0,-2.8387
17,2021-06,0,00_USR_001,4,04_USR_005,1.0,-0.3799
18,2021-07,0,00_USR_001,4,04_USR_005,1.0,-0.4012
19,2021-08,0,00_USR_001,4,04_USR_005,1.0,-1.8755
20,2021-09,0,00_USR_001,4,04_USR_005,1.0,0.3885
3,2020-04,0,00_USR_001,5,05_USR_006,1.0,1.9629
4,2020-05,0,00_USR_001,5,05_USR_006,1.0,-2.8697
5,2020-06,0,00_USR_001,5,05_USR_006,1.0,-2.4864
6,2020-07,0,00_USR_001,5,05_USR_006,1.0,-1.9169
7,2020-08,0,00_USR_001,5,05_USR_006,1.0,-0.8124
8,2020-09,0,00_USR_001,5,05_USR_006,1.0,-0.405
9,2020-10,0,00_USR_001,5,05_USR_006,1.0,-1.6085
10,2020-11,0,00_USR_001,5,05_USR_006,1.0,2.8335
11,2020-12,0,00_USR_001,5,05_USR_006,1.0,0.8111
12,2021-01,0,00_USR_001,5,05_USR_006,1.0,2.8273
13,2021-02,0,00_USR_001,5,05_USR_006,1.0,1.9883
14,2021-03,0,00_USR_001,5,05_USR_006,1.0,1.5203
15,2021-04,0,00_USR_001,5,05_USR_006,1.0,2.3111
16,2021-05,0,00_USR_001,5,05_USR_006,1.0,2.441
17,2021-06,0,00_USR_001,5,05_USR_006,1.0,1.6704
18,2021-07,0,00_USR_001,5,05_USR_006,1.0,0.3748
19,2021-08,0,00_USR_001,5,05_USR_006,1.0,0.0161
20,2021-09,0,00_USR_001,5,05_USR_006,1.0,-2.6823
3,2020-04,0,00_USR_001,6,06_USR_007,1.0,-0.3141
4,2020-05,0,00_USR_001,6,06_USR_007,1.0,-0.2993
5,2020-06,0,00_USR_001,6,06_USR_007,1.0,-0.882
6,2020-07,0,00_USR_001,6,06_USR_007,1.0,-0.9941
7,2020-08,0,00_USR_001,6,06_USR_007,1.0,0.7674
8,2020-09,0,00_USR_001,6,06_USR_007,1.0,0.3568
9,2020-10,0,00_USR_001,6,06_USR_007,1.0,0.3944
10,2020-11,0,00_USR_001,6,06_USR_007,1.0,-1.3217
11,2020-12,0,00_USR_001,6,06_USR_007,1.0,-2.3372
12,2021-01,0,00_USR_001,6,06_USR_007,1.0,0.0693
13,2021-02,0,00_USR_001,6,06_USR_007,1.0,-0.1932
14,2021-03,0,00_USR_001,6,06_USR_007,1.0,-0.8004
15,2021-04,0,00_USR_001,6,06_USR_007,1.0,-2.9734
16,2021-05,0,00_USR_001,6,06_USR_007,1.0,3.0357
17,2021-06,0,00_USR_001,6,06_USR_007,1.0,-2.6638
18,2021-07,0,00_USR_001,6,06_USR_007,1.0,-2.7845
19,2021-08,0,00_USR_001,6,06_USR_007,1.0,-2.3015
20,2021-09,0,00_USR_001,6,06_USR_007,1.0,1.5821
3,2020-04,0,00_USR_001,7,07_USR_008,1.0,1.1019
4,2020-05,0,00_USR_001,7,07_USR_008,1.0,0.9357
5,2020-06,0,00_USR_001,7,07_USR_008,1.0,-3.033
6,2020-07,0,00_USR_001,7,07_USR_008,1.0,-2.0806
7,2020-08,0,00_USR_001,7,07_USR_008,1.0,-1.7276
8,2020-09,0,00_USR_001,7,07_USR_008,1.0,0.2418
9,2020-10,0,00_USR_001,7,07_USR_008,1.0,1.4575
10,2020-11,0,00_USR_001,7,07_USR_008,1.0,-2.9246
11,2020-12,0,00_USR_001,7,07_USR_008,1.0,-0.7259
12,2021-01,0,00_USR_001,7,07_USR_008,1.0,-2.6987
13,2021-02,0,00_USR_001,7,07_USR_008,1.0,-2.7228
14,2021-03,0,00_USR_001,7,07_USR_008,1.0,2.821
15,2021-04,0,00_USR_001,7,07_USR_008,1.0,2.4033
16,2021-05,0,00_USR_001,7,07_USR_008,1.0,1.8565
17,2021-06,0,00_USR_001,7,07_USR_008,1.0,1.6035
18,2021-07,0,00_USR_001,7,07_USR_008,1.0,-0.0478
19,2021-08,0,00_USR_001,7,07_USR_008,1.0,-1.3215
20,2021-09,0,00_USR_001,7,07_USR_008,1.0,1.8992
3,2020-04,0,00_USR_001,8,08_USR_009,1.0,1.7267
4,2020-05,0,00_USR_001,8,08_USR_009,1.0,1.096
5,2020-06,0,00_USR_001,8,08_USR_009,1.0,3.0478
6,2020-07,0,00_USR_001,8,08_USR_009,1.0,-2.7872
7,2020-08,0,00_USR_001,8,08_USR_009,1.0,1.5635
8,2020-09,0,00_USR_001,8,08_USR_009,1.0,0.8228
9,2020-10,0,00_USR_001,8,08_USR_009,1.0,1.4673
10,2020-11,0,00_USR_001,8,08_USR_009,1.0,2.0694
11,2020-12,0,00_USR_001,8,08_USR_009,1.0,1.6979
12,2021-01,0,00_USR_001,8,08_USR_009,1.0,0.4993
13,2021-02,0,00_USR_001,8,08_USR_009,1.0,1.0014
14,2021-03,0,00_USR_001,8,08_USR_009,1.0,0.4752
15,2021-04,0,00_USR_001,8,08_USR_009,1.0,0.1246
16,2021-05,0,00_USR_001,8,08_USR_009,1.0,-0.5549
17,2021-06,0,00_USR_001,8,08_USR_009,1.0,0.0388
18,2021-07,0,00_USR_001,8,08_USR_009,1.0,0.0294
19,2021-08,0,00_USR_001,8,08_USR_009,1.0,-0.0585
20,2021-09,0,00_USR_001,8,08_USR_009,1.0,-2.7028
3,2020-04,0,00_USR_001,9,09_USR_010,1.0,1.626
4,2020-05,0,00_USR_001,9,09_USR_010,1.0,-0.3325
5,2020-06,0,00_USR_001,9,09_USR_010,1.0,-1.1673
6,2020-07,0,00_USR_001,9,09_USR_010,1.0,-2.6868
7,2020-08,0,00_USR_001,9,09_USR_010,1.0,2.2544
8,2020-09,0,00_USR_001,9,09_USR_010,1.0,0.9621
9,2020-10,0,00_USR_001,9,09_USR_010,1.0,0.6276
10,2020-11,0,00_USR_001,9,09_USR_010,1.0,-0.807
11,2020-12,0,00_USR_001,9,09_USR_010,1.0,-0.6278
12,2021-01,0,00_USR_001,9,09_USR_010,1.0,-2.6879
13,2021-02,0,00_USR_001,9,09_USR_010,1.0,-2.7107
14,2021-03,0,00_USR_001,9,09_USR_010,1.0,-2.7671
15,2021-04,0,00_USR_001,9,09_USR_010,1.0,0.6439
16,2021-05,0,00_USR_001,9,09_USR_010,1.0,1.07
17,2021-06,0,00_USR_001,9,09_USR_010,1.0,1.7649
18,2021-07,0,00_USR_001,9,09_USR_010,1.0,2.2092
19,2021-08,0,00_USR_001,9,09_USR_010,1.0,-2.4143
20,2021-09,0,00_USR_001,9,09_USR_010,1.0,0.7483
3,2020-04,1,01_USR_002,0,00_USR_001,1.0,1.286
4,2020-05,1,01_USR_002,0,00_USR_001,1.0,-0.2542
5,2020-06,1,01_USR_002,0,00_USR_001,1.0,-1.056
6,2020-07,1,01_USR_002,0,00_USR_001,1.0,2.1161
7,2020-08,1,01_USR_002,0,00_USR_001,1.0,0.7731
8,2020-09,1,01_USR_002,0,00_USR_001,1.0,1.1092
9,2020-10,1,01_USR_002,0,00_USR_001,1.0,0.8153
10,2020-11,1,01_USR_002,0,00_USR_001,1.0,1.8154
11,2020-12,1,01_USR_002,0,00_USR_001,1.0,2.7053
12,2021-01,1,01_USR_002,0,00_USR_001,1.0,-1.5779
13,2021-02,1,01_USR_002,0,00_USR_001,1.0,-1.8872
14,2021-03,1,01_USR_002,0,00_USR_001,1.0,-2.3459
15,2021-04,1,01_USR_002,0,00_USR_001,1.0,-2.7537
16,2021-05,1,01_USR_002,0,00_USR_001,1.0,-2.8703
17,2021-06,1,01_USR_002,0,00_USR_001,1.0,2.6669
18,2021-07,1,01_USR_002,0,00_USR_001,1.0,2.539
19,2021-08,1,01_USR_002,0,00_USR_001,1.0,2.7378
20,2021-09,1,01_USR_002,0,00_USR_001,1.0,-0.3693
3,2020-04,1,01_USR_002,1,01_USR_002,1.0,0.0
4,2020-05,1,01_USR_002,1,01_USR_002,1.0,-0.0
5,2020-06,1,01_USR_002,1,01_USR_002,1.0,0.0
6,2020-07,1,01_USR_002,1,01_USR_002,1.0,0.0
7,2020-08,1,01_USR_002,1,01_USR_002,1.0,-0.0
8,2020-09,1,01_USR_002,1,01_USR_002,1.0,-0.0
9,2020-10,1,01_USR_002,1,01_USR_002,1.0,0.0
10,2020-11,1,01_USR_002,1,01_USR_002,1.0,-0.0
11,2020-12,1,01_USR_002,1,01_USR_002,1.0,0.0
12,2021-01,1,01_USR_002,1,01_USR_002,1.0,-0.0
13,2021-02,1,01_USR_002,1,01_USR_002,1.0,0.0
14,2021-03,1,01_USR_002,1,01_USR_002,1.0,-0.0
15,2021-04,1,01_USR_002,1,01_USR_002,1.0,-0.0
16,2021-05,1,01_USR_002,1,01_USR_002,1.0,0.0
17,2021-06,1,01_USR_002,1,01_USR_002,1.0,-0.0
18,2021-07,1,01_USR_002,1,01_USR_002,1.0,0.0
19,2021-08,1,01_USR_002,1,01_USR_002,1.0,-0.0
20,2021-09,1,01_USR_002,1,01_USR_002,1.0,0.0
3,2020-04,1,01_USR_002,2,02_USR_003,1.0,1.3266
4,2020-05,1,01_USR_002,2,02_USR_003,1.0,0.0506
5,2020-06,1,01_USR_002,2,02_USR_003,1.0,1.747
6,2020-07,1,01_USR_002,2,02_USR_003,1.0,-0.645
7,2020-08,1,01_USR_002,2,02_USR_003,1.0,-3.1272
8,2020-09,1,01_USR_002,2,02_USR_003,1.0,2.3595
9,2020-10,1,01_USR_002,2,02_USR_003,1.0,-2.0232
10,2020-11,1,01_USR_002,2,02_USR_003,1.0,-2.2134
11,2020-12,1,01_USR_002,2,02_USR_003,1.0,-2.6559
12,2021-01,1,01_USR_002,2,02_USR_003,1.0,1.5456
13,2021-02,1,01_USR_002,2,02_USR_003,1.0,-0.1426
14,2021-03,1,01_USR_002,2,02_USR_003,1.0,-1.5774
15,2021-04,1,01_USR_002,2,02_USR_003,1.0,-2.6334
16,2021-05,1,01_USR_002,2,02_USR_003,1.0,2.8973
17,2021-06,1,01_USR_002,2,02_USR_003,1.0,2.5661
18,2021-07,1,01_USR_002,2,02_USR_003,1.0,2.0266
19,2021-08,1,01_USR_002,2,02_USR_003,1.0,1.5174
20,2021-09,1,01_USR_002,2,02_USR_003,1.0,1.5593
3,2020-04,1,01_USR_002,3,03_USR_004,1.0,1.3516
4,2020-05,1,01_USR_002,3,03_USR_004,1.0,0.0068
5,2020-06,1,01_USR_002,3,03_USR_004,1.0,1.8616
6,2020-07,1,01_USR_002,3,03_USR_004,1.0,-0.6377
7,2020-08,1,01_USR_002,3,03_USR_004,1.0,-3.1158
8,2020-09,1,01_USR_002,3,03_USR_004,1.0,2.1988
9,2020-10,1,01_USR_002,3,03_USR_004,1.0,-1.8728
10,2020-11,1,01_USR_002,3,03_USR_004,1.0,-2.2044
11,2020-12,1,01_USR_002,3,03_USR_004,1.0,-2.665
12,2021-01,1,01_USR_002,3,03_USR_004,1.0,1.5373
13,2021-02,1,01_USR_002,3,03_USR_004,1.0,-0.1616
14,2021-03,1,01_USR_002,3,03_USR_004,1.0,-1.5898
15,2021-04,1,01_USR_002,3,03_USR_004,1.0,-2.6153
16,2021-05,1,01_USR_002,3,03_USR_004,1.0,2.9822
17,2021-06,1,01_USR_002,3,03_USR_004,1.0,2.5617
18,2021-07,1,01_USR_002,3,03_USR_004,1.0,2.0029
19,2021-08,1,01_USR_002,3,03_USR_004,1.0,1.4829
20,2021-09,1,01_USR_002,3,03_USR_004,1.0,1.5265
3,2020-04,1,01_USR_002,4,04_USR_005,1.0,1.0407
4,2020-05,1,01_USR_002,4,04_USR_005,1.0,-0.956
5,2020-06,1,01_USR_002,4,04_USR_005,1.0,-1.8555
6,2020-07,1,01_USR_002,4,04_USR_005,1.0,-2.546
7,2020-08,1,01_USR_002,4,04_USR_005,1.0,3.0609
8,2020-09,1,01_USR_002,4,04_USR_005,1.0,0.4778
9,2020-10,1,01_USR_002,4,04_USR_005,1.0,0.0208
10,2020-11,1,01_USR_002,4,04_USR_005,1.0,0.0165
11,2020-12,1,01_USR_002,4,04_USR_005,1.0,1.9181
12,2021-01,1,01_USR_002,4,04_USR_005,1.0,2.0152
13,2021-02,1,01_USR_002,4,04_USR_005,1.0,1.7633
14,2021-03,1,01_USR_002,4,04_USR_005,1.0,1.7101
15,2021-04,1,01_USR_002,4,04_USR_005,1.0,0.7908
16,2021-05,1,01_USR_002,4,04_USR_005,1.0,0.5742
17,2021-06,1,01_USR_002,4,04_USR_005,1.0,2.287
18,2021-07,1,01_USR_002,4,04_USR_005,1.0,2.1378
19,2021-08,1,01_USR_002,4,04_USR_005,1.0,0.8623
20,2021-09,1,01_USR_002,4,04_USR_005,1.0,0.0192
3,2020-04,1,01_USR_002,5,05_USR_006,1.0,-3.0343
4,2020-05,1,01_USR_002,5,05_USR_006,1.0,-3.1239
5,2020-06,1,01_USR_002,5,05_USR_006,1.0,2.7408
6,2020-07,1,01_USR_002,5,05_USR_006,1.0,0.1992
7,2020-08,1,01_USR_002,5,05_USR_006,1.0,-0.0394
8,2020-09,1,01_USR_002,5,05_USR_006,1.0,0.7041
9,2020-10,1,01_USR_002,5,05_USR_006,1.0,-0.7931
10,2020-11,1,01_USR_002,5,05_USR_006,1.0,-1.6343
11,2020-12,1,01_USR_002,5,05_USR_006,1.0,-2.7667
12,2021-01,1,01_USR_002,5,05_USR_006,1.0,1.2494
13,2021-02,1,01_USR_002,5,05_USR_006,1.0,0.1011
14,2021-03,1,01_USR_002,5,05_USR_006,1.0,-0.8256
15,2021-04,1,01_USR_002,5,05_USR_006,1.0,-0.4426
16,2021-05,1,01_USR_002,5,05_USR_006,1.0,-0.4293
17,2021-06,1,01_USR_002,5,05_USR_006,1.0,-1.9459
18,2021-07,1,01_USR_002,5,05_USR_006,1.0,2.9138
19,2021-08,1,01_USR_002,5,05_USR_006,1.0,2.7538
20,2021-09,1,01_USR_002,5,05_USR_006,1.0,-3.0516
3,2020-04,1,01_USR_002,6,06_USR_007,1.0,0.9718
4,2020-05,1,01_USR_002,6,06_USR_007,1.0,-0.5535
5,2020-06,1,01_USR_002,6,06_USR_007,1.0,-1.9381
6,2020-07,1,01_USR_002,6,06_USR_007,1.0,1.122
7,2020-08,1,01_USR_002,6,06_USR_007,1.0,1.5405
8,2020-09,1,01_USR_002,6,06_USR_007,1.0,1.4659
9,2020-10,1,01_USR_002,6,06_USR_007,1.0,1.2097
10,2020-11,1,01_USR_002,6,06_USR_007,1.0,0.4937
11,2020-12,1,01_USR_002,6,06_USR_007,1.0,0.3681
12,2021-01,1,01_USR_002,6,06_USR_007,1.0,-1.5086
13,2021-02,1,01_USR_002,6,06_USR_007,1.0,-2.0805
14,2021-03,1,01_USR_002,6,06_USR_007,1.0,3.1368
15,2021-04,1,01_USR_002,6,06_USR_007,1.0,0.5561
16,2021-05,1,01_USR_002,6,06_USR_007,1.0,0.1654
17,2021-06,1,01_USR_002,6,06_USR_007,1.0,0.0031
18,2021-07,1,01_USR_002,6,06_USR_007,1.0,-0.2454
19,2021-08,1,01_USR_002,6,06_USR_007,1.0,0.4362
20,2021-09,1,01_USR_002,6,06_USR_007,1.0,1.2128
3,2020-04,1,01_USR_002,7,07_USR_008,1.0,2.3879
4,2020-05,1,01_USR_002,7,07_USR_008,1.0,0.6815
5,2020-06,1,01_USR_002,7,07_USR_008,1.0,2.1941
6,2020-07,1,01_USR_002,7,07_USR_008,1.0,0.0355
7,2020-08,1,01_USR_002,7,07_USR_008,1.0,-0.9546
8,2020-09,1,01_USR_002,7,07_USR_008,1.0,1.351
9,2020-10,1,01_USR_002,7,07_USR_008,1.0,2.2729
10,2020-11,1,01_USR_002,7,07_USR_008,1.0,-1.1092
11,2020-12,1,01_USR_002,7,07_USR_008,1.0,1.9794
12,2021-01,1,01_USR_002,7,07_USR_008,1.0,2.0066
13,2021-02,1,01_USR_002,7,07_USR_008,1.0,1.6732
14,2021-03,1,01_USR_002,7,07_USR_008,1.0,0.475
15,2021-04,1,01_USR_002,7,07_USR_008,1.0,-0.3504
16,2021-05,1,01_USR_002,7,07_USR_008,1.0,-1.0138
17,2021-06,1,01_USR_002,7,07_USR_008,1.0,-2.0128
18,2021-07,1,01_USR_002,7,07_USR_008,1.0,2.4912
19,2021-08,1,01_USR_002,7,07_USR_008,1.0,1.4163
20,2021-09,1,01_USR_002,7,07_USR_008,1.0,1.5298
3,2020-04,1,01_USR_002,8,08_USR_009,1.0,3.0127
4,2020-05,1,01_USR_002,8,08_USR_009,1.0,0.8418
5,2020-06,1,01_USR_002,8,08_USR_009,1.0,1.9918
6,2020-07,1,01_USR_002,8,08_USR_009,1.0,-0.6711
7,2020-08,1,01_USR_002,8,08_USR_009,1.0,2.3366
8,2020-09,1,01_USR_002,8,08_USR_009,1.0,1.932
9,2020-10,1,01_USR_002,8,08_USR_009,1.0,2.2826
10,2020-11,1,01_USR_002,8,08_USR_009,1.0,-2.3984
11,2020-12,1,01_USR_002,8,08_USR_009,1.0,-1.8799
12,2021-01,1,01_USR_002,8,08_USR_009,1.0,-1.0785
13,2021-02,1,01_USR_002,8,08_USR_009,1.0,-0.8858
14,2021-03,1,01_USR_002,8,08_USR_009,1.0,-1.8707
15,2021-04,1,01_USR_002,8,08_USR_009,1.0,-2.6291
16,2021-05,1,01_USR_002,8,08_USR_009,1.0,2.8581
17,2021-06,1,01_USR_002,8,08_USR_009,1.0,2.7057
18,2021-07,1,01_USR_002,8,08_USR_009,1.0,2.5684
19,2021-08,1,01_USR_002,8,08_USR_009,1.0,2.6792
20,2021-09,1,01_USR_002,8,08_USR_009,1.0,-3.0721
3,2020-04,1,01_USR_002,9,09_USR_010,1.0,2.912
4,2020-05,1,01_USR_002,9,09_USR_010,1.0,-0.5867
5,2020-06,1,01_USR_002,9,09_USR_010,1.0,-2.2233
6,2020-07,1,01_USR_002,9,09_USR_010,1.0,-0.5707
7,2020-08,1,01_USR_002,9,09_USR_010,1.0,3.0275
8,2020-09,1,01_USR_002,9,09_USR_010,1.0,2.0713
9,2020-10,1,01_USR_002,9,09_USR_010,1.0,1.4429
10,2020-11,1,01_USR_002,9,09_USR_010,1.0,1.0084
11,2020-12,1,01_USR_002,9,09_USR_010,1.0,2.0776
12,2021-01,1,01_USR_002,9,09_USR_010,1.0,2.0174
13,2021-02,1,01_USR_002,9,09_USR_010,1.0,1.6852
14,2021-03,1,01_USR_002,9,09_USR_010,1.0,1.1702
15,2021-04,1,01_USR_002,9,09_USR_010,1.0,-2.1098
16,2021-05,1,01_USR_002,9,09_USR_010,1.0,-1.8003
17,2021-06,1,01_USR_002,9,09_USR_010,1.0,-1.8514
18,2021-07,1,01_USR_002,9,09_USR_010,1.0,-1.5349
19,2021-08,1,01_USR_002,9,09_USR_010,1.0,0.3235
20,2021-09,1,01_USR_002,9,09_USR_010,1.0,0.3789
3,2020-04,2,02_USR_003,0,00_USR_001,1.0,-0.0406
4,2020-05,2,02_USR_003,0,00_USR_001,1.0,-0.3048
5,2020-06,2,02_USR_003,0,00_USR_001,1.0,-2.803
6,2020-07,2,02_USR_003,0,00_USR_001,1.0,2.7611
7,2020-08,2,02_USR_003,0,00_USR_001,1.0,-2.3829
8,2020-09,2,02_USR_003,0,00_USR_001,1.0,-1.2503
9,2020-10,2,02_USR_003,0,00_USR_001,1.0,2.8385
10,2020-11,2,02_USR_003,0,00_USR_001,1.0,-2.2544
11,2020-12,2,02_USR_003,0,00_USR_001,1.0,-0.9219
12,2021-01,2,02_USR_003,0,00_USR_001,1.0,-3.1234
13,2021-02,2,02_USR_003,0,00_USR_001,1.0,-1.7446
14,2021-03,2,02_USR_003,0,00_USR_001,1.0,-0.7685
15,2021-04,2,02_USR_003,0,00_USR_001,1.0,-0.1203
16,2021-05,2,02_USR_003,0,00_USR_001,1.0,0.5156
17,2021-06,2,02_USR_003,0,00_USR_001,1.0,0.1008
18,2021-07,2,02_USR_003,0,00_USR_001,1.0,0.5124
19,2021-08,2,02_USR_003,0,00_USR_001,1.0,1.2203
20,2021-09,2,02_USR_003,0,00_USR_001,1.0,-1.9286
3,2020-04,2,02_USR_003,1,01_USR_002,1.0,-1.3266
4,2020-05,2,02_USR_003,1,01_USR_002,1.0,-0.0506
5,2020-06,2,02_USR_003,1,01_USR_002,1.0,-1.747
6,2020-07,2,02_USR_003,1,01_USR_002,1.0,0.645
7,2020-08,2,02_USR_003,1,01_USR_002,1.0,3.1272
8,2020-09,2,02_USR_003,1,01_USR_002,1.0,-2.3595
9,2020-10,2,02_USR_003,1,01_USR_002,1.0,2.0232
10,2020-11,2,02_USR_003,1,01_USR_002,1.0,2.2134
11,2020-12,2,02_USR_003,1,01_USR_002,1.0,2.6559
12,2021-01,2,02_USR_003,1,01_USR_002,1.0,-1.5456
13,2021-02,2,02_USR_003,1,01_USR_002,1.0,0.1426
14,2021-03,2,02_USR_003,1,01_USR_002,1.0,1.5774
15,2021-04,2,02_USR_003,1,01_USR_002,1.0,2.6334
16,2021-05,2,02_USR_003,1,01_USR_002,1.0,-2.8973
17,2021-06,2,02_USR_003,1,01_USR_002,1.0,-2.5661
18,2021-07,2,02_USR_003,1,01_USR_002,1.0,-2.0266
19,2021-08,2,02_USR_003,1,01_USR_002,1.0,-1.5174
20,2021-09,2,02_USR_003,1,01_USR_002,1.0,-1.5593
3,2020-04,2,02_USR_003,2,02_USR_003,1.0,-0.0
4,2020-05,2,02_USR_003,2,02_USR_003,1.0,-0.0
5,2020-06,2,02_USR_003,2,02_USR_003,1.0,0.0
6,2020-07,2,02_USR_003,2,02_USR_003,1.0,0.0
7,2020-08,2,02_USR_003,2,02_USR_003,1.0,0.0
8,2020-09,2,02_USR_003,2,02_USR_003,1.0,-0.0
9,2020-10,2,02_USR_003,2,02_USR_003,1.0,-0.0
10,2020-11,2,02_USR_003,2,02_USR_003,1.0,-0.0
11,2020-12,2,02_USR_003,2,02_USR_003,1.0,-0.0
12,2021-01,2,02_USR_003,2,02_USR_003,1.0,0.0
13,2021-02,2,02_USR_003,2,02_USR_003,1.0,0.0
14,2021-03,2,02_USR_003,2,02_USR_003,1.0,-0.0
15,2021-04,2,02_USR_003,2,02_USR_003,1.0,-0.0
16,2021-05,2,02_USR_003,2,02_USR_003,1.0,-0.0
17,2021-06,2,02_USR_003,2,02_USR_003,1.0,0.0
18,2021-07,2,02_USR_003,2,02_USR_003,1.0,-0.0
19,2021-08,2,02_USR_003,2,02_USR_003,1.0,-0.0
20,2021-09,2,02_USR_003,2,02_USR_003,1.0,0.0
3,2020-04,2,02_USR_003,3,03_USR_004,1.0,0.025
4,2020-05,2,02_USR_003,3,03_USR_004,1.0,-0.0438
5,2020-06,2,02_USR_003,3,03_USR_004,1.0,0.1146
6,2020-07,2,02_USR_003,3,03_USR_004,1.0,0.0073
7,2020-08,2,02_USR_003,3,03_USR_004,1.0,0.0114
8,2020-09,2,02_USR_003,3,03_USR_004,1.0,-0.1606
9,2020-10,2,02_USR_003,3,03_USR_004,1.0,0.1504
10,2020-11,2,02_USR_003,3,03_USR_004,1.0,0.0091
11,2020-12,2,02_USR_003,3,03_USR_004,1.0,-0.0091
12,2021-01,2,02_USR_003,3,03_USR_004,1.0,-0.0083
13,2021-02,2,02_USR_003,3,03_USR_004,1.0,-0.019
14,2021-03,2,02_USR_003,3,03_USR_004,1.0,-0.0124
15,2021-04,2,02_USR_003,3,03_USR_004,1.0,0.0181
16,2021-05,2,02_USR_003,3,03_USR_004,1.0,0.0849
17,2021-06,2,02_USR_003,3,03_USR_004,1.0,-0.0044
18,2021-07,2,02_USR_003,3,03_USR_004,1.0,-0.0237
19,2021-08,2,02_USR_003,3,03_USR_004,1.0,-0.0345
20,2021-09,2,02_USR_003,3,03_USR_004,1.0,-0.0328
3,2020-04,2,02_USR_003,4,04_USR_005,1.0,-0.2859
4,2020-05,2,02_USR_003,4,04_USR_005,1.0,-1.0066
5,2020-06,2,02_USR_003,4,04_USR_005,1.0,2.6807
6,2020-07,2,02_USR_003,4,04_USR_005,1.0,-1.9009
7,2020-08,2,02_USR_003,4,04_USR_005,1.0,-0.0951
8,2020-09,2,02_USR_003,4,04_USR_005,1.0,-1.8816
9,2020-10,2,02_USR_003,4,04_USR_005,1.0,2.044
10,2020-11,2,02_USR_003,4,04_USR_005,1.0,2.23
11,2020-12,2,02_USR_003,4,04_USR_005,1.0,-1.7092
12,2021-01,2,02_USR_003,4,04_USR_005,1.0,0.4696
13,2021-02,2,02_USR_003,4,04_USR_005,1.0,1.9059
14,2021-03,2,02_USR_003,4,04_USR_005,1.0,-2.9957
15,2021-04,2,02_USR_003,4,04_USR_005,1.0,-2.859
16,2021-05,2,02_USR_003,4,04_USR_005,1.0,-2.3231
17,2021-06,2,02_USR_003,4,04_USR_005,1.0,-0.279
18,2021-07,2,02_USR_003,4,04_USR_005,1.0,0.1112
19,2021-08,2,02_USR_003,4,04_USR_005,1.0,-0.6551
20,2021-09,2,02_USR_003,4,04_USR_005,1.0,-1.54
3,2020-04,2,02_USR_003,5,05_USR_006,1.0,1.9222
4,2020-05,2,02_USR_003,5,05_USR_006,1.0,3.1087
5,2020-06,2,02_USR_003,5,05_USR_006,1.0,0.9938
6,2020-07,2,02_USR_003,5,05_USR_006,1.0,0.8442
7,2020-08,2,02_USR_003,5,05_USR_006,1.0,3.0878
8,2020-09,2,02_USR_003,5,05_USR_006,1.0,-1.6553
9,2020-10,2,02_USR_003,5,05_USR_006,1.0,1.23
10,2020-11,2,02_USR_003,5,05_USR_006,1.0,0.5791
11,2020-12,2,02_USR_003,5,05_USR_006,1.0,-0.1108
12,2021-01,2,02_USR_003,5,05_USR_006,1.0,-0.2962
13,2021-02,2,02_USR_003,5,05_USR_006,1.0,0.2437
14,2021-03,2,02_USR_003,5,05_USR_006,1.0,0.7518
15,2021-04,2,02_USR_003,5,05_USR_006,1.0,2.1908
16,2021-05,2,02_USR_003,5,05_USR_006,1.0,2.9566
17,2021-06,2,02_USR_003,5,05_USR_006,1.0,1.7712
18,2021-07,2,02_USR_003,5,05_USR_006,1.0,0.8872
19,2021-08,2,02_USR_003,5,05_USR_006,1.0,1.2364
20,2021-09,2,02_USR_003,5,05_USR_006,1.0,1.6723
3,2020-04,2,02_USR_003,6,06_USR_007,1.0,-0.3548
4,2020-05,2,02_USR_003,6,06_USR_007,1.0,-0.6041
5,2020-06,2,02_USR_003,6,06_USR_007,1.0,2.5981
6,2020-07,2,02_USR_003,6,06_USR_007,1.0,1.767
7,2020-08,2,02_USR_003,6,06_USR_007,1.0,-1.6155
8,2020-09,2,02_USR_003,6,06_USR_007,1.0,-0.8935
9,2020-10,2,02_USR_003,6,06_USR_007,1.0,-3.0503
10,2020-11,2,02_USR_003,6,06_USR_007,1.0,2.7071
11,2020-12,2,02_USR_003,6,06_USR_007,1.0,3.0241
12,2021-01,2,02_USR_003,6,06_USR_007,1.0,-3.0541
13,2021-02,2,02_USR_003,6,06_USR_007,1.0,-1.9379
14,2021-03,2,02_USR_003,6,06_USR_007,1.0,-1.5689
15,2021-04,2,02_USR_003,6,06_USR_007,1.0,-3.0937
16,2021-05,2,02_USR_003,6,06_USR_007,1.0,-2.7319
17,2021-06,2,02_USR_003,6,06_USR_007,1.0,-2.563
18,2021-07,2,02_USR_003,6,06_USR_007,1.0,-2.2721
19,2021-08,2,02_USR_003,6,06_USR_007,1.0,-1.0812
20,2021-09,2,02_USR_003,6,06_USR_007,1.0,-0.3465
3,2020-04,2,02_USR_003,7,07_USR_008,1.0,1.0612
4,2020-05,2,02_USR_003,7,07_USR_008,1.0,0.6309
5,2020-06,2,02_USR_003,7,07_USR_008,1.0,0.4471
6,2020-07,2,02_USR_003,7,07_USR_008,1.0,0.6805
7,2020-08,2,02_USR_003,7,07_USR_008,1.0,2.1726
8,2020-09,2,02_USR_003,7,07_USR_008,1.0,-1.0085
9,2020-10,2,02_USR_003,7,07_USR_008,1.0,-1.9872
10,2020-11,2,02_USR_003,7,07_USR_008,1.0,1.1042
11,2020-12,2,02_USR_003,7,07_USR_008,1.0,-1.6478
12,2021-01,2,02_USR_003,7,07_USR_008,1.0,0.4611
13,2021-02,2,02_USR_003,7,07_USR_008,1.0,1.8158
14,2021-03,2,02_USR_003,7,07_USR_008,1.0,2.0524
15,2021-04,2,02_USR_003,7,07_USR_008,1.0,2.283
16,2021-05,2,02_USR_003,7,07_USR_008,1.0,2.3721
17,2021-06,2,02_USR_003,7,07_USR_008,1.0,1.7043
18,2021-07,2,02_USR_003,7,07_USR_008,1.0,0.4646
19,2021-08,2,02_USR_003,7,07_USR_008,1.0,-0.1011
20,2021-09,2,02_USR_003,7,07_USR_008,1.0,-0.0294
3,2020-04,2,02_USR_003,8,08_USR_009,1.0,1.6861
4,2020-05,2,02_USR_003,8,08_USR_009,1.0,0.7913
5,2020-06,2,02_USR_003,8,08_USR_009,1.0,0.2448
6,2020-07,2,02_USR_003,8,08_USR_009,1.0,-0.0261
7,2020-08,2,02_USR_003,8,08_USR_009,1.0,-0.8194
8,2020-09,2,02_USR_003,8,08_USR_009,1.0,-0.4275
9,2020-10,2,02_USR_003,8,08_USR_009,1.0,-1.9774
10,2020-11,2,02_USR_003,8,08_USR_009,1.0,-0.185
11,2020-12,2,02_USR_003,8,08_USR_009,1.0,0.776
12,2021-01,2,02_USR_003,8,08_USR_009,1.0,-2.6241
13,2021-02,2,02_USR_003,8,08_USR_009,1.0,-0.7432
14,2021-03,2,02_USR_003,8,08_USR_009,1.0,-0.2933
15,2021-04,2,02_USR_003,8,08_USR_009,1.0,0.0043
16,2021-05,2,02_USR_003,8,08_USR_009,1.0,-0.0392
17,2021-06,2,02_USR_003,8,08_USR_009,1.0,0.1396
18,2021-07,2,02_USR_003,8,08_USR_009,1.0,0.5418
19,2021-08,2,02_USR_003,8,08_USR_009,1.0,1.1618
20,2021-09,2,02_USR_003,8,08_USR_009,1.0,1.6518
3,2020-04,2,02_USR_003,9,09_USR_010,1.0,1.5854
4,2020-05,2,02_USR_003,9,09_USR_010,1.0,-0.6373
5,2020-06,2,02_USR_003,9,09_USR_010,1.0,2.3129
6,2020-07,2,02_USR_003,9,09_USR_010,1.0,0.0743
7,2020-08,2,02_USR_003,9,09_USR_010,1.0,-0.1285
8,2020-09,2,02_USR_003,9,09_USR_010,1.0,-0.2881
9,2020-10,2,02_USR_003,9,09_USR_010,1.0,-2.8171
10,2020-11,2,02_USR_003,9,09_USR_010,1.0,-3.0614
11,2020-12,2,02_USR_003,9,09_USR_010,1.0,-1.5497
12,2021-01,2,02_USR_003,9,09_USR_010,1.0,0.4719
13,2021-02,2,02_USR_003,9,09_USR_010,1.0,1.8278
14,2021-03,2,02_USR_003,9,09_USR_010,1.0,2.7476
15,2021-04,2,02_USR_003,9,09_USR_010,1.0,0.5236
16,2021-05,2,02_USR_003,9,09_USR_010,1.0,1.5856
17,2021-06,2,02_USR_003,9,09_USR_010,1.0,1.8658
18,2021-07,2,02_USR_003,9,09_USR_010,1.0,2.7216
19,2021-08,2,02_USR_003,9,09_USR_010,1.0,-1.1939
20,2021-09,2,02_USR_003,9,09_USR_010,1.0,-1.1803
3,2020-04,3,03_USR_004,0,00_USR_001,1.0,-0.0656
4,2020-05,3,03_USR_004,0,00_USR_001,1.0,-0.261
5,2020-06,3,03_USR_004,0,00_USR_001,1.0,-2.9176
6,2020-07,3,03_USR_004,0,00_USR_001,1.0,2.7538
7,2020-08,3,03_USR_004,0,00_USR_001,1.0,-2.3944
8,2020-09,3,03_USR_004,0,00_USR_001,1.0,-1.0897
9,2020-10,3,03_USR_004,0,00_USR_001,1.0,2.6881
10,2020-11,3,03_USR_004,0,00_USR_001,1.0,-2.2634
11,2020-12,3,03_USR_004,0,00_USR_001,1.0,-0.9128
12,2021-01,3,03_USR_004,0,00_USR_001,1.0,-3.1152
13,2021-02,3,03_USR_004,0,00_USR_001,1.0,-1.7257
14,2021-03,3,03_USR_004,0,00_USR_001,1.0,-0.7561
15,2021-04,3,03_USR_004,0,00_USR_001,1.0,-0.1384
16,2021-05,3,03_USR_004,0,00_USR_001,1.0,0.4307
17,2021-06,3,03_USR_004,0,00_USR_001,1.0,0.1052
18,2021-07,3,03_USR_004,0,00_USR_001,1.0,0.5361
19,2021-08,3,03_USR_004,0,00_USR_001,1.0,1.2549
20,2021-09,3,03_USR_004,0,00_USR_001,1.0,-1.8958
3,2020-04,3,03_USR_004,1,01_USR_002,1.0,-1.3516
4,2020-05,3,03_USR_004,1,01_USR_002,1.0,-0.0068
5,2020-06,3,03_USR_004,1,01_USR_002,1.0,-1.8616
6,2020-07,3,03_USR_004,1,01_USR_002,1.0,0.6377
7,2020-08,3,03_USR_004,1,01_USR_002,1.0,3.1158
8,2020-09,3,03_USR_004,1,01_USR_002,1.0,-2.1988
9,2020-10,3,03_USR_004,1,01_USR_002,1.0,1.8728
10,2020-11,3,03_USR_004,1,01_USR_002,1.0,2.2044
11,2020-12,3,03_USR_004,1,01_USR_002,1.0,2.665
12,2021-01,3,03_USR_004,1,01_USR_002,1.0,-1.5373
13,2021-02,3,03_USR_004,1,01_USR_002,1.0,0.1616
14,2021-03,3,03_USR_004,1,01_USR_002,1.0,1.5898
15,2021-04,3,03_USR_004,1,01_USR_002,1.0,2.6153
16,2021-05,3,03_USR_004,1,01_USR_002,1.0,-2.9822
17,2021-06,3,03_USR_004,1,01_USR_002,1.0,-2.5617
18,2021-07,3,03_USR_004,1,01_USR_002,1.0,-2.0029
19,2021-08,3,03_USR_004,1,01_USR_002,1.0,-1.4829
20,2021-09,3,03_USR_004,1,01_USR_002,1.0,-1.5265
3,2020-04,3,03_USR_004,2,02_USR_003,1.0,-0.025
4,2020-05,3,03_USR_004,2,02_USR_003,1.0,0.0438
5,2020-06,3,03_USR_004,2,02_USR_003,1.0,-0.1146
6,2020-07,3,03_USR_004,2,02_USR_003,1.0,-0.0073
7,2020-08,3,03_USR_004,2,02_USR_003,1.0,-0.0114
8,2020-09,3,03_USR_004,2,02_USR_003,1.0,0.1606
9,2020-10,3,03_USR_004,2,02_USR_003,1.0,-0.1504
10,2020-11,3,03_USR_004,2,02_USR_003,1.0,-0.0091
11,2020-12,3,03_USR_004,2,02_USR_003,1.0,0.0091
12,2021-01,3,03_USR_004,2,02_USR_003,1.0,0.0083
13,2021-02,3,03_USR_004,2,02_USR_003,1.0,0.019
14,2021-03,3,03_USR_004,2,02_USR_003,1.0,0.0124
15,2021-04,3,03_USR_004,2,02_USR_003,1.0,-0.0181
16,2021-05,3,03_USR_004,2,02_USR_003,1.0,-0.0849
17,2021-06,3,03_USR_004,2,02_USR_003,1.0,0.0044
18,2021-07,3,03_USR_004,2,02_USR_003,1.0,0.0237
19,2021-08,3,03_USR_004,2,02_USR_003,1.0,0.0345
20,2021-09,3,03_USR_004,2,02_USR_003,1.0,0.0328
3,2020-04,3,03_USR_004,3,03_USR_004,1.0,-0.0
4,2020-05,3,03_USR_004,3,03_USR_004,1.0,-0.0
5,2020-06,3,03_USR_004,3,03_USR_004,1.0,0.0
6,2020-07,3,03_USR_004,3,03_USR_004,1.0,-0.0
7,2020-08,3,03_USR_004,3,03_USR_004,1.0,0.0
8,2020-09,3,03_USR_004,3,03_USR_004,1.0,-0.0
9,2020-10,3,03_USR_004,3,03_USR_004,1.0,0.0
10,2020-11,3,03_USR_004,3,03_USR_004,1.0,-0.0
11,2020-12,3,03_USR_004,3,03_USR_004,1.0,0.0
12,2021-01,3,03_USR_004,3,03_USR_004,1.0,-0.0
13,2021-02,3,03_USR_004,3,03_USR_004,1.0,-0.0
14,2021-03,3,03_USR_004,3,03_USR_004,1.0,0.0
15,2021-04,3,03_USR_004,3,03_USR_004,1.0,0.0
16,2021-05,3,03_USR_004,3,03_USR_004,1.0,0.0
17,2021-06,3,03_USR_004,3,03_USR_004,1.0,-0.0
18,2021-07,3,03_USR_004,3,03_USR_004,1.0,0.0
19,2021-08,3,03_USR_004,3,03_USR_004,1.0,-0.0
20,2021-09,3,03_USR_004,3,03_USR_004,1.0,0.0
3,2020-04,3,03_USR_004,4,04_USR_005,1.0,-0.3109
4,2020-05,3,03_USR_004,4,04_USR_005,1.0,-0.9629
5,2020-06,3,03_USR_004,4,04_USR_005,1.0,2.5661
6,2020-07,3,03_USR_004,4,04_USR_005,1.0,-1.9082
7,2020-08,3,03_USR_004,4,04_USR_005,1.0,-0.1065
8,2020-09,3,03_USR_004,4,04_USR_005,1.0,-1.721
9,2020-10,3,03_USR_004,4,04_USR_005,1.0,1.8936
10,2020-11,3,03_USR_004,4,04_USR_005,1.0,2.2209
11,2020-12,3,03_USR_004,4,04_USR_005,1.0,-1.7001
12,2021-01,3,03_USR_004,4,04_USR_005,1.0,0.4779
13,2021-02,3,03_USR_004,4,04_USR_005,1.0,1.9248
14,2021-03,3,03_USR_004,4,04_USR_005,1.0,-2.9833
15,2021-04,3,03_USR_004,4,04_USR_005,1.0,-2.8771
16,2021-05,3,03_USR_004,4,04_USR_005,1.0,-2.408
17,2021-06,3,03_USR_004,4,04_USR_005,1.0,-0.2746
18,2021-07,3,03_USR_004,4,04_USR_005,1.0,0.1349
19,2021-08,3,03_USR_004,4,04_USR_005,1.0,-0.6206
20,2021-09,3,03_USR_004,4,04_USR_005,1.0,-1.5073
3,2020-04,3,03_USR_004,5,05_USR_006,1.0,1.8973
4,2020-05,3,03_USR_004,5,05_USR_006,1.0,-3.1307
5,2020-06,3,03_USR_004,5,05_USR_006,1.0,0.8792
6,2020-07,3,03_USR_004,5,05_USR_006,1.0,0.837
7,2020-08,3,03_USR_004,5,05_USR_006,1.0,3.0764
8,2020-09,3,03_USR_004,5,05_USR_006,1.0,-1.4947
9,2020-10,3,03_USR_004,5,05_USR_006,1.0,1.0796
10,2020-11,3,03_USR_004,5,05_USR_006,1.0,0.57
11,2020-12,3,03_USR_004,5,05_USR_006,1.0,-0.1017
12,2021-01,3,03_USR_004,5,05_USR_006,1.0,-0.2879
13,2021-02,3,03_USR_004,5,05_USR_006,1.0,0.2627
14,2021-03,3,03_USR_004,5,05_USR_006,1.0,0.7642
15,2021-04,3,03_USR_004,5,05_USR_006,1.0,2.1727
16,2021-05,3,03_USR_004,5,05_USR_006,1.0,2.8717
17,2021-06,3,03_USR_004,5,05_USR_006,1.0,1.7756
18,2021-07,3,03_USR_004,5,05_USR_006,1.0,0.9109
19,2021-08,3,03_USR_004,5,05_USR_006,1.0,1.2709
20,2021-09,3,03_USR_004,5,05_USR_006,1.0,1.7051
3,2020-04,3,03_USR_004,6,06_USR_007,1.0,-0.3797
4,2020-05,3,03_USR_004,6,06_USR_007,1.0,-0.5604
5,2020-06,3,03_USR_004,6,06_USR_007,1.0,2.4835
6,2020-07,3,03_USR_004,6,06_USR_007,1.0,1.7597
7,2020-08,3,03_USR_004,6,06_USR_007,1.0,-1.6269
8,2020-09,3,03_USR_004,6,06_USR_007,1.0,-0.7329
9,2020-10,3,03_USR_004,6,06_USR_007,1.0,3.0825
10,2020-11,3,03_USR_004,6,06_USR_007,1.0,2.6981
11,2020-12,3,03_USR_004,6,06_USR_007,1.0,3.0332
12,2021-01,3,03_USR_004,6,06_USR_007,1.0,-3.0459
13,2021-02,3,03_USR_004,6,06_USR_007,1.0,-1.9189
14,2021-03,3,03_USR_004,6,06_USR_007,1.0,-1.5565
15,2021-04,3,03_USR_004,6,06_USR_007,1.0,-3.1118
16,2021-05,3,03_USR_004,6,06_USR_007,1.0,-2.8168
17,2021-06,3,03_USR_004,6,06_USR_007,1.0,-2.5586
18,2021-07,3,03_USR_004,6,06_USR_007,1.0,-2.2484
19,2021-08,3,03_USR_004,6,06_USR_007,1.0,-1.0467
20,2021-09,3,03_USR_004,6,06_USR_007,1.0,-0.3137
3,2020-04,3,03_USR_004,7,07_USR_008,1.0,1.0363
4,2020-05,3,03_USR_004,7,07_USR_008,1.0,0.6747
5,2020-06,3,03_USR_004,7,07_USR_008,1.0,0.3325
6,2020-07,3,03_USR_004,7,07_USR_008,1.0,0.6733
7,2020-08,3,03_USR_004,7,07_USR_008,1.0,2.1612
8,2020-09,3,03_USR_004,7,07_USR_008,1.0,-0.8479
9,2020-10,3,03_USR_004,7,07_USR_008,1.0,-2.1376
10,2020-11,3,03_USR_004,7,07_USR_008,1.0,1.0952
11,2020-12,3,03_USR_004,7,07_USR_008,1.0,-1.6387
12,2021-01,3,03_USR_004,7,07_USR_008,1.0,0.4694
13,2021-02,3,03_USR_004,7,07_USR_008,1.0,1.8348
14,2021-03,3,03_USR_004,7,07_USR_008,1.0,2.0648
15,2021-04,3,03_USR_004,7,07_USR_008,1.0,2.2649
16,2021-05,3,03_USR_004,7,07_USR_008,1.0,2.2872
17,2021-06,3,03_USR_004,7,07_USR_008,1.0,1.7087
18,2021-07,3,03_USR_004,7,07_USR_008,1.0,0.4883
19,2021-08,3,03_USR_004,7,07_USR_008,1.0,-0.0666
20,2021-09,3,03_USR_004,7,07_USR_008,1.0,0.0034
3,2020-04,3,03_USR_004,8,08_USR_009,1.0,1.6611
4,2020-05,3,03_USR_004,8,08_USR_009,1.0,0.835
5,2020-06,3,03_USR_004,8,08_USR_009,1.0,0.1302
6,2020-07,3,03_USR_004,8,08_USR_009,1.0,-0.0333
7,2020-08,3,03_USR_004,8,08_USR_009,1.0,-0.8309
8,2020-09,3,03_USR_004,8,08_USR_009,1.0,-0.2668
9,2020-10,3,03_USR_004,8,08_USR_009,1.0,-2.1278
10,2020-11,3,03_USR_004,8,08_USR_009,1.0,-0.194
11,2020-12,3,03_USR_004,8,08_USR_009,1.0,0.7851
12,2021-01,3,03_USR_004,8,08_USR_009,1.0,-2.6158
13,2021-02,3,03_USR_004,8,08_USR_009,1.0,-0.7242
14,2021-03,3,03_USR_004,8,08_USR_009,1.0,-0.2809
15,2021-04,3,03_USR_004,8,08_USR_009,1.0,-0.0138
16,2021-05,3,03_USR_004,8,08_USR_009,1.0,-0.1241
17,2021-06,3,03_USR_004,8,08_USR_009,1.0,0.144
18,2021-07,3,03_USR_004,8,08_USR_009,1.0,0.5655
19,2021-08,3,03_USR_004,8,08_USR_009,1.0,1.1963
20,2021-09,3,03_USR_004,8,08_USR_009,1.0,1.6846
3,2020-04,3,03_USR_004,9,09_USR_010,1.0,1.5604
4,2020-05,3,03_USR_004,9,09_USR_010,1.0,-0.5935
5,2020-06,3,03_USR_004,9,09_USR_010,1.0,2.1983
6,2020-07,3,03_USR_004,9,09_USR_010,1.0,0.067
7,2020-08,3,03_USR_004,9,09_USR_010,1.0,-0.1399
8,2020-09,3,03_USR_004,9,09_USR_010,1.0,-0.1275
9,2020-10,3,03_USR_004,9,09_USR_010,1.0,-2.9675
10,2020-11,3,03_USR_004,9,09_USR_010,1.0,-3.0705
11,2020-12,3,03_USR_004,9,09_USR_010,1.0,-1.5406
12,2021-01,3,03_USR_004,9,09_USR_010,1.0,0.4801
13,2021-02,3,03_USR_004,9,09_USR_010,1.0,1.8468
14,2021-03,3,03_USR_004,9,09_USR_010,1.0,2.76
15,2021-04,3,03_USR_004,9,09_USR_010,1.0,0.5055
16,2021-05,3,03_USR_004,9,09_USR_010,1.0,1.5007
17,2021-06,3,03_USR_004,9,09_USR_010,1.0,1.8701
18,2021-07,3,03_USR_004,9,09_USR_010,1.0,2.7454
19,2021-08,3,03_USR_004,9,09_USR_010,1.0,-1.1594
20,2021-09,3,03_USR_004,9,09_USR_010,1.0,-1.1475
3,2020-04,4,04_USR_005,0,00_USR_001,1.0,0.2453
4,2020-05,4,04_USR_005,0,00_USR_001,1.0,0.7018
5,2020-06,4,04_USR_005,0,00_USR_001,1.0,0.7995
6,2020-07,4,04_USR_005,0,00_USR_001,1.0,-1.6211
7,2020-08,4,04_USR_005,0,00_USR_001,1.0,-2.2879
8,2020-09,4,04_USR_005,0,00_USR_001,1.0,0.6313
9,2020-10,4,04_USR_005,0,00_USR_001,1.0,0.7945
10,2020-11,4,04_USR_005,0,00_USR_001,1.0,1.7989
11,2020-12,4,04_USR_005,0,00_USR_001,1.0,0.7873
12,2021-01,4,04_USR_005,0,00_USR_001,1.0,2.6901
13,2021-02,4,04_USR_005,0,00_USR_001,1.0,2.6327
14,2021-03,4,04_USR_005,0,00_USR_001,1.0,2.2272
15,2021-04,4,04_USR_005,0,00_USR_001,1.0,2.7387
16,2021-05,4,04_USR_005,0,00_USR_001,1.0,2.8387
17,2021-06,4,04_USR_005,0,00_USR_001,1.0,0.3799
18,2021-07,4,04_USR_005,0,00_USR_001,1.0,0.4012
19,2021-08,4,04_USR_005,0,00_USR_001,1.0,1.8755
20,2021-09,4,04_USR_005,0,00_USR_001,1.0,-0.3885
3,2020-04,4,04_USR_005,1,01_USR_002,1.0,-1.0407
4,2020-05,4,04_USR_005,1,01_USR_002,1.0,0.956
5,2020-06,4,04_USR_005,1,01_USR_002,1.0,1.8555
6,2020-07,4,04_USR_005,1,01_USR_002,1.0,2.546
7,2020-08,4,04_USR_005,1,01_USR_002,1.0,-3.0609
8,2020-09,4,04_USR_005,1,01_USR_002,1.0,-0.4778
9,2020-10,4,04_USR_005,1,01_USR_002,1.0,-0.0208
10,2020-11,4,04_USR_005,1,01_USR_002,1.0,-0.0165
11,2020-12,4,04_USR_005,1,01_USR_002,1.0,-1.9181
12,2021-01,4,04_USR_005,1,01_USR_002,1.0,-2.0152
13,2021-02,4,04_USR_005,1,01_USR_002,1.0,-1.7633
14,2021-03,4,04_USR_005,1,01_USR_002,1.0,-1.7101
15,2021-04,4,04_USR_005,1,01_USR_002,1.0,-0.7908
16,2021-05,4,04_USR_005,1,01_USR_002,1.0,-0.5742
17,2021-06,4,04_USR_005,1,01_USR_002,1.0,-2.287
18,2021-07,4,04_USR_005,1,01_USR_002,1.0,-2.1378
19,2021-08,4,04_USR_005,1,01_USR_002,1.0,-0.8623
20,2021-09,4,04_USR_005,1,01_USR_002,1.0,-0.0192
3,2020-04,4,04_USR_005,2,02_USR_003,1.0,0.2859
4,2020-05,4,04_USR_005,2,02_USR_003,1.0,1.0066
5,2020-06,4,04_USR_005,2,02_USR_003,1.0,-2.6807
6,2020-07,4,04_USR_005,2,02_USR_003,1.0,1.9009
7,2020-08,4,04_USR_005,2,02_USR_003,1.0,0.0951
8,2020-09,4,04_USR_005,2,02_USR_003,1.0,1.8816
9,2020-10,4,04_USR_005,2,02_USR_003,1.0,-2.044
10,2020-11,4,04_USR_005,2,02_USR_003,1.0,-2.23
11,2020-12,4,04_USR_005,2,02_USR_003,1.0,1.7092
12,2021-01,4,04_USR_005,2,02_USR_003,1.0,-0.4696
13,2021-02,4,04_USR_005,2,02_USR_003,1.0,-1.9059
14,2021-03,4,04_USR_005,2,02_USR_003,1.0,2.9957
15,2021-04,4,04_USR_005,2,02_USR_003,1.0,2.859
16,2021-05,4,04_USR_005,2,02_USR_003,1.0,2.3231
17,2021-06,4,04_USR_005,2,02_USR_003,1.0,0.279
18,2021-07,4,04_USR_005,2,02_USR_003,1.0,-0.1112
19,2021-08,4,04_USR_005,2,02_USR_003,1.0,0.6551
20,2021-09,4,04_USR_005,2,02_USR_003,1.0,1.54
3,2020-04,4,04_USR_005,3,03_USR_004,1.0,0.3109
4,2020-05,4,04_USR_005,3,03_USR_004,1.0,0.9629
5,2020-06,4,04_USR_005,3,03_USR_004,1.0,-2.5661
6,2020-07,4,04_USR_005,3,03_USR_004,1.0,1.9082
7,2020-08,4,04_USR_005,3,03_USR_004,1.0,0.1065
8,2020-09,4,04_USR_005,3,03_USR_004,1.0,1.721
9,2020-10,4,04_USR_005,3,03_USR_004,1.0,-1.8936
10,2020-11,4,04_USR_005,3,03_USR_004,1.0,-2.2209
11,2020-12,4,04_USR_005,3,03_USR_004,1.0,1.7001
12,2021-01,4,04_USR_005,3,03_USR_004,1.0,-0.4779
13,2021-02,4,04_USR_005,3,03_USR_004,1.0,-1.9248
14,2021-03,4,04_USR_005,3,03_USR_004,1.0,2.9833
15,2021-04,4,04_USR_005,3,03_USR_004,1.0,2.8771
16,2021-05,4,04_USR_005,3,03_USR_004,1.0,2.408
17,2021-06,4,04_USR_005,3,03_USR_004,1.0,0.2746
18,2021-07,4,04_USR_005,3,03_USR_004,1.0,-0.1349
19,2021-08,4,04_USR_005,3,03_USR_004,1.0,0.6206
20,2021-09,4,04_USR_005,3,03_USR_004,1.0,1.5073
3,2020-04,4,04_USR_005,4,04_USR_005,1.0,0.0
4,2020-05,4,04_USR_005,4,04_USR_005,1.0,0.0
5,2020-06,4,04_USR_005,4,04_USR_005,1.0,0.0
6,2020-07,4,04_USR_005,4,04_USR_005,1.0,0.0
7,2020-08,4,04_USR_005,4,04_USR_005,1.0,0.0
8,2020-09,4,04_USR_005,4,04_USR_005,1.0,-0.0
9,2020-10,4,04_USR_005,4,04_USR_005,1.0,0.0
10,2020-11,4,04_USR_005,4,04_USR_005,1.0,0.0
11,2020-12,4,04_USR_005,4,04_USR_005,1.0,0.0
12,2021-01,4,04_USR_005,4,04_USR_005,1.0,0.0
13,2021-02,4,04_USR_005,4,04_USR_005,1.0,-0.0
14,2021-03,4,04_USR_005,4,04_USR_005,1.0,0.0
15,2021-04,4,04_USR_005,4,04_USR_005,1.0,0.0
16,2021-05,4,04_USR_005,4,04_USR_005,1.0,-0.0
17,2021-06,4,04_USR_005,4,04_USR_005,1.0,0.0
18,2021-07,4,04_USR_005,4,04_USR_005,1.0,-0.0
19,2021-08,4,04_USR_005,4,04_USR_005,1.0,0.0
20,2021-09,4,04_USR_005,4,04_USR_005,1.0,0.0
3,2020-04,4,04_USR_005,5,05_USR_006,1.0,2.2082
4,2020-05,4,04_USR_005,5,05_USR_006,1.0,-2.1678
5,2020-06,4,04_USR_005,5,05_USR_006,1.0,-1.6869
6,2020-07,4,04_USR_005,5,05_USR_006,1.0,2.7452
7,2020-08,4,04_USR_005,5,05_USR_006,1.0,-3.1003
8,2020-09,4,04_USR_005,5,05_USR_006,1.0,0.2263
9,2020-10,4,04_USR_005,5,05_USR_006,1.0,-0.8139
10,2020-11,4,04_USR_005,5,05_USR_006,1.0,-1.6509
11,2020-12,4,04_USR_005,5,05_USR_006,1.0,1.5984
12,2021-01,4,04_USR_005,5,05_USR_006,1.0,-0.7658
13,2021-02,4,04_USR_005,5,05_USR_006,1.0,-1.6622
14,2021-03,4,04_USR_005,5,05_USR_006,1.0,-2.5357
15,2021-04,4,04_USR_005,5,05_USR_006,1.0,-1.2334
16,2021-05,4,04_USR_005,5,05_USR_006,1.0,-1.0035
17,2021-06,4,04_USR_005,5,05_USR_006,1.0,2.0502
18,2021-07,4,04_USR_005,5,05_USR_006,1.0,0.776
19,2021-08,4,04_USR_005,5,05_USR_006,1.0,1.8915
20,2021-09,4,04_USR_005,5,05_USR_006,1.0,-3.0709
3,2020-04,4,04_USR_005,6,06_USR_007,1.0,-0.0689
4,2020-05,4,04_USR_005,6,06_USR_007,1.0,0.4025
5,2020-06,4,04_USR_005,6,06_USR_007,1.0,-0.0826
6,2020-07,4,04_USR_005,6,06_USR_007,1.0,-2.6152
7,2020-08,4,04_USR_005,6,06_USR_007,1.0,-1.5204
8,2020-09,4,04_USR_005,6,06_USR_007,1.0,0.9881
9,2020-10,4,04_USR_005,6,06_USR_007,1.0,1.1889
10,2020-11,4,04_USR_005,6,06_USR_007,1.0,0.4771
11,2020-12,4,04_USR_005,6,06_USR_007,1.0,-1.5499
12,2021-01,4,04_USR_005,6,06_USR_007,1.0,2.7594
13,2021-02,4,04_USR_005,6,06_USR_007,1.0,2.4394
14,2021-03,4,04_USR_005,6,06_USR_007,1.0,1.4267
15,2021-04,4,04_USR_005,6,06_USR_007,1.0,-0.2347
16,2021-05,4,04_USR_005,6,06_USR_007,1.0,-0.4088
17,2021-06,4,04_USR_005,6,06_USR_007,1.0,-2.284
18,2021-07,4,04_USR_005,6,06_USR_007,1.0,-2.3832
19,2021-08,4,04_USR_005,6,06_USR_007,1.0,-0.4261
20,2021-09,4,04_USR_005,6,06_USR_007,1.0,1.1935
3,2020-04,4,04_USR_005,7,07_USR_008,1.0,1.3472
4,2020-05,4,04_USR_005,7,07_USR_008,1.0,1.6375
5,2020-06,4,04_USR_005,7,07_USR_008,1.0,-2.2336
6,2020-07,4,04_USR_005,7,07_USR_008,1.0,2.5815
7,2020-08,4,04_USR_005,7,07_USR_008,1.0,2.2677
8,2020-09,4,04_USR_005,7,07_USR_008,1.0,0.8731
9,2020-10,4,04_USR_005,7,07_USR_008,1.0,2.2521
10,2020-11,4,04_USR_005,7,07_USR_008,1.0,-1.1257
11,2020-12,4,04_USR_005,7,07_USR_008,1.0,0.0614
12,2021-01,4,04_USR_005,7,07_USR_008,1.0,-0.0085
13,2021-02,4,04_USR_005,7,07_USR_008,1.0,-0.0901
14,2021-03,4,04_USR_005,7,07_USR_008,1.0,-1.2351
15,2021-04,4,04_USR_005,7,07_USR_008,1.0,-1.1412
16,2021-05,4,04_USR_005,7,07_USR_008,1.0,-1.588
17,2021-06,4,04_USR_005,7,07_USR_008,1.0,1.9833
18,2021-07,4,04_USR_005,7,07_USR_008,1.0,0.3534
19,2021-08,4,04_USR_005,7,07_USR_008,1.0,0.554
20,2021-09,4,04_USR_005,7,07_USR_008,1.0,1.5106
3,2020-04,4,04_USR_005,8,08_USR_009,1.0,1.972
4,2020-05,4,04_USR_005,8,08_USR_009,1.0,1.7979
5,2020-06,4,04_USR_005,8,08_USR_009,1.0,-2.4359
6,2020-07,4,04_USR_005,8,08_USR_009,1.0,1.8749
7,2020-08,4,04_USR_005,8,08_USR_009,1.0,-0.7244
8,2020-09,4,04_USR_005,8,08_USR_009,1.0,1.4541
9,2020-10,4,04_USR_005,8,08_USR_009,1.0,2.2618
10,2020-11,4,04_USR_005,8,08_USR_009,1.0,-2.415
11,2020-12,4,04_USR_005,8,08_USR_009,1.0,2.4852
12,2021-01,4,04_USR_005,8,08_USR_009,1.0,-3.0937
13,2021-02,4,04_USR_005,8,08_USR_009,1.0,-2.6491
14,2021-03,4,04_USR_005,8,08_USR_009,1.0,2.7024
15,2021-04,4,04_USR_005,8,08_USR_009,1.0,2.8633
16,2021-05,4,04_USR_005,8,08_USR_009,1.0,2.2838
17,2021-06,4,04_USR_005,8,08_USR_009,1.0,0.4186
18,2021-07,4,04_USR_005,8,08_USR_009,1.0,0.4306
19,2021-08,4,04_USR_005,8,08_USR_009,1.0,1.8169
20,2021-09,4,04_USR_005,8,08_USR_009,1.0,-3.0914
3,2020-04,4,04_USR_005,9,09_USR_010,1.0,1.8713
4,2020-05,4,04_USR_005,9,09_USR_010,1.0,0.3693
5,2020-06,4,04_USR_005,9,09_USR_010,1.0,-0.3678
6,2020-07,4,04_USR_005,9,09_USR_010,1.0,1.9752
7,2020-08,4,04_USR_005,9,09_USR_010,1.0,-0.0334
8,2020-09,4,04_USR_005,9,09_USR_010,1.0,1.5935
9,2020-10,4,04_USR_005,9,09_USR_010,1.0,1.4221
10,2020-11,4,04_USR_005,9,09_USR_010,1.0,0.9918
11,2020-12,4,04_USR_005,9,09_USR_010,1.0,0.1595
12,2021-01,4,04_USR_005,9,09_USR_010,1.0,0.0022
13,2021-02,4,04_USR_005,9,09_USR_010,1.0,-0.078
14,2021-03,4,04_USR_005,9,09_USR_010,1.0,-0.5399
15,2021-04,4,04_USR_005,9,09_USR_010,1.0,-2.9006
16,2021-05,4,04_USR_005,9,09_USR_010,1.0,-2.3745
17,2021-06,4,04_USR_005,9,09_USR_010,1.0,2.1448
18,2021-07,4,04_USR_005,9,09_USR_010,1.0,2.6105
19,2021-08,4,04_USR_005,9,09_USR_010,1.0,-0.5388
20,2021-09,4,04_USR_005,9,09_USR_010,1.0,0.3597
3,2020-04,5,05_USR_006,0,00_USR_001,1.0,-1.9629
4,2020-05,5,05_USR_006,0,00_USR_001,1.0,2.8697
5,2020-06,5,05_USR_006,0,00_USR_001,1.0,2.4864
6,2020-07,5,05_USR_006,0,00_USR_001,1.0,1.9169
7,2020-08,5,05_USR_006,0,00_USR_001,1.0,0.8124
8,2020-09,5,05_USR_006,0,00_USR_001,1.0,0.405
9,2020-10,5,05_USR_006,0,00_USR_001,1.0,1.6085
10,2020-11,5,05_USR_006,0,00_USR_001,1.0,-2.8335
11,2020-12,5,05_USR_006,0,00_USR_001,1.0,-0.8111
12,2021-01,5,05_USR_006,0,00_USR_001,1.0,-2.8273
13,2021-02,5,05_USR_006,0,00_USR_001,1.0,-1.9883
14,2021-03,5,05_USR_006,0,00_USR_001,1.0,-1.5203
15,2021-04,5,05_USR_006,0,00_USR_001,1.0,-2.3111
16,2021-05,5,05_USR_006,0,00_USR_001,1.0,-2.441
17,2021-06,5,05_USR_006,0,00_USR_001,1.0,-1.6704
18,2021-07,5,05_USR_006,0,00_USR_001,1.0,-0.3748
19,2021-08,5,05_USR_006,0,00_USR_001,1.0,-0.0161
20,2021-09,5,05_USR_006,0,00_USR_001,1.0,2.6823
3,2020-04,5,05_USR_006,1,01_USR_002,1.0,3.0343
4,2020-05,5,05_USR_006,1,01_USR_002,1.0,3.1239
5,2020-06,5,05_USR_006,1,01_USR_002,1.0,-2.7408
6,2020-07,5,05_USR_006,1,01_USR_002,1.0,-0.1992
7,2020-08,5,05_USR_006,1,01_USR_002,1.0,0.0394
8,2020-09,5,05_USR_006,1,01_USR_002,1.0,-0.7041
9,2020-10,5,05_USR_006,1,01_USR_002,1.0,0.7931
10,2020-11,5,05_USR_006,1,01_USR_002,1.0,1.6343
11,2020-12,5,05_USR_006,1,01_USR_002,1.0,2.7667
12,2021-01,5,05_USR_006,1,01_USR_002,1.0,-1.2494
13,2021-02,5,05_USR_006,1,01_USR_002,1.0,-0.1011
14,2021-03,5,05_USR_006,1,01_USR_002,1.0,0.8256
15,2021-04,5,05_USR_006,1,01_USR_002,1.0,0.4426
16,2021-05,5,05_USR_006,1,01_USR_002,1.0,0.4293
17,2021-06,5,05_USR_006,1,01_USR_002,1.0,1.9459
18,2021-07,5,05_USR_006,1,01_USR_002,1.0,-2.9138
19,2021-08,5,05_USR_006,1,01_USR_002,1.0,-2.7538
20,2021-09,5,05_USR_006,1,01_USR_002,1.0,3.0516
3,2020-04,5,05_USR_006,2,02_USR_003,1.0,-1.9222
4,2020-05,5,05_USR_006,2,02_USR_003,1.0,-3.1087
5,2020-06,5,05_USR_006,2,02_USR_003,1.0,-0.9938
6,2020-07,5,05_USR_006,2,02_USR_003,1.0,-0.8442
7,2020-08,5,05_USR_006,2,02_USR_003,1.0,-3.0878
8,2020-09,5,05_USR_006,2,02_USR_003,1.0,1.6553
9,2020-10,5,05_USR_006,2,02_USR_003,1.0,-1.23
10,2020-11,5,05_USR_006,2,02_USR_003,1.0,-0.5791
11,2020-12,5,05_USR_006,2,02_USR_003,1.0,0.1108
12,2021-01,5,05_USR_006,2,02_USR_003,1.0,0.2962
13,2021-02,5,05_USR_006,2,02_USR_003,1.0,-0.2437
14,2021-03,5,05_USR_006,2,02_USR_003,1.0,-0.7518
15,2021-04,5,05_USR_006,2,02_USR_003,1.0,-2.1908
16,2021-05,5,05_USR_006,2,02_USR_003,1.0,-2.9566
17,2021-06,5,05_USR_006,2,02_USR_003,1.0,-1.7712
18,2021-07,5,05_USR_006,2,02_USR_003,1.0,-0.8872
19,2021-08,5,05_USR_006,2,02_USR_003,1.0,-1.2364
20,2021-09,5,05_USR_006,2,02_USR_003,1.0,-1.6723
3,2020-04,5,05_USR_006,3,03_USR_004,1.0,-1.8973
4,2020-05,5,05_USR_006,3,03_USR_004,1.0,3.1307
5,2020-06,5,05_USR_006,3,03_USR_004,1.0,-0.8792
6,2020-07,5,05_USR_006,3,03_USR_004,1.0,-0.837
7,2020-08,5,05_USR_006,3,03_USR_004,1.0,-3.0764
8,2020-09,5,05_USR_006,3,03_USR_004,1.0,1.4947
9,2020-10,5,05_USR_006,3,03_USR_004,1.0,-1.0796
10,2020-11,5,05_USR_006,3,03_USR_004,1.0,-0.57
11,2020-12,5,05_USR_006,3,03_USR_004,1.0,0.1017
12,2021-01,5,05_USR_006,3,03_USR_004,1.0,0.2879
13,2021-02,5,05_USR_006,3,03_USR_004,1.0,-0.2627
14,2021-03,5,05_USR_006,3,03_USR_004,1.0,-0.7642
15,2021-04,5,05_USR_006,3,03_USR_004,1.0,-2.1727
16,2021-05,5,05_USR_006,3,03_USR_004,1.0,-2.8717
17,2021-06,5,05_USR_006,3,03_USR_004,1.0,-1.7756
18,2021-07,5,05_USR_006,3,03_USR_004,1.0,-0.9109
19,2021-08,5,05_USR_006,3,03_USR_004,1.0,-1.2709
20,2021-09,5,05_USR_006,3,03_USR_004,1.0,-1.7051
3,2020-04,5,05_USR_006,4,04_USR_005,1.0,-2.2082
4,2020-05,5,05_USR_006,4,04_USR_005,1.0,2.1678
5,2020-06,5,05_USR_006,4,04_USR_005,1.0,1.6869
6,2020-07,5,05_USR_006,4,04_USR_005,1.0,-2.7452
7,2020-08,5,05_USR_006,4,04_USR_005,1.0,3.1003
8,2020-09,5,05_USR_006,4,04_USR_005,1.0,-0.2263
9,2020-10,5,05_USR_006,4,04_USR_005,1.0,0.8139
10,2020-11,5,05_USR_006,4,04_USR_005,1.0,1.6509
11,2020-12,5,05_USR_006,4,04_USR_005,1.0,-1.5984
12,2021-01,5,05_USR_006,4,04_USR_005,1.0,0.7658
13,2021-02,5,05_USR_006,4,04_USR_005,1.0,1.6622
14,2021-03,5,05_USR_006,4,04_USR_005,1.0,2.5357
15,2021-04,5,05_USR_006,4,04_USR_005,1.0,1.2334
16,2021-05,5,05_USR_006,4,04_USR_005,1.0,1.0035
17,2021-06,5,05_USR_006,4,04_USR_005,1.0,-2.0502
18,2021-07,5,05_USR_006,4,04_USR_005,1.0,-0.776
19,2021-08,5,05_USR_006,4,04_USR_005,1.0,-1.8915
20,2021-09,5,05_USR_006,4,04_USR_005,1.0,3.0709
3,2020-04,5,05_USR_006,5,05_USR_006,1.0,0.0
4,2020-05,5,05_USR_006,5,05_USR_006,1.0,-0.0
5,2020-06,5,05_USR_006,5,05_USR_006,1.0,-0.0
6,2020-07,5,05_USR_006,5,05_USR_006,1.0,0.0
7,2020-08,5,05_USR_006,5,05_USR_006,1.0,-0.0
8,2020-09,5,05_USR_006,5,05_USR_006,1.0,0.0
9,2020-10,5,05_USR_006,5,05_USR_006,1.0,0.0
10,2020-11,5,05_USR_006,5,05_USR_006,1.0,-0.0
11,2020-12,5,05_USR_006,5,05_USR_006,1.0,0.0
12,2021-01,5,05_USR_006,5,05_USR_006,1.0,0.0
13,2021-02,5,05_USR_006,5,05_USR_006,1.0,-0.0
14,2021-03,5,05_USR_006,5,05_USR_006,1.0,-0.0
15,2021-04,5,05_USR_006,5,05_USR_006,1.0,0.0
16,2021-05,5,05_USR_006,5,05_USR_006,1.0,0.0
17,2021-06,5,05_USR_006,5,05_USR_006,1.0,0.0
18,2021-07,5,05_USR_006,5,05_USR_006,1.0,0.0
19,2021-08,5,05_USR_006,5,05_USR_006,1.0,-0.0
20,2021-09,5,05_USR_006,5,05_USR_006,1.0,0.0
3,2020-04,5,05_USR_006,6,06_USR_007,1.0,-2.277
4,2020-05,5,05_USR_006,6,06_USR_007,1.0,2.5703
5,2020-06,5,05_USR_006,6,06_USR_007,1.0,1.6043
6,2020-07,5,05_USR_006,6,06_USR_007,1.0,0.9228
7,2020-08,5,05_USR_006,6,06_USR_007,1.0,1.5799
8,2020-09,5,05_USR_006,6,06_USR_007,1.0,0.7618
9,2020-10,5,05_USR_006,6,06_USR_007,1.0,2.0028
10,2020-11,5,05_USR_006,6,06_USR_007,1.0,2.128
11,2020-12,5,05_USR_006,6,06_USR_007,1.0,3.1348
12,2021-01,5,05_USR_006,6,06_USR_007,1.0,-2.758
13,2021-02,5,05_USR_006,6,06_USR_007,1.0,-2.1816
14,2021-03,5,05_USR_006,6,06_USR_007,1.0,-2.3207
15,2021-04,5,05_USR_006,6,06_USR_007,1.0,0.9987
16,2021-05,5,05_USR_006,6,06_USR_007,1.0,0.5947
17,2021-06,5,05_USR_006,6,06_USR_007,1.0,1.949
18,2021-07,5,05_USR_006,6,06_USR_007,1.0,3.1239
19,2021-08,5,05_USR_006,6,06_USR_007,1.0,-2.3176
20,2021-09,5,05_USR_006,6,06_USR_007,1.0,-2.0188
3,2020-04,5,05_USR_006,7,07_USR_008,1.0,-0.861
4,2020-05,5,05_USR_006,7,07_USR_008,1.0,-2.4778
5,2020-06,5,05_USR_006,7,07_USR_008,1.0,-0.5467
6,2020-07,5,05_USR_006,7,07_USR_008,1.0,-0.1637
7,2020-08,5,05_USR_006,7,07_USR_008,1.0,-0.9152
8,2020-09,5,05_USR_006,7,07_USR_008,1.0,0.6468
9,2020-10,5,05_USR_006,7,07_USR_008,1.0,3.066
10,2020-11,5,05_USR_006,7,07_USR_008,1.0,0.5251
11,2020-12,5,05_USR_006,7,07_USR_008,1.0,-1.5371
12,2021-01,5,05_USR_006,7,07_USR_008,1.0,0.7573
13,2021-02,5,05_USR_006,7,07_USR_008,1.0,1.5721
14,2021-03,5,05_USR_006,7,07_USR_008,1.0,1.3006
15,2021-04,5,05_USR_006,7,07_USR_008,1.0,0.0922
16,2021-05,5,05_USR_006,7,07_USR_008,1.0,-0.5845
17,2021-06,5,05_USR_006,7,07_USR_008,1.0,-0.0669
18,2021-07,5,05_USR_006,7,07_USR_008,1.0,-0.4226
19,2021-08,5,05_USR_006,7,07_USR_008,1.0,-1.3375
20,2021-09,5,05_USR_006,7,07_USR_008,1.0,-1.7017
3,2020-04,5,05_USR_006,8,08_USR_009,1.0,-0.2362
4,2020-05,5,05_USR_006,8,08_USR_009,1.0,-2.3175
5,2020-06,5,05_USR_006,8,08_USR_009,1.0,-0.749
6,2020-07,5,05_USR_006,8,08_USR_009,1.0,-0.8703
7,2020-08,5,05_USR_006,8,08_USR_009,1.0,2.3759
8,2020-09,5,05_USR_006,8,08_USR_009,1.0,1.2278
9,2020-10,5,05_USR_006,8,08_USR_009,1.0,3.0757
10,2020-11,5,05_USR_006,8,08_USR_009,1.0,-0.7641
11,2020-12,5,05_USR_006,8,08_USR_009,1.0,0.8868
12,2021-01,5,05_USR_006,8,08_USR_009,1.0,-2.3279
13,2021-02,5,05_USR_006,8,08_USR_009,1.0,-0.9869
14,2021-03,5,05_USR_006,8,08_USR_009,1.0,-1.0451
15,2021-04,5,05_USR_006,8,08_USR_009,1.0,-2.1865
16,2021-05,5,05_USR_006,8,08_USR_009,1.0,-2.9959
17,2021-06,5,05_USR_006,8,08_USR_009,1.0,-1.6316
18,2021-07,5,05_USR_006,8,08_USR_009,1.0,-0.3454
19,2021-08,5,05_USR_006,8,08_USR_009,1.0,-0.0746
20,2021-09,5,05_USR_006,8,08_USR_009,1.0,-0.0205
3,2020-04,5,05_USR_006,9,09_USR_010,1.0,-0.3369
4,2020-05,5,05_USR_006,9,09_USR_010,1.0,2.5372
5,2020-06,5,05_USR_006,9,09_USR_010,1.0,1.3191
6,2020-07,5,05_USR_006,9,09_USR_010,1.0,-0.77
7,2020-08,5,05_USR_006,9,09_USR_010,1.0,3.0668
8,2020-09,5,05_USR_006,9,09_USR_010,1.0,1.3672
9,2020-10,5,05_USR_006,9,09_USR_010,1.0,2.236
10,2020-11,5,05_USR_006,9,09_USR_010,1.0,2.6427
11,2020-12,5,05_USR_006,9,09_USR_010,1.0,-1.4389
12,2021-01,5,05_USR_006,9,09_USR_010,1.0,0.7681
13,2021-02,5,05_USR_006,9,09_USR_010,1.0,1.5841
14,2021-03,5,05_USR_006,9,09_USR_010,1.0,1.9958
15,2021-04,5,05_USR_006,9,09_USR_010,1.0,-1.6672
16,2021-05,5,05_USR_006,9,09_USR_010,1.0,-1.371
17,2021-06,5,05_USR_006,9,09_USR_010,1.0,0.0946
18,2021-07,5,05_USR_006,9,09_USR_010,1.0,1.8344
19,2021-08,5,05_USR_006,9,09_USR_010,1.0,-2.4303
20,2021-09,5,05_USR_006,9,09_USR_010,1.0,-2.8526
3,2020-04,6,06_USR_007,0,00_USR_001,1.0,0.3141
4,2020-05,6,06_USR_007,0,00_USR_001,1.0,0.2993
5,2020-06,6,06_USR_007,0,00_USR_001,1.0,0.882
6,2020-07,6,06_USR_007,0,00_USR_001,1.0,0.9941
7,2020-08,6,06_USR_007,0,00_USR_001,1.0,-0.7674
8,2020-09,6,06_USR_007,0,00_USR_001,1.0,-0.3568
9,2020-10,6,06_USR_007,0,00_USR_001,1.0,-0.3944
10,2020-11,6,06_USR_007,0,00_USR_001,1.0,1.3217
11,2020-12,6,06_USR_007,0,00_USR_001,1.0,2.3372
12,2021-01,6,06_USR_007,0,00_USR_001,1.0,-0.0693
13,2021-02,6,06_USR_007,0,00_USR_001,1.0,0.1932
14,2021-03,6,06_USR_007,0,00_USR_001,1.0,0.8004
15,2021-04,6,06_USR_007,0,00_USR_001,1.0,2.9734
16,2021-05,6,06_USR_007,0,00_USR_001,1.0,-3.0357
17,2021-06,6,06_USR_007,0,00_USR_001,1.0,2.6638
18,2021-07,6,06_USR_007,0,00_USR_001,1.0,2.7845
19,2021-08,6,06_USR_007,0,00_USR_001,1.0,2.3015
20,2021-09,6,06_USR_007,0,00_USR_001,1.0,-1.5821
3,2020-04,6,06_USR_007,1,01_USR_002,1.0,-0.9718
4,2020-05,6,06_USR_007,1,01_USR_002,1.0,0.5535
5,2020-06,6,06_USR_007,1,01_USR_002,1.0,1.9381
6,2020-07,6,06_USR_007,1,01_USR_002,1.0,-1.122
7,2020-08,6,06_USR_007,1,01_USR_002,1.0,-1.5405
8,2020-09,6,06_USR_007,1,01_USR_002,1.0,-1.4659
9,2020-10,6,06_USR_007,1,01_USR_002,1.0,-1.2097
10,2020-11,6,06_USR_007,1,01_USR_002,1.0,-0.4937
11,2020-12,6,06_USR_007,1,01_USR_002,1.0,-0.3681
12,2021-01,6,06_USR_007,1,01_USR_002,1.0,1.5086
13,2021-02,6,06_USR_007,1,01_USR_002,1.0,2.0805
14,2021-03,6,06_USR_007,1,01_USR_002,1.0,-3.1368
15,2021-04,6,06_USR_007,1,01_USR_002,1.0,-0.5561
16,2021-05,6,06_USR_007,1,01_USR_002,1.0,-0.1654
17,2021-06,6,06_USR_007,1,01_USR_002,1.0,-0.0031
18,2021-07,6,06_USR_007,1,01_USR_002,1.0,0.2454
19,2021-08,6,06_USR_007,1,01_USR_002,1.0,-0.4362
20,2021-09,6,06_USR_007,1,01_USR_002,1.0,-1.2128
3,2020-04,6,06_USR_007,2,02_USR_003,1.0,0.3548
4,2020-05,6,06_USR_007,2,02_USR_003,1.0,0.6041
5,2020-06,6,06_USR_007,2,02_USR_003,1.0,-2.5981
6,2020-07,6,06_USR_007,2,02_USR_003,1.0,-1.767
7,2020-08,6,06_USR_007,2,02_USR_003,1.0,1.6155
8,2020-09,6,06_USR_007,2,02_USR_003,1.0,0.8935
9,2020-10,6,06_USR_007,2,02_USR_003,1.0,3.0503
10,2020-11,6,06_USR_007,2,02_USR_003,1.0,-2.7071
11,2020-12,6,06_USR_007,2,02_USR_003,1.0,-3.0241
12,2021-01,6,06_USR_007,2,02_USR_003,1.0,3.0541
13,2021-02,6,06_USR_007,2,02_USR_003,1.0,1.9379
14,2021-03,6,06_USR_007,2,02_USR_003,1.0,1.5689
15,2021-04,6,06_USR_007,2,02_USR_003,1.0,3.0937
16,2021-05,6,06_USR_007,2,02_USR_003,1.0,2.7319
17,2021-06,6,06_USR_007,2,02_USR_003,1.0,2.563
18,2021-07,6,06_USR_007,2,02_USR_003,1.0,2.2721
19,2021-08,6,06_USR_007,2,02_USR_003,1.0,1.0812
20,2021-09,6,06_USR_007,2,02_USR_003,1.0,0.3465
3,2020-04,6,06_USR_007,3,03_USR_004,1.0,0.3797
4,2020-05,6,06_USR_007,3,03_USR_004,1.0,0.5604
5,2020-06,6,06_USR_007,3,03_USR_004,1.0,-2.4835
6,2020-07,6,06_USR_007,3,03_USR_004,1.0,-1.7597
7,2020-08,6,06_USR_007,3,03_USR_004,1.0,1.6269
8,2020-09,6,06_USR_007,3,03_USR_004,1.0,0.7329
9,2020-10,6,06_USR_007,3,03_USR_004,1.0,-3.0825
10,2020-11,6,06_USR_007,3,03_USR_004,1.0,-2.6981
11,2020-12,6,06_USR_007,3,03_USR_004,1.0,-3.0332
12,2021-01,6,06_USR_007,3,03_USR_004,1.0,3.0459
13,2021-02,6,06_USR_007,3,03_USR_004,1.0,1.9189
14,2021-03,6,06_USR_007,3,03_USR_004,1.0,1.5565
15,2021-04,6,06_USR_007,3,03_USR_004,1.0,3.1118
16,2021-05,6,06_USR_007,3,03_USR_004,1.0,2.8168
17,2021-06,6,06_USR_007,3,03_USR_004,1.0,2.5586
18,2021-07,6,06_USR_007,3,03_USR_004,1.0,2.2484
19,2021-08,6,06_USR_007,3,03_USR_004,1.0,1.0467
20,2021-09,6,06_USR_007,3,03_USR_004,1.0,0.3137
3,2020-04,6,06_USR_007,4,04_USR_005,1.0,0.0689
4,2020-05,6,06_USR_007,4,04_USR_005,1.0,-0.4025
5,2020-06,6,06_USR_007,4,04_USR_005,1.0,0.0826
6,2020-07,6,06_USR_007,4,04_USR_005,1.0,2.6152
7,2020-08,6,06_USR_007,4,04_USR_005,1.0,1.5204
8,2020-09,6,06_USR_007,4,04_USR_005,1.0,-0.9881
9,2020-10,6,06_USR_007,4,04_USR_005,1.0,-1.1889
10,2020-11,6,06_USR_007,4,04_USR_005,1.0,-0.4771
11,2020-12,6,06_USR_007,4,04_USR_005,1.0,1.5499
12,2021-01,6,06_USR_007,4,04_USR_005,1.0,-2.7594
13,2021-02,6,06_USR_007,4,04_USR_005,1.0,-2.4394
14,2021-03,6,06_USR_007,4,04_USR_005,1.0,-1.4267
15,2021-04,6,06_USR_007,4,04_USR_005,1.0,0.2347
16,2021-05,6,06_USR_007,4,04_USR_005,1.0,0.4088
17,2021-06,6,06_USR_007,4,04_USR_005,1.0,2.284
18,2021-07,6,06_USR_007,4,04_USR_005,1.0,2.3832
19,2021-08,6,06_USR_007,4,04_USR_005,1.0,0.4261
20,2021-09,6,06_USR_007,4,04_USR_005,1.0,-1.1935
3,2020-04,6,06_USR_007,5,05_USR_006,1.0,2.277
4,2020-05,6,06_USR_007,5,05_USR_006,1.0,-2.5703
5,2020-06,6,06_USR_007,5,05_USR_006,1.0,-1.6043
6,2020-07,6,06_USR_007,5,05_USR_006,1.0,-0.9228
7,2020-08,6,06_USR_007,5,05_USR_006,1.0,-1.5799
8,2020-09,6,06_USR_007,5,05_USR_006,1.0,-0.7618
9,2020-10,6,06_USR_007,5,05_USR_006,1.0,-2.0028
10,2020-11,6,06_USR_007,5,05_USR_006,1.0,-2.128
11,2020-12,6,06_USR_007,5,05_USR_006,1.0,-3.1348
12,2021-01,6,06_USR_007,5,05_USR_006,1.0,2.758
13,2021-02,6,06_USR_007,5,05_USR_006,1.0,2.1816
14,2021-03,6,06_USR_007,5,05_USR_006,1.0,2.3207
15,2021-04,6,06_USR_007,5,05_USR_006,1.0,-0.9987
16,2021-05,6,06_USR_007,5,05_USR_006,1.0,-0.5947
17,2021-06,6,06_USR_007,5,05_USR_006,1.0,-1.949
18,2021-07,6,06_USR_007,5,05_USR_006,1.0,-3.1239
19,2021-08,6,06_USR_007,5,05_USR_006,1.0,2.3176
20,2021-09,6,06_USR_007,5,05_USR_006,1.0,2.0188
3,2020-04,6,06_USR_007,6,06_USR_007,1.0,-0.0
4,2020-05,6,06_USR_007,6,06_USR_007,1.0,-0.0
5,2020-06,6,06_USR_007,6,06_USR_007,1.0,-0.0
6,2020-07,6,06_USR_007,6,06_USR_007,1.0,-0.0
7,2020-08,6,06_USR_007,6,06_USR_007,1.0,-0.0
8,2020-09,6,06_USR_007,6,06_USR_007,1.0,0.0
9,2020-10,6,06_USR_007,6,06_USR_007,1.0,-0.0
10,2020-11,6,06_USR_007,6,06_USR_007,1.0,-0.0
11,2020-12,6,06_USR_007,6,06_USR_007,1.0,0.0
12,2021-01,6,06_USR_007,6,06_USR_007,1.0,-0.0
13,2021-02,6,06_USR_007,6,06_USR_007,1.0,-0.0
14,2021-03,6,06_USR_007,6,06_USR_007,1.0,-0.0
15,2021-04,6,06_USR_007,6,06_USR_007,1.0,-0.0
16,2021-05,6,06_USR_007,6,06_USR_007,1.0,-0.0
17,2021-06,6,06_USR_007,6,06_USR_007,1.0,-0.0
18,2021-07,6,06_USR_007,6,06_USR_007,1.0,-0.0
19,2021-08,6,06_USR_007,6,06_USR_007,1.0,-0.0
20,2021-09,6,06_USR_007,6,06_USR_007,1.0,0.0
3,2020-04,6,06_USR_007,7,07_USR_008,1.0,1.416
4,2020-05,6,06_USR_007,7,07_USR_008,1.0,1.235
5,2020-06,6,06_USR_007,7,07_USR_008,1.0,-2.151
6,2020-07,6,06_USR_007,7,07_USR_008,1.0,-1.0865
7,2020-08,6,06_USR_007,7,07_USR_008,1.0,-2.4951
8,2020-09,6,06_USR_007,7,07_USR_008,1.0,-0.115
9,2020-10,6,06_USR_007,7,07_USR_008,1.0,1.0632
10,2020-11,6,06_USR_007,7,07_USR_008,1.0,-1.6029
11,2020-12,6,06_USR_007,7,07_USR_008,1.0,1.6113
12,2021-01,6,06_USR_007,7,07_USR_008,1.0,-2.768
13,2021-02,6,06_USR_007,7,07_USR_008,1.0,-2.5295
14,2021-03,6,06_USR_007,7,07_USR_008,1.0,-2.6618
15,2021-04,6,06_USR_007,7,07_USR_008,1.0,-0.9065
16,2021-05,6,06_USR_007,7,07_USR_008,1.0,-1.1792
17,2021-06,6,06_USR_007,7,07_USR_008,1.0,-2.0159
18,2021-07,6,06_USR_007,7,07_USR_008,1.0,2.7367
19,2021-08,6,06_USR_007,7,07_USR_008,1.0,0.9801
20,2021-09,6,06_USR_007,7,07_USR_008,1.0,0.3171
3,2020-04,6,06_USR_007,8,08_USR_009,1.0,2.0409
4,2020-05,6,06_USR_007,8,08_USR_009,1.0,1.3954
5,2020-06,6,06_USR_007,8,08_USR_009,1.0,-2.3533
6,2020-07,6,06_USR_007,8,08_USR_009,1.0,-1.7931
7,2020-08,6,06_USR_007,8,08_USR_009,1.0,0.796
8,2020-09,6,06_USR_007,8,08_USR_009,1.0,0.466
9,2020-10,6,06_USR_007,8,08_USR_009,1.0,1.0729
10,2020-11,6,06_USR_007,8,08_USR_009,1.0,-2.8921
11,2020-12,6,06_USR_007,8,08_USR_009,1.0,-2.2481
12,2021-01,6,06_USR_007,8,08_USR_009,1.0,0.43
13,2021-02,6,06_USR_007,8,08_USR_009,1.0,1.1947
14,2021-03,6,06_USR_007,8,08_USR_009,1.0,1.2756
15,2021-04,6,06_USR_007,8,08_USR_009,1.0,3.098
16,2021-05,6,06_USR_007,8,08_USR_009,1.0,2.6927
17,2021-06,6,06_USR_007,8,08_USR_009,1.0,2.7026
18,2021-07,6,06_USR_007,8,08_USR_009,1.0,2.8139
19,2021-08,6,06_USR_007,8,08_USR_009,1.0,2.243
20,2021-09,6,06_USR_007,8,08_USR_009,1.0,1.9983
3,2020-04,6,06_USR_007,9,09_USR_010,1.0,1.9402
4,2020-05,6,06_USR_007,9,09_USR_010,1.0,-0.0332
5,2020-06,6,06_USR_007,9,09_USR_010,1.0,-0.2852
6,2020-07,6,06_USR_007,9,09_USR_010,1.0,-1.6927
7,2020-08,6,06_USR_007,9,09_USR_010,1.0,1.487
8,2020-09,6,06_USR_007,9,09_USR_010,1.0,0.6054
9,2020-10,6,06_USR_007,9,09_USR_010,1.0,0.2332
10,2020-11,6,06_USR_007,9,09_USR_010,1.0,0.5147
11,2020-12,6,06_USR_007,9,09_USR_010,1.0,1.7095
12,2021-01,6,06_USR_007,9,09_USR_010,1.0,-2.7572
13,2021-02,6,06_USR_007,9,09_USR_010,1.0,-2.5175
14,2021-03,6,06_USR_007,9,09_USR_010,1.0,-1.9666
15,2021-04,6,06_USR_007,9,09_USR_010,1.0,-2.6659
16,2021-05,6,06_USR_007,9,09_USR_010,1.0,-1.9657
17,2021-06,6,06_USR_007,9,09_USR_010,1.0,-1.8544
18,2021-07,6,06_USR_007,9,09_USR_010,1.0,-1.2895
19,2021-08,6,06_USR_007,9,09_USR_010,1.0,-0.1127
20,2021-09,6,06_USR_007,9,09_USR_010,1.0,-0.8338
3,2020-04,7,07_USR_008,0,00_USR_001,1.0,-1.1019
4,2020-05,7,07_USR_008,0,00_USR_001,1.0,-0.9357
5,2020-06,7,07_USR_008,0,00_USR_001,1.0,3.033
6,2020-07,7,07_USR_008,0,00_USR_001,1.0,2.0806
7,2020-08,7,07_USR_008,0,00_USR_001,1.0,1.7276
8,2020-09,7,07_USR_008,0,00_USR_001,1.0,-0.2418
9,2020-10,7,07_USR_008,0,00_USR_001,1.0,-1.4575
10,2020-11,7,07_USR_008,0,00_USR_001,1.0,2.9246
11,2020-12,7,07_USR_008,0,00_USR_001,1.0,0.7259
12,2021-01,7,07_USR_008,0,00_USR_001,1.0,2.6987
13,2021-02,7,07_USR_008,0,00_USR_001,1.0,2.7228
14,2021-03,7,07_USR_008,0,00_USR_001,1.0,-2.821
15,2021-04,7,07_USR_008,0,00_USR_001,1.0,-2.4033
16,2021-05,7,07_USR_008,0,00_USR_001,1.0,-1.8565
17,2021-06,7,07_USR_008,0,00_USR_001,1.0,-1.6035
18,2021-07,7,07_USR_008,0,00_USR_001,1.0,0.0478
19,2021-08,7,07_USR_008,0,00_USR_001,1.0,1.3215
20,2021-09,7,07_USR_008,0,00_USR_001,1.0,-1.8992
3,2020-04,7,07_USR_008,1,01_USR_002,1.0,-2.3879
4,2020-05,7,07_USR_008,1,01_USR_002,1.0,-0.6815
5,2020-06,7,07_USR_008,1,01_USR_002,1.0,-2.1941
6,2020-07,7,07_USR_008,1,01_USR_002,1.0,-0.0355
7,2020-08,7,07_USR_008,1,01_USR_002,1.0,0.9546
8,2020-09,7,07_USR_008,1,01_USR_002,1.0,-1.351
9,2020-10,7,07_USR_008,1,01_USR_002,1.0,-2.2729
10,2020-11,7,07_USR_008,1,01_USR_002,1.0,1.1092
11,2020-12,7,07_USR_008,1,01_USR_002,1.0,-1.9794
12,2021-01,7,07_USR_008,1,01_USR_002,1.0,-2.0066
13,2021-02,7,07_USR_008,1,01_USR_002,1.0,-1.6732
14,2021-03,7,07_USR_008,1,01_USR_002,1.0,-0.475
15,2021-04,7,07_USR_008,1,01_USR_002,1.0,0.3504
16,2021-05,7,07_USR_008,1,01_USR_002,1.0,1.0138
17,2021-06,7,07_USR_008,1,01_USR_002,1.0,2.0128
18,2021-07,7,07_USR_008,1,01_USR_002,1.0,-2.4912
19,2021-08,7,07_USR_008,1,01_USR_002,1.0,-1.4163
20,2021-09,7,07_USR_008,1,01_USR_002,1.0,-1.5298
3,2020-04,7,07_USR_008,2,02_USR_003,1.0,-1.0612
4,2020-05,7,07_USR_008,2,02_USR_003,1.0,-0.6309
5,2020-06,7,07_USR_008,2,02_USR_003,1.0,-0.4471
6,2020-07,7,07_USR_008,2,02_USR_003,1.0,-0.6805
7,2020-08,7,07_USR_008,2,02_USR_003,1.0,-2.1726
8,2020-09,7,07_USR_008,2,02_USR_003,1.0,1.0085
9,2020-10,7,07_USR_008,2,02_USR_003,1.0,1.9872
10,2020-11,7,07_USR_008,2,02_USR_003,1.0,-1.1042
11,2020-12,7,07_USR_008,2,02_USR_003,1.0,1.6478
12,2021-01,7,07_USR_008,2,02_USR_003,1.0,-0.4611
13,2021-02,7,07_USR_008,2,02_USR_003,1.0,-1.8158
14,2021-03,7,07_USR_008,2,02_USR_003,1.0,-2.0524
15,2021-04,7,07_USR_008,2,02_USR_003,1.0,-2.283
16,2021-05,7,07_USR_008,2,02_USR_003,1.0,-2.3721
17,2021-06,7,07_USR_008,2,02_USR_003,1.0,-1.7043
18,2021-07,7,07_USR_008,2,02_USR_003,1.0,-0.4646
19,2021-08,7,07_USR_008,2,02_USR_003,1.0,0.1011
20,2021-09,7,07_USR_008,2,02_USR_003,1.0,0.0294
3,2020-04,7,07_USR_008,3,03_USR_004,1.0,-1.0363
4,2020-05,7,07_USR_008,3,03_USR_004,1.0,-0.6747
5,2020-06,7,07_USR_008,3,03_USR_004,1.0,-0.3325
6,2020-07,7,07_USR_008,3,03_USR_004,1.0,-0.6733
7,2020-08,7,07_USR_008,3,03_USR_004,1.0,-2.1612
8,2020-09,7,07_USR_008,3,03_USR_004,1.0,0.8479
9,2020-10,7,07_USR_008,3,03_USR_004,1.0,2.1376
10,2020-11,7,07_USR_008,3,03_USR_004,1.0,-1.0952
11,2020-12,7,07_USR_008,3,03_USR_004,1.0,1.6387
12,2021-01,7,07_USR_008,3,03_USR_004,1.0,-0.4694
13,2021-02,7,07_USR_008,3,03_USR_004,1.0,-1.8348
14,2021-03,7,07_USR_008,3,03_USR_004,1.0,-2.0648
15,2021-04,7,07_USR_008,3,03_USR_004,1.0,-2.2649
16,2021-05,7,07_USR_008,3,03_USR_004,1.0,-2.2872
17,2021-06,7,07_USR_008,3,03_USR_004,1.0,-1.7087
18,2021-07,7,07_USR_008,3,03_USR_004,1.0,-0.4883
19,2021-08,7,07_USR_008,3,03_USR_004,1.0,0.0666
20,2021-09,7,07_USR_008,3,03_USR_004,1.0,-0.0034
3,2020-04,7,07_USR_008,4,04_USR_005,1.0,-1.3472
4,2020-05,7,07_USR_008,4,04_USR_005,1.0,-1.6375
5,2020-06,7,07_USR_008,4,04_USR_005,1.0,2.2336
6,2020-07,7,07_USR_008,4,04_USR_005,1.0,-2.5815
7,2020-08,7,07_USR_008,4,04_USR_005,1.0,-2.2677
8,2020-09,7,07_USR_008,4,04_USR_005,1.0,-0.8731
9,2020-10,7,07_USR_008,4,04_USR_005,1.0,-2.2521
10,2020-11,7,07_USR_008,4,04_USR_005,1.0,1.1257
11,2020-12,7,07_USR_008,4,04_USR_005,1.0,-0.0614
12,2021-01,7,07_USR_008,4,04_USR_005,1.0,0.0085
13,2021-02,7,07_USR_008,4,04_USR_005,1.0,0.0901
14,2021-03,7,07_USR_008,4,04_USR_005,1.0,1.2351
15,2021-04,7,07_USR_008,4,04_USR_005,1.0,1.1412
16,2021-05,7,07_USR_008,4,04_USR_005,1.0,1.588
17,2021-06,7,07_USR_008,4,04_USR_005,1.0,-1.9833
18,2021-07,7,07_USR_008,4,04_USR_005,1.0,-0.3534
19,2021-08,7,07_USR_008,4,04_USR_005,1.0,-0.554
20,2021-09,7,07_USR_008,4,04_USR_005,1.0,-1.5106
3,2020-04,7,07_USR_008,5,05_USR_006,1.0,0.861
4,2020-05,7,07_USR_008,5,05_USR_006,1.0,2.4778
5,2020-06,7,07_USR_008,5,05_USR_006,1.0,0.5467
6,2020-07,7,07_USR_008,5,05_USR_006,1.0,0.1637
7,2020-08,7,07_USR_008,5,05_USR_006,1.0,0.9152
8,2020-09,7,07_USR_008,5,05_USR_006,1.0,-0.6468
9,2020-10,7,07_USR_008,5,05_USR_006,1.0,-3.066
10,2020-11,7,07_USR_008,5,05_USR_006,1.0,-0.5251
11,2020-12,7,07_USR_008,5,05_USR_006,1.0,1.5371
12,2021-01,7,07_USR_008,5,05_USR_006,1.0,-0.7573
13,2021-02,7,07_USR_008,5,05_USR_006,1.0,-1.5721
14,2021-03,7,07_USR_008,5,05_USR_006,1.0,-1.3006
15,2021-04,7,07_USR_008,5,05_USR_006,1.0,-0.0922
16,2021-05,7,07_USR_008,5,05_USR_006,1.0,0.5845
17,2021-06,7,07_USR_008,5,05_USR_006,1.0,0.0669
18,2021-07,7,07_USR_008,5,05_USR_006,1.0,0.4226
19,2021-08,7,07_USR_008,5,05_USR_006,1.0,1.3375
20,2021-09,7,07_USR_008,5,05_USR_006,1.0,1.7017
3,2020-04,7,07_USR_008,6,06_USR_007,1.0,-1.416
4,2020-05,7,07_USR_008,6,06_USR_007,1.0,-1.235
5,2020-06,7,07_USR_008,6,06_USR_007,1.0,2.151
6,2020-07,7,07_USR_008,6,06_USR_007,1.0,1.0865
7,2020-08,7,07_USR_008,6,06_USR_007,1.0,2.4951
8,2020-09,7,07_USR_008,6,06_USR_007,1.0,0.115
9,2020-10,7,07_USR_008,6,06_USR_007,1.0,-1.0632
10,2020-11,7,07_USR_008,6,06_USR_007,1.0,1.6029
11,2020-12,7,07_USR_008,6,06_USR_007,1.0,-1.6113
12,2021-01,7,07_USR_008,6,06_USR_007,1.0,2.768
13,2021-02,7,07_USR_008,6,06_USR_007,1.0,2.5295
14,2021-03,7,07_USR_008,6,06_USR_007,1.0,2.6618
15,2021-04,7,07_USR_008,6,06_USR_007,1.0,0.9065
16,2021-05,7,07_USR_008,6,06_USR_007,1.0,1.1792
17,2021-06,7,07_USR_008,6,06_USR_007,1.0,2.0159
18,2021-07,7,07_USR_008,6,06_USR_007,1.0,-2.7367
19,2021-08,7,07_USR_008,6,06_USR_007,1.0,-0.9801
20,2021-09,7,07_USR_008,6,06_USR_007,1.0,-0.3171
3,2020-04,7,07_USR_008,7,07_USR_008,1.0,0.0
4,2020-05,7,07_USR_008,7,07_USR_008,1.0,0.0
5,2020-06,7,07_USR_008,7,07_USR_008,1.0,-0.0
6,2020-07,7,07_USR_008,7,07_USR_008,1.0,-0.0
7,2020-08,7,07_USR_008,7,07_USR_008,1.0,-0.0
8,2020-09,7,07_USR_008,7,07_USR_008,1.0,0.0
9,2020-10,7,07_USR_008,7,07_USR_008,1.0,-0.0
10,2020-11,7,07_USR_008,7,07_USR_008,1.0,-0.0
11,2020-12,7,07_USR_008,7,07_USR_008,1.0,-0.0
12,2021-01,7,07_USR_008,7,07_USR_008,1.0,-0.0
13,2021-02,7,07_USR_008,7,07_USR_008,1.0,0.0
14,2021-03,7,07_USR_008,7,07_USR_008,1.0,-0.0
15,2021-04,7,07_USR_008,7,07_USR_008,1.0,0.0
16,2021-05,7,07_USR_008,7,07_USR_008,1.0,0.0
17,2021-06,7,07_USR_008,7,07_USR_008,1.0,-0.0
18,2021-07,7,07_USR_008,7,07_USR_008,1.0,0.0
19,2021-08,7,07_USR_008,7,07_USR_008,1.0,-0.0
20,2021-09,7,07_USR_008,7,07_USR_008,1.0,0.0
3,2020-04,7,07_USR_008,8,08_USR_009,1.0,0.6248
4,2020-05,7,07_USR_008,8,08_USR_009,1.0,0.1603
5,2020-06,7,07_USR_008,8,08_USR_009,1.0,-0.2023
6,2020-07,7,07_USR_008,8,08_USR_009,1.0,-0.7066
7,2020-08,7,07_USR_008,8,08_USR_009,1.0,-2.9921
8,2020-09,7,07_USR_008,8,08_USR_009,1.0,0.581
9,2020-10,7,07_USR_008,8,08_USR_009,1.0,0.0097
10,2020-11,7,07_USR_008,8,08_USR_009,1.0,-1.2892
11,2020-12,7,07_USR_008,8,08_USR_009,1.0,2.4238
12,2021-01,7,07_USR_008,8,08_USR_009,1.0,-3.0852
13,2021-02,7,07_USR_008,8,08_USR_009,1.0,-2.559
14,2021-03,7,07_USR_008,8,08_USR_009,1.0,-2.3457
15,2021-04,7,07_USR_008,8,08_USR_009,1.0,-2.2787
16,2021-05,7,07_USR_008,8,08_USR_009,1.0,-2.4113
17,2021-06,7,07_USR_008,8,08_USR_009,1.0,-1.5647
18,2021-07,7,07_USR_008,8,08_USR_009,1.0,0.0772
19,2021-08,7,07_USR_008,8,08_USR_009,1.0,1.2629
20,2021-09,7,07_USR_008,8,08_USR_009,1.0,1.6812
3,2020-04,7,07_USR_008,9,09_USR_010,1.0,0.5241
4,2020-05,7,07_USR_008,9,09_USR_010,1.0,-1.2682
5,2020-06,7,07_USR_008,9,09_USR_010,1.0,1.8658
6,2020-07,7,07_USR_008,9,09_USR_010,1.0,-0.6063
7,2020-08,7,07_USR_008,9,09_USR_010,1.0,-2.3011
8,2020-09,7,07_USR_008,9,09_USR_010,1.0,0.7203
9,2020-10,7,07_USR_008,9,09_USR_010,1.0,-0.8299
10,2020-11,7,07_USR_008,9,09_USR_010,1.0,2.1175
11,2020-12,7,07_USR_008,9,09_USR_010,1.0,0.0981
12,2021-01,7,07_USR_008,9,09_USR_010,1.0,0.0108
13,2021-02,7,07_USR_008,9,09_USR_010,1.0,0.012
14,2021-03,7,07_USR_008,9,09_USR_010,1.0,0.6952
15,2021-04,7,07_USR_008,9,09_USR_010,1.0,-1.7594
16,2021-05,7,07_USR_008,9,09_USR_010,1.0,-0.7865
17,2021-06,7,07_USR_008,9,09_USR_010,1.0,0.1614
18,2021-07,7,07_USR_008,9,09_USR_010,1.0,2.257
19,2021-08,7,07_USR_008,9,09_USR_010,1.0,-1.0928
20,2021-09,7,07_USR_008,9,09_USR_010,1.0,-1.1509
3,2020-04,8,08_USR_009,0,00_USR_001,1.0,-1.7267
4,2020-05,8,08_USR_009,0,00_USR_001,1.0,-1.096
5,2020-06,8,08_USR_009,0,00_USR_001,1.0,-3.0478
6,2020-07,8,08_USR_009,0,00_USR_001,1.0,2.7872
7,2020-08,8,08_USR_009,0,00_USR_001,1.0,-1.5635
8,2020-09,8,08_USR_009,0,00_USR_001,1.0,-0.8228
9,2020-10,8,08_USR_009,0,00_USR_001,1.0,-1.4673
10,2020-11,8,08_USR_009,0,00_USR_001,1.0,-2.0694
11,2020-12,8,08_USR_009,0,00_USR_001,1.0,-1.6979
12,2021-01,8,08_USR_009,0,00_USR_001,1.0,-0.4993
13,2021-02,8,08_USR_009,0,00_USR_001,1.0,-1.0014
14,2021-03,8,08_USR_009,0,00_USR_001,1.0,-0.4752
15,2021-04,8,08_USR_009,0,00_USR_001,1.0,-0.1246
16,2021-05,8,08_USR_009,0,00_USR_001,1.0,0.5549
17,2021-06,8,08_USR_009,0,00_USR_001,1.0,-0.0388
18,2021-07,8,08_USR_009,0,00_USR_001,1.0,-0.0294
19,2021-08,8,08_USR_009,0,00_USR_001,1.0,0.0585
20,2021-09,8,08_USR_009,0,00_USR_001,1.0,2.7028
3,2020-04,8,08_USR_009,1,01_USR_002,1.0,-3.0127
4,2020-05,8,08_USR_009,1,01_USR_002,1.0,-0.8418
5,2020-06,8,08_USR_009,1,01_USR_002,1.0,-1.9918
6,2020-07,8,08_USR_009,1,01_USR_002,1.0,0.6711
7,2020-08,8,08_USR_009,1,01_USR_002,1.0,-2.3366
8,2020-09,8,08_USR_009,1,01_USR_002,1.0,-1.932
9,2020-10,8,08_USR_009,1,01_USR_002,1.0,-2.2826
10,2020-11,8,08_USR_009,1,01_USR_002,1.0,2.3984
11,2020-12,8,08_USR_009,1,01_USR_002,1.0,1.8799
12,2021-01,8,08_USR_009,1,01_USR_002,1.0,1.0785
13,2021-02,8,08_USR_009,1,01_USR_002,1.0,0.8858
14,2021-03,8,08_USR_009,1,01_USR_002,1.0,1.8707
15,2021-04,8,08_USR_009,1,01_USR_002,1.0,2.6291
16,2021-05,8,08_USR_009,1,01_USR_002,1.0,-2.8581
17,2021-06,8,08_USR_009,1,01_USR_002,1.0,-2.7057
18,2021-07,8,08_USR_009,1,01_USR_002,1.0,-2.5684
19,2021-08,8,08_USR_009,1,01_USR_002,1.0,-2.6792
20,2021-09,8,08_USR_009,1,01_USR_002,1.0,3.0721
3,2020-04,8,08_USR_009,2,02_USR_003,1.0,-1.6861
4,2020-05,8,08_USR_009,2,02_USR_003,1.0,-0.7913
5,2020-06,8,08_USR_009,2,02_USR_003,1.0,-0.2448
6,2020-07,8,08_USR_009,2,02_USR_003,1.0,0.0261
7,2020-08,8,08_USR_009,2,02_USR_003,1.0,0.8194
8,2020-09,8,08_USR_009,2,02_USR_003,1.0,0.4275
9,2020-10,8,08_USR_009,2,02_USR_003,1.0,1.9774
10,2020-11,8,08_USR_009,2,02_USR_003,1.0,0.185
11,2020-12,8,08_USR_009,2,02_USR_003,1.0,-0.776
12,2021-01,8,08_USR_009,2,02_USR_003,1.0,2.6241
13,2021-02,8,08_USR_009,2,02_USR_003,1.0,0.7432
14,2021-03,8,08_USR_009,2,02_USR_003,1.0,0.2933
15,2021-04,8,08_USR_009,2,02_USR_003,1.0,-0.0043
16,2021-05,8,08_USR_009,2,02_USR_003,1.0,0.0392
17,2021-06,8,08_USR_009,2,02_USR_003,1.0,-0.1396
18,2021-07,8,08_USR_009,2,02_USR_003,1.0,-0.5418
19,2021-08,8,08_USR_009,2,02_USR_003,1.0,-1.1618
20,2021-09,8,08_USR_009,2,02_USR_003,1.0,-1.6518
3,2020-04,8,08_USR_009,3,03_USR_004,1.0,-1.6611
4,2020-05,8,08_USR_009,3,03_USR_004,1.0,-0.835
5,2020-06,8,08_USR_009,3,03_USR_004,1.0,-0.1302
6,2020-07,8,08_USR_009,3,03_USR_004,1.0,0.0333
7,2020-08,8,08_USR_009,3,03_USR_004,1.0,0.8309
8,2020-09,8,08_USR_009,3,03_USR_004,1.0,0.2668
9,2020-10,8,08_USR_009,3,03_USR_004,1.0,2.1278
10,2020-11,8,08_USR_009,3,03_USR_004,1.0,0.194
11,2020-12,8,08_USR_009,3,03_USR_004,1.0,-0.7851
12,2021-01,8,08_USR_009,3,03_USR_004,1.0,2.6158
13,2021-02,8,08_USR_009,3,03_USR_004,1.0,0.7242
14,2021-03,8,08_USR_009,3,03_USR_004,1.0,0.2809
15,2021-04,8,08_USR_009,3,03_USR_004,1.0,0.0138
16,2021-05,8,08_USR_009,3,03_USR_004,1.0,0.1241
17,2021-06,8,08_USR_009,3,03_USR_004,1.0,-0.144
18,2021-07,8,08_USR_009,3,03_USR_004,1.0,-0.5655
19,2021-08,8,08_USR_009,3,03_USR_004,1.0,-1.1963
20,2021-09,8,08_USR_009,3,03_USR_004,1.0,-1.6846
3,2020-04,8,08_USR_009,4,04_USR_005,1.0,-1.972
4,2020-05,8,08_USR_009,4,04_USR_005,1.0,-1.7979
5,2020-06,8,08_USR_009,4,04_USR_005,1.0,2.4359
6,2020-07,8,08_USR_009,4,04_USR_005,1.0,-1.8749
7,2020-08,8,08_USR_009,4,04_USR_005,1.0,0.7244
8,2020-09,8,08_USR_009,4,04_USR_005,1.0,-1.4541
9,2020-10,8,08_USR_009,4,04_USR_005,1.0,-2.2618
10,2020-11,8,08_USR_009,4,04_USR_005,1.0,2.415
11,2020-12,8,08_USR_009,4,04_USR_005,1.0,-2.4852
12,2021-01,8,08_USR_009,4,04_USR_005,1.0,3.0937
13,2021-02,8,08_USR_009,4,04_USR_005,1.0,2.6491
14,2021-03,8,08_USR_009,4,04_USR_005,1.0,-2.7024
15,2021-04,8,08_USR_009,4,04_USR_005,1.0,-2.8633
16,2021-05,8,08_USR_009,4,04_USR_005,1.0,-2.2838
17,2021-06,8,08_USR_009,4,04_USR_005,1.0,-0.4186
18,2021-07,8,08_USR_009,4,04_USR_005,1.0,-0.4306
19,2021-08,8,08_USR_009,4,04_USR_005,1.0,-1.8169
20,2021-09,8,08_USR_009,4,04_USR_005,1.0,3.0914
3,2020-04,8,08_USR_009,5,05_USR_006,1.0,0.2362
4,2020-05,8,08_USR_009,5,05_USR_006,1.0,2.3175
5,2020-06,8,08_USR_009,5,05_USR_006,1.0,0.749
6,2020-07,8,08_USR_009,5,05_USR_006,1.0,0.8703
7,2020-08,8,08_USR_009,5,05_USR_006,1.0,-2.3759
8,2020-09,8,08_USR_009,5,05_USR_006,1.0,-1.2278
9,2020-10,8,08_USR_009,5,05_USR_006,1.0,-3.0757
10,2020-11,8,08_USR_009,5,05_USR_006,1.0,0.7641
11,2020-12,8,08_USR_009,5,05_USR_006,1.0,-0.8868
12,2021-01,8,08_USR_009,5,05_USR_006,1.0,2.3279
13,2021-02,8,08_USR_009,5,05_USR_006,1.0,0.9869
14,2021-03,8,08_USR_009,5,05_USR_006,1.0,1.0451
15,2021-04,8,08_USR_009,5,05_USR_006,1.0,2.1865
16,2021-05,8,08_USR_009,5,05_USR_006,1.0,2.9959
17,2021-06,8,08_USR_009,5,05_USR_006,1.0,1.6316
18,2021-07,8,08_USR_009,5,05_USR_006,1.0,0.3454
19,2021-08,8,08_USR_009,5,05_USR_006,1.0,0.0746
20,2021-09,8,08_USR_009,5,05_USR_006,1.0,0.0205
3,2020-04,8,08_USR_009,6,06_USR_007,1.0,-2.0409
4,2020-05,8,08_USR_009,6,06_USR_007,1.0,-1.3954
5,2020-06,8,08_USR_009,6,06_USR_007,1.0,2.3533
6,2020-07,8,08_USR_009,6,06_USR_007,1.0,1.7931
7,2020-08,8,08_USR_009,6,06_USR_007,1.0,-0.796
8,2020-09,8,08_USR_009,6,06_USR_007,1.0,-0.466
9,2020-10,8,08_USR_009,6,06_USR_007,1.0,-1.0729
10,2020-11,8,08_USR_009,6,06_USR_007,1.0,2.8921
11,2020-12,8,08_USR_009,6,06_USR_007,1.0,2.2481
12,2021-01,8,08_USR_009,6,06_USR_007,1.0,-0.43
13,2021-02,8,08_USR_009,6,06_USR_007,1.0,-1.1947
14,2021-03,8,08_USR_009,6,06_USR_007,1.0,-1.2756
15,2021-04,8,08_USR_009,6,06_USR_007,1.0,-3.098
16,2021-05,8,08_USR_009,6,06_USR_007,1.0,-2.6927
17,2021-06,8,08_USR_009,6,06_USR_007,1.0,-2.7026
18,2021-07,8,08_USR_009,6,06_USR_007,1.0,-2.8139
19,2021-08,8,08_USR_009,6,06_USR_007,1.0,-2.243
20,2021-09,8,08_USR_009,6,06_USR_007,1.0,-1.9983
3,2020-04,8,08_USR_009,7,07_USR_008,1.0,-0.6248
4,2020-05,8,08_USR_009,7,07_USR_008,1.0,-0.1603
5,2020-06,8,08_USR_009,7,07_USR_008,1.0,0.2023
6,2020-07,8,08_USR_009,7,07_USR_008,1.0,0.7066
7,2020-08,8,08_USR_009,7,07_USR_008,1.0,2.9921
8,2020-09,8,08_USR_009,7,07_USR_008,1.0,-0.581
9,2020-10,8,08_USR_009,7,07_USR_008,1.0,-0.0097
10,2020-11,8,08_USR_009,7,07_USR_008,1.0,1.2892
11,2020-12,8,08_USR_009,7,07_USR_008,1.0,-2.4238
12,2021-01,8,08_USR_009,7,07_USR_008,1.0,3.0852
13,2021-02,8,08_USR_009,7,07_USR_008,1.0,2.559
14,2021-03,8,08_USR_009,7,07_USR_008,1.0,2.3457
15,2021-04,8,08_USR_009,7,07_USR_008,1.0,2.2787
16,2021-05,8,08_USR_009,7,07_USR_008,1.0,2.4113
17,2021-06,8,08_USR_009,7,07_USR_008,1.0,1.5647
18,2021-07,8,08_USR_009,7,07_USR_008,1.0,-0.0772
19,2021-08,8,08_USR_009,7,07_USR_008,1.0,-1.2629
20,2021-09,8,08_USR_009,7,07_USR_008,1.0,-1.6812
3,2020-04,8,08_USR_009,8,08_USR_009,1.0,0.0
4,2020-05,8,08_USR_009,8,08_USR_009,1.0,-0.0
5,2020-06,8,08_USR_009,8,08_USR_009,1.0,-0.0
6,2020-07,8,08_USR_009,8,08_USR_009,1.0,-0.0
7,2020-08,8,08_USR_009,8,08_USR_009,1.0,-0.0
8,2020-09,8,08_USR_009,8,08_USR_009,1.0,-0.0
9,2020-10,8,08_USR_009,8,08_USR_009,1.0,0.0
10,2020-11,8,08_USR_009,8,08_USR_009,1.0,0.0
11,2020-12,8,08_USR_009,8,08_USR_009,1.0,-0.0
12,2021-01,8,08_USR_009,8,08_USR_009,1.0,-0.0
13,2021-02,8,08_USR_009,8,08_USR_009,1.0,-0.0
14,2021-03,8,08_USR_009,8,08_USR_009,1.0,-0.0
15,2021-04,8,08_USR_009,8,08_USR_009,1.0,0.0
16,2021-05,8,08_USR_009,8,08_USR_009,1.0,0.0
17,2021-06,8,08_USR_009,8,08_USR_009,1.0,-0.0
18,2021-07,8,08_USR_009,8,08_USR_009,1.0,0.0
19,2021-08,8,08_USR_009,8,08_USR_009,1.0,-0.0
20,2021-09,8,08_USR_009,8,08_USR_009,1.0,0.0
3,2020-04,8,08_USR_009,9,09_USR_010,1.0,-0.1007
4,2020-05,8,08_USR_009,9,09_USR_010,1.0,-1.4286
5,2020-06,8,08_USR_009,9,09_USR_010,1.0,2.0681
6,2020-07,8,08_USR_009,9,09_USR_010,1.0,0.1003
7,2020-08,8,08_USR_009,9,09_USR_010,1.0,0.6909
8,2020-09,8,08_USR_009,9,09_USR_010,1.0,0.1393
9,2020-10,8,08_USR_009,9,09_USR_010,1.0,-0.8397
10,2020-11,8,08_USR_009,9,09_USR_010,1.0,-2.8764
11,2020-12,8,08_USR_009,9,09_USR_010,1.0,-2.3257
12,2021-01,8,08_USR_009,9,09_USR_010,1.0,3.096
13,2021-02,8,08_USR_009,9,09_USR_010,1.0,2.571
14,2021-03,8,08_USR_009,9,09_USR_010,1.0,3.0409
15,2021-04,8,08_USR_009,9,09_USR_010,1.0,0.5193
16,2021-05,8,08_USR_009,9,09_USR_010,1.0,1.6249
17,2021-06,8,08_USR_009,9,09_USR_010,1.0,1.7261
18,2021-07,8,08_USR_009,9,09_USR_010,1.0,2.1798
19,2021-08,8,08_USR_009,9,09_USR_010,1.0,-2.3557
20,2021-09,8,08_USR_009,9,09_USR_010,1.0,-2.8321
3,2020-04,9,09_USR_010,0,00_USR_001,1.0,-1.626
4,2020-05,9,09_USR_010,0,00_USR_001,1.0,0.3325
5,2020-06,9,09_USR_010,0,00_USR_001,1.0,1.1673
6,2020-07,9,09_USR_010,0,00_USR_001,1.0,2.6868
7,2020-08,9,09_USR_010,0,00_USR_001,1.0,-2.2544
8,2020-09,9,09_USR_010,0,00_USR_001,1.0,-0.9621
9,2020-10,9,09_USR_010,0,00_USR_001,1.0,-0.6276
10,2020-11,9,09_USR_010,0,00_USR_001,1.0,0.807
11,2020-12,9,09_USR_010,0,00_USR_001,1.0,0.6278
12,2021-01,9,09_USR_010,0,00_USR_001,1.0,2.6879
13,2021-02,9,09_USR_010,0,00_USR_001,1.0,2.7107
14,2021-03,9,09_USR_010,0,00_USR_001,1.0,2.7671
15,2021-04,9,09_USR_010,0,00_USR_001,1.0,-0.6439
16,2021-05,9,09_USR_010,0,00_USR_001,1.0,-1.07
17,2021-06,9,09_USR_010,0,00_USR_001,1.0,-1.7649
18,2021-07,9,09_USR_010,0,00_USR_001,1.0,-2.2092
19,2021-08,9,09_USR_010,0,00_USR_001,1.0,2.4143
20,2021-09,9,09_USR_010,0,00_USR_001,1.0,-0.7483
3,2020-04,9,09_USR_010,1,01_USR_002,1.0,-2.912
4,2020-05,9,09_USR_010,1,01_USR_002,1.0,0.5867
5,2020-06,9,09_USR_010,1,01_USR_002,1.0,2.2233
6,2020-07,9,09_USR_010,1,01_USR_002,1.0,0.5707
7,2020-08,9,09_USR_010,1,01_USR_002,1.0,-3.0275
8,2020-09,9,09_USR_010,1,01_USR_002,1.0,-2.0713
9,2020-10,9,09_USR_010,1,01_USR_002,1.0,-1.4429
10,2020-11,9,09_USR_010,1,01_USR_002,1.0,-1.0084
11,2020-12,9,09_USR_010,1,01_USR_002,1.0,-2.0776
12,2021-01,9,09_USR_010,1,01_USR_002,1.0,-2.0174
13,2021-02,9,09_USR_010,1,01_USR_002,1.0,-1.6852
14,2021-03,9,09_USR_010,1,01_USR_002,1.0,-1.1702
15,2021-04,9,09_USR_010,1,01_USR_002,1.0,2.1098
16,2021-05,9,09_USR_010,1,01_USR_002,1.0,1.8003
17,2021-06,9,09_USR_010,1,01_USR_002,1.0,1.8514
18,2021-07,9,09_USR_010,1,01_USR_002,1.0,1.5349
19,2021-08,9,09_USR_010,1,01_USR_002,1.0,-0.3235
20,2021-09,9,09_USR_010,1,01_USR_002,1.0,-0.3789
3,2020-04,9,09_USR_010,2,02_USR_003,1.0,-1.5854
4,2020-05,9,09_USR_010,2,02_USR_003,1.0,0.6373
5,2020-06,9,09_USR_010,2,02_USR_003,1.0,-2.3129
6,2020-07,9,09_USR_010,2,02_USR_003,1.0,-0.0743
7,2020-08,9,09_USR_010,2,02_USR_003,1.0,0.1285
8,2020-09,9,09_USR_010,2,02_USR_003,1.0,0.2881
9,2020-10,9,09_USR_010,2,02_USR_003,1.0,2.8171
10,2020-11,9,09_USR_010,2,02_USR_003,1.0,3.0614
11,2020-12,9,09_USR_010,2,02_USR_003,1.0,1.5497
12,2021-01,9,09_USR_010,2,02_USR_003,1.0,-0.4719
13,2021-02,9,09_USR_010,2,02_USR_003,1.0,-1.8278
14,2021-03,9,09_USR_010,2,02_USR_003,1.0,-2.7476
15,2021-04,9,09_USR_010,2,02_USR_003,1.0,-0.5236
16,2021-05,9,09_USR_010,2,02_USR_003,1.0,-1.5856
17,2021-06,9,09_USR_010,2,02_USR_003,1.0,-1.8658
18,2021-07,9,09_USR_010,2,02_USR_003,1.0,-2.7216
19,2021-08,9,09_USR_010,2,02_USR_003,1.0,1.1939
20,2021-09,9,09_USR_010,2,02_USR_003,1.0,1.1803
3,2020-04,9,09_USR_010,3,03_USR_004,1.0,-1.5604
4,2020-05,9,09_USR_010,3,03_USR_004,1.0,0.5935
5,2020-06,9,09_USR_010,3,03_USR_004,1.0,-2.1983
6,2020-07,9,09_USR_010,3,03_USR_004,1.0,-0.067
7,2020-08,9,09_USR_010,3,03_USR_004,1.0,0.1399
8,2020-09,9,09_USR_010,3,03_USR_004,1.0,0.1275
9,2020-10,9,09_USR_010,3,03_USR_004,1.0,2.9675
10,2020-11,9,09_USR_010,3,03_USR_004,1.0,3.0705
11,2020-12,9,09_USR_010,3,03_USR_004,1.0,1.5406
12,2021-01,9,09_USR_010,3,03_USR_004,1.0,-0.4801
13,2021-02,9,09_USR_010,3,03_USR_004,1.0,-1.8468
14,2021-03,9,09_USR_010,3,03_USR_004,1.0,-2.76
15,2021-04,9,09_USR_010,3,03_USR_004,1.0,-0.5055
16,2021-05,9,09_USR_010,3,03_USR_004,1.0,-1.5007
17,2021-06,9,09_USR_010,3,03_USR_004,1.0,-1.8701
18,2021-07,9,09_USR_010,3,03_USR_004,1.0,-2.7454
19,2021-08,9,09_USR_010,3,03_USR_004,1.0,1.1594
20,2021-09,9,09_USR_010,3,03_USR_004,1.0,1.1475
3,2020-04,9,09_USR_010,4,04_USR_005,1.0,-1.8713
4,2020-05,9,09_USR_010,4,04_USR_005,1.0,-0.3693
5,2020-06,9,09_USR_010,4,04_USR_005,1.0,0.3678
6,2020-07,9,09_USR_010,4,04_USR_005,1.0,-1.9752
7,2020-08,9,09_USR_010,4,04_USR_005,1.0,0.0334
8,2020-09,9,09_USR_010,4,04_USR_005,1.0,-1.5935
9,2020-10,9,09_USR_010,4,04_USR_005,1.0,-1.4221
10,2020-11,9,09_USR_010,4,04_USR_005,1.0,-0.9918
11,2020-12,9,09_USR_010,4,04_USR_005,1.0,-0.1595
12,2021-01,9,09_USR_010,4,04_USR_005,1.0,-0.0022
13,2021-02,9,09_USR_010,4,04_USR_005,1.0,0.078
14,2021-03,9,09_USR_010,4,04_USR_005,1.0,0.5399
15,2021-04,9,09_USR_010,4,04_USR_005,1.0,2.9006
16,2021-05,9,09_USR_010,4,04_USR_005,1.0,2.3745
17,2021-06,9,09_USR_010,4,04_USR_005,1.0,-2.1448
18,2021-07,9,09_USR_010,4,04_USR_005,1.0,-2.6105
19,2021-08,9,09_USR_010,4,04_USR_005,1.0,0.5388
20,2021-09,9,09_USR_010,4,04_USR_005,1.0,-0.3597
3,2020-04,9,09_USR_010,5,05_USR_006,1.0,0.3369
4,2020-05,9,09_USR_010,5,05_USR_006,1.0,-2.5372
5,2020-06,9,09_USR_010,5,05_USR_006,1.0,-1.3191
6,2020-07,9,09_USR_010,5,05_USR_006,1.0,0.77
7,2020-08,9,09_USR_010,5,05_USR_006,1.0,-3.0668
8,2020-09,9,09_USR_010,5,05_USR_006,1.0,-1.3672
9,2020-10,9,09_USR_010,5,05_USR_006,1.0,-2.236
10,2020-11,9,09_USR_010,5,05_USR_006,1.0,-2.6427
11,2020-12,9,09_USR_010,5,05_USR_006,1.0,1.4389
12,2021-01,9,09_USR_010,5,05_USR_006,1.0,-0.7681
13,2021-02,9,09_USR_010,5,05_USR_006,1.0,-1.5841
14,2021-03,9,09_USR_010,5,05_USR_006,1.0,-1.9958
15,2021-04,9,09_USR_010,5,05_USR_006,1.0,1.6672
16,2021-05,9,09_USR_010,5,05_USR_006,1.0,1.371
17,2021-06,9,09_USR_010,5,05_USR_006,1.0,-0.0946
18,2021-07,9,09_USR_010,5,05_USR_006,1.0,-1.8344
19,2021-08,9,09_USR_010,5,05_USR_006,1.0,2.4303
20,2021-09,9,09_USR_010,5,05_USR_006,1.0,2.8526
3,2020-04,9,09_USR_010,6,06_USR_007,1.0,-1.9402
4,2020-05,9,09_USR_010,6,06_USR_007,1.0,0.0332
5,2020-06,9,09_USR_010,6,06_USR_007,1.0,0.2852
6,2020-07,9,09_USR_010,6,06_USR_007,1.0,1.6927
7,2020-08,9,09_USR_010,6,06_USR_007,1.0,-1.487
8,2020-09,9,09_USR_010,6,06_USR_007,1.0,-0.6054
9,2020-10,9,09_USR_010,6,06_USR_007,1.0,-0.2332
10,2020-11,9,09_USR_010,6,06_USR_007,1.0,-0.5147
11,2020-12,9,09_USR_010,6,06_USR_007,1.0,-1.7095
12,2021-01,9,09_USR_010,6,06_USR_007,1.0,2.7572
13,2021-02,9,09_USR_010,6,06_USR_007,1.0,2.5175
14,2021-03,9,09_USR_010,6,06_USR_007,1.0,1.9666
15,2021-04,9,09_USR_010,6,06_USR_007,1.0,2.6659
16,2021-05,9,09_USR_010,6,06_USR_007,1.0,1.9657
17,2021-06,9,09_USR_010,6,06_USR_007,1.0,1.8544
18,2021-07,9,09_USR_010,6,06_USR_007,1.0,1.2895
19,2021-08,9,09_USR_010,6,06_USR_007,1.0,0.1127
20,2021-09,9,09_USR_010,6,06_USR_007,1.0,0.8338
3,2020-04,9,09_USR_010,7,07_USR_008,1.0,-0.5241
4,2020-05,9,09_USR_010,7,07_USR_008,1.0,1.2682
5,2020-06,9,09_USR_010,7,07_USR_008,1.0,-1.8658
6,2020-07,9,09_USR_010,7,07_USR_008,1.0,0.6063
7,2020-08,9,09_USR_010,7,07_USR_008,1.0,2.3011
8,2020-09,9,09_USR_010,7,07_USR_008,1.0,-0.7203
9,2020-10,9,09_USR_010,7,07_USR_008,1.0,0.8299
10,2020-11,9,09_USR_010,7,07_USR_008,1.0,-2.1175
11,2020-12,9,09_USR_010,7,07_USR_008,1.0,-0.0981
12,2021-01,9,09_USR_010,7,07_USR_008,1.0,-0.0108
13,2021-02,9,09_USR_010,7,07_USR_008,1.0,-0.012
14,2021-03,9,09_USR_010,7,07_USR_008,1.0,-0.6952
15,2021-04,9,09_USR_010,7,07_USR_008,1.0,1.7594
16,2021-05,9,09_USR_010,7,07_USR_008,1.0,0.7865
17,2021-06,9,09_USR_010,7,07_USR_008,1.0,-0.1614
18,2021-07,9,09_USR_010,7,07_USR_008,1.0,-2.257
19,2021-08,9,09_USR_010,7,07_USR_008,1.0,1.0928
20,2021-09,9,09_USR_010,7,07_USR_008,1.0,1.1509
3,2020-04,9,09_USR_010,8,08_USR_009,1.0,0.1007
4,2020-05,9,09_USR_010,8,08_USR_009,1.0,1.4286
5,2020-06,9,09_USR_010,8,08_USR_009,1.0,-2.0681
6,2020-07,9,09_USR_010,8,08_USR_009,1.0,-0.1003
7,2020-08,9,09_USR_010,8,08_USR_009,1.0,-0.6909
8,2020-09,9,09_USR_010,8,08_USR_009,1.0,-0.1393
9,2020-10,9,09_USR_010,8,08_USR_009,1.0,0.8397
10,2020-11,9,09_USR_010,8,08_USR_009,1.0,2.8764
11,2020-12,9,09_USR_010,8,08_USR_009,1.0,2.3257
12,2021-01,9,09_USR_010,8,08_USR_009,1.0,-3.096
13,2021-02,9,09_USR_010,8,08_USR_009,1.0,-2.571
14,2021-03,9,09_USR_010,8,08_USR_009,1.0,-3.0409
15,2021-04,9,09_USR_010,8,08_USR_009,1.0,-0.5193
16,2021-05,9,09_USR_010,8,08_USR_009,1.0,-1.6249
17,2021-06,9,09_USR_010,8,08_USR_009,1.0,-1.7261
18,2021-07,9,09_USR_010,8,08_USR_009,1.0,-2.1798
19,2021-08,9,09_USR_010,8,08_USR_009,1.0,2.3557
20,2021-09,9,09_USR_010,8,08_USR_009,1.0,2.8321
3,2020-04,9,09_USR_010,9,09_USR_010,1.0,0.0
4,2020-05,9,09_USR_010,9,09_USR_010,1.0,-0.0
5,2020-06,9,09_USR_010,9,09_USR_010,1.0,-0.0
6,2020-07,9,09_USR_010,9,09_USR_010,1.0,-0.0
7,2020-08,9,09_USR_010,9,09_USR_010,1.0,0.0
8,2020-09,9,09_USR_010,9,09_USR_010,1.0,-0.0
9,2020-10,9,09_USR_010,9,09_USR_010,1.0,-0.0
10,2020-11,9,09_USR_010,9,09_USR_010,1.0,-0.0
11,2020-12,9,09_USR_010,9,09_USR_010,1.0,0.0
12,2021-01,9,09_USR_010,9,09_USR_010,1.0,0.0
13,2021-02,9,09_USR_010,9,09_USR_010,1.0,-0.0
14,2021-03,9,09_USR_010,9,09_USR_010,1.0,-0.0
15,2021-04,9,09_USR_010,9,09_USR_010,1.0,-0.0
16,2021-05,9,09_USR_010,9,09_USR_010,1.0,-0.0
17,2021-06,9,09_USR_010,9,09_USR_010,1.0,0.0
18,2021-07,9,09_USR_010,9,09_USR_010,1.0,0.0
19,2021-08,9,09_USR_010,9,09_USR_010,1.0,-0.0
20,2021-09,9,09_USR_010,9,09_USR_010,1.0,-0.0
