t_idx,src_idx,tgt_idx,stiffness_k,partial_corr
0,0,0,0.000000000000,0.0000
0,0,1,0.000000000000,0.0000
0,0,2,0.000000000000,0.0000
0,0,3,0.000000000000,0.0000
0,0,4,0.000000000000,0.0000
0,0,5,0.000000000000,0.0000
0,0,6,0.000000000000,0.0000
0,0,7,0.000000000000,0.0000
0,0,8,0.000000000000,0.0000
0,1,0,0.000000000000,0.0000
0,1,1,0.000000000000,0.0000
0,1,2,0.000000000000,0.0000
0,1,3,0.000000000000,0.0000
0,1,4,0.000000000000,0.0000
0,1,5,0.000000000000,0.0000
0,1,6,0.000000000000,0.0000
0,1,7,0.000000000000,0.0000
0,1,8,0.000000000000,0.0000
0,2,0,0.000000000000,0.0000
0,2,1,0.000000000000,0.0000
0,2,2,0.000000000000,0.0000
0,2,3,0.000000000000,0.0000
0,2,4,0.000000000000,0.0000
0,2,5,0.000000000000,0.0000
0,2,6,0.000000000000,0.0000
0,2,7,0.000000000000,0.0000
0,2,8,0.000000000000,0.0000
0,3,0,0.000000000000,0.0000
0,3,1,0.000000000000,0.0000
0,3,2,0.000000000000,0.0000
0,3,3,0.000000000000,0.0000
0,3,4,0.000000000000,0.0000
0,3,5,0.000000000000,0.0000
0,3,6,0.000000000000,0.0000
0,3,7,0.000000000000,0.0000
0,3,8,0.000000000000,0.0000
0,4,0,0.000000000000,0.0000
0,4,1,0.000000000000,0.0000
0,4,2,0.000000000000,0.0000
0,4,3,0.000000000000,0.0000
0,4,4,0.000000000000,0.0000
0,4,5,0.000000000000,0.0000
0,4,6,0.000000000000,0.0000
0,4,7,0.000000000000,0.0000
0,4,8,0.000000000000,0.0000
0,5,0,0.000000000000,0.0000
0,5,1,0.000000000000,0.0000
0,5,2,0.000000000000,0.0000
0,5,3,0.000000000000,0.0000
0,5,4,0.000000000000,0.0000
0,5,5,0.000000000000,0.0000
0,5,6,0.000000000000,0.0000
0,5,7,0.000000000000,0.0000
0,5,8,0.000000000000,0.0000
0,6,0,0.000000000000,0.0000
0,6,1,0.000000000000,0.0000
0,6,2,0.000000000000,0.0000
0,6,3,0.000000000000,0.0000
0,6,4,0.000000000000,0.0000
0,6,5,0.000000000000,0.0000
0,6,6,0.000000000000,0.0000
0,6,7,0.000000000000,0.0000
0,6,8,0.000000000000,0.0000
0,7,0,0.000000000000,0.0000
0,7,1,0.000000000000,0.0000
0,7,2,0.000000000000,0.0000
0,7,3,0.000000000000,0.0000
0,7,4,0.000000000000,0.0000
0,7,5,0.000000000000,0.0000
0,7,6,0.000000000000,0.0000
0,7,7,0.000000000000,0.0000
0,7,8,0.000000000000,0.0000
0,8,0,0.000000000000,0.0000
0,8,1,0.000000000000,0.0000
0,8,2,0.000000000000,0.0000
0,8,3,0.000000000000,0.0000
0,8,4,0.000000000000,0.0000
0,8,5,0.000000000000,0.0000
0,8,6,0.000000000000,0.0000
0,8,7,0.000000000000,0.0000
0,8,8,0.000000000000,0.0000
1,0,0,0.000000000000,0.0000
1,0,1,0.000000000000,0.0000
1,0,2,0.000000000000,0.0000
1,0,3,0.000000000000,0.0000
1,0,4,0.000000000000,0.0000
1,0,5,0.000000000000,0.0000
1,0,6,0.000000000000,0.0000
1,0,7,0.000000000000,0.0000
1,0,8,0.000000000000,0.0000
1,1,0,0.000000000000,0.0000
1,1,1,0.000000000000,0.0000
1,1,2,0.000000000000,0.0000
1,1,3,0.000000000000,0.0000
1,1,4,0.000000000000,0.0000
1,1,5,0.000000000000,0.0000
1,1,6,0.000000000000,0.0000
1,1,7,0.000000000000,0.0000
1,1,8,0.000000000000,0.0000
1,2,0,0.000000000000,0.0000
1,2,1,0.000000000000,0.0000
1,2,2,0.000000000000,0.0000
1,2,3,0.000000000000,0.0000
1,2,4,0.000000000000,0.0000
1,2,5,0.000000000000,0.0000
1,2,6,0.000000000000,0.0000
1,2,7,0.000000000000,0.0000
1,2,8,0.000000000000,0.0000
1,3,0,0.000000000000,0.0000
1,3,1,0.000000000000,0.0000
1,3,2,0.000000000000,0.0000
1,3,3,0.000000000000,0.0000
1,3,4,0.000000000000,0.0000
1,3,5,0.000000000000,0.0000
1,3,6,0.000000000000,0.0000
1,3,7,0.000000000000,0.0000
1,3,8,0.000000000000,0.0000
1,4,0,0.000000000000,0.0000
1,4,1,0.000000000000,0.0000
1,4,2,0.000000000000,0.0000
1,4,3,0.000000000000,0.0000
1,4,4,0.000000000000,0.0000
1,4,5,0.000000000000,0.0000
1,4,6,0.000000000000,0.0000
1,4,7,0.000000000000,0.0000
1,4,8,0.000000000000,0.0000
1,5,0,0.000000000000,0.0000
1,5,1,0.000000000000,0.0000
1,5,2,0.000000000000,0.0000
1,5,3,0.000000000000,0.0000
1,5,4,0.000000000000,0.0000
1,5,5,0.000000000000,0.0000
1,5,6,0.000000000000,0.0000
1,5,7,0.000000000000,0.0000
1,5,8,0.000000000000,0.0000
1,6,0,0.000000000000,0.0000
1,6,1,0.000000000000,0.0000
1,6,2,0.000000000000,0.0000
1,6,3,0.000000000000,0.0000
1,6,4,0.000000000000,0.0000
1,6,5,0.000000000000,0.0000
1,6,6,0.000000000000,0.0000
1,6,7,0.000000000000,0.0000
1,6,8,0.000000000000,0.0000
1,7,0,0.000000000000,0.0000
1,7,1,0.000000000000,0.0000
1,7,2,0.000000000000,0.0000
1,7,3,0.000000000000,0.0000
1,7,4,0.000000000000,0.0000
1,7,5,0.000000000000,0.0000
1,7,6,0.000000000000,0.0000
1,7,7,0.000000000000,0.0000
1,7,8,0.000000000000,0.0000
1,8,0,0.000000000000,0.0000
1,8,1,0.000000000000,0.0000
1,8,2,0.000000000000,0.0000
1,8,3,0.000000000000,0.0000
1,8,4,0.000000000000,0.0000
1,8,5,0.000000000000,0.0000
1,8,6,0.000000000000,0.0000
1,8,7,0.000000000000,0.0000
1,8,8,0.000000000000,0.0000
2,0,0,0.000000000202,1.0000
2,0,1,0.000000000027,-1.0000
2,0,2,-0.000000000063,1.0000
2,0,3,-0.000000000013,1.0000
2,0,4,0.000000000006,-1.0000
2,0,5,0.000000000018,-1.0000
2,0,6,-0.000000000041,1.0000
2,0,7,0.000000000060,-1.0000
2,0,8,-0.000000000197,1.0000
2,1,0,0.000000000027,-1.0000
2,1,1,0.000000000004,1.0000
2,1,2,-0.000000000009,1.0000
2,1,3,-0.000000000002,1.0000
2,1,4,0.000000000001,-1.0000
2,1,5,0.000000000002,-1.0000
2,1,6,-0.000000000006,1.0000
2,1,7,0.000000000008,-1.0000
2,1,8,-0.000000000027,1.0000
2,2,0,-0.000000000063,1.0000
2,2,1,-0.000000000009,1.0000
2,2,2,0.000000000020,1.0000
2,2,3,0.000000000004,-1.0000
2,2,4,-0.000000000002,1.0000
2,2,5,-0.000000000006,1.0000
2,2,6,0.000000000013,-1.0000
2,2,7,-0.000000000019,1.0000
2,2,8,0.000000000061,-1.0000
2,3,0,-0.000000000013,1.0000
2,3,1,-0.000000000002,1.0000
2,3,2,0.000000000004,-1.0000
2,3,3,0.000000000001,1.0000
2,3,4,-0.000000000000,1.0000
2,3,5,-0.000000000001,1.0000
2,3,6,0.000000000003,-1.0000
2,3,7,-0.000000000004,1.0000
2,3,8,0.000000000013,-1.0000
2,4,0,0.000000000006,-1.0000
2,4,1,0.000000000001,-1.0000
2,4,2,-0.000000000002,1.0000
2,4,3,-0.000000000000,1.0000
2,4,4,0.000000000000,1.0000
2,4,5,0.000000000001,-1.0000
2,4,6,-0.000000000001,1.0000
2,4,7,0.000000000002,-1.0000
2,4,8,-0.000000000006,1.0000
2,5,0,0.000000000018,-1.0000
2,5,1,0.000000000002,-1.0000
2,5,2,-0.000000000006,1.0000
2,5,3,-0.000000000001,1.0000
2,5,4,0.000000000001,-1.0000
2,5,5,0.000000000002,1.0000
2,5,6,-0.000000000004,1.0000
2,5,7,0.000000000005,-1.0000
2,5,8,-0.000000000018,1.0000
2,6,0,-0.000000000041,1.0000
2,6,1,-0.000000000006,1.0000
2,6,2,0.000000000013,-1.0000
2,6,3,0.000000000003,-1.0000
2,6,4,-0.000000000001,1.0000
2,6,5,-0.000000000004,1.0000
2,6,6,0.000000000008,1.0000
2,6,7,-0.000000000012,1.0000
2,6,8,0.000000000040,-1.0000
2,7,0,0.000000000060,-1.0000
2,7,1,0.000000000008,-1.0000
2,7,2,-0.000000000019,1.0000
2,7,3,-0.000000000004,1.0000
2,7,4,0.000000000002,-1.0000
2,7,5,0.000000000005,-1.0000
2,7,6,-0.000000000012,1.0000
2,7,7,0.000000000018,1.0000
2,7,8,-0.000000000059,1.0000
2,8,0,-0.000000000197,1.0000
2,8,1,-0.000000000027,1.0000
2,8,2,0.000000000061,-1.0000
2,8,3,0.000000000013,-1.0000
2,8,4,-0.000000000006,1.0000
2,8,5,-0.000000000018,1.0000
2,8,6,0.000000000040,-1.0000
2,8,7,-0.000000000059,1.0000
2,8,8,0.000000000192,1.0000
3,0,0,0.000000000351,1.0000
3,0,1,-0.000000000106,0.2948
3,0,2,-0.000000000148,0.8646
3,0,3,0.000000000000,-0.0075
3,0,4,-0.000000000002,0.0585
3,0,5,0.000000000020,-0.6198
3,0,6,0.000000000024,-0.1118
3,0,7,-0.000000000039,0.1195
3,0,8,-0.000000000101,0.1855
3,1,0,-0.000000000106,0.2948
3,1,1,0.000000000367,1.0000
3,1,2,0.000000000129,-0.7350
3,1,3,-0.000000000052,0.9577
3,1,4,0.000000000028,-0.9712
3,1,5,0.000000000019,-0.5671
3,1,6,-0.000000000217,0.9825
3,1,7,0.000000000325,-0.9839
3,1,8,-0.000000000494,0.8843
3,2,0,-0.000000000148,0.8646
3,2,1,0.000000000129,-0.7350
3,2,2,0.000000000084,1.0000
3,2,3,-0.000000000013,0.5089
3,2,4,0.000000000008,-0.5522
3,2,5,-0.000000000002,0.1416
3,2,6,-0.000000000063,0.5960
3,2,7,0.000000000095,-0.6022
3,2,8,-0.000000000089,0.3334
3,3,0,0.000000000000,-0.0075
3,3,1,-0.000000000052,0.9577
3,3,2,-0.000000000013,0.5089
3,3,3,0.000000000008,1.0000
3,3,4,-0.000000000004,0.9987
3,3,5,-0.000000000004,0.7801
3,3,6,0.000000000032,-0.9945
3,3,7,-0.000000000048,0.9937
3,3,8,0.000000000080,-0.9812
3,4,0,-0.000000000002,0.0585
3,4,1,0.000000000028,-0.9712
3,4,2,0.000000000008,-0.5522
3,4,3,-0.000000000004,0.9987
3,4,4,0.000000000002,1.0000
3,4,5,0.000000000002,-0.7471
3,4,6,-0.000000000018,0.9986
3,4,7,0.000000000026,-0.9981
3,4,8,-0.000000000043,0.9701
3,5,0,0.000000000020,-0.6198
3,5,1,0.000000000019,-0.5671
3,5,2,-0.000000000002,0.1416
3,5,3,-0.000000000004,0.7801
3,5,4,0.000000000002,-0.7471
3,5,5,0.000000000003,1.0000
3,5,6,-0.000000000014,0.7105
3,5,7,0.000000000021,-0.7051
3,5,8,-0.000000000045,0.8861
3,6,0,0.000000000024,-0.1118
3,6,1,-0.000000000217,0.9825
3,6,2,-0.000000000063,0.5960
3,6,3,0.000000000032,-0.9945
3,6,4,-0.000000000018,0.9986
3,6,5,-0.000000000014,0.7105
3,6,6,0.000000000133,1.0000
3,6,7,-0.000000000198,1.0000
3,6,8,0.000000000321,-0.9557
3,7,0,-0.000000000039,0.1195
3,7,1,0.000000000325,-0.9839
3,7,2,0.000000000095,-0.6022
3,7,3,-0.000000000048,0.9937
3,7,4,0.000000000026,-0.9981
3,7,5,0.000000000021,-0.7051
3,7,6,-0.000000000198,1.0000
3,7,7,0.000000000296,1.0000
3,7,8,-0.000000000479,0.9534
3,8,0,-0.000000000101,0.1855
3,8,1,-0.000000000494,0.8843
3,8,2,-0.000000000089,0.3334
3,8,3,0.000000000080,-0.9812
3,8,4,-0.000000000043,0.9701
3,8,5,-0.000000000045,0.8861
3,8,6,0.000000000321,-0.9557
3,8,7,-0.000000000479,0.9534
3,8,8,0.000000000850,1.0000
4,0,0,0.000000000666,1.0000
4,0,1,-0.000000000800,0.5433
4,0,2,0.000000001041,-0.4361
4,0,3,-0.000000000224,0.5300
4,0,4,0.000000000298,-0.5221
4,0,5,0.000000000007,-0.0883
4,0,6,0.000000000490,-0.4872
4,0,7,-0.000000000765,0.4915
4,0,8,-0.000000000713,0.5663
4,1,0,-0.000000000800,0.5433
4,1,1,0.000000003253,1.0000
4,1,2,-0.000000004759,0.9020
4,1,3,0.000000000794,-0.8514
4,1,4,-0.000000001139,0.9041
4,1,5,0.000000000127,-0.7822
4,1,6,-0.000000002214,0.9967
4,1,7,0.000000003425,-0.9965
4,1,8,0.000000001312,-0.4714
4,2,0,0.000000001041,-0.4361
4,2,1,-0.000000004759,0.9020
4,2,2,0.000000008557,1.0000
4,2,3,-0.000000001488,0.9841
4,2,4,0.000000002033,-0.9949
4,2,5,-0.000000000183,0.6936
4,2,6,0.000000003328,-0.9238
4,2,7,-0.000000005173,0.9279
4,2,8,-0.000000003356,0.7433
4,3,0,-0.000000000224,0.5300
4,3,1,0.000000000794,-0.8514
4,3,2,-0.000000001488,0.9841
4,3,3,0.000000000267,1.0000
4,3,4,-0.000000000359,0.9934
4,3,5,0.000000000026,-0.5547
4,3,6,-0.000000000553,0.8684
4,3,7,0.000000000861,-0.8742
4,3,8,0.000000000675,-0.8461
4,4,0,0.000000000298,-0.5221
4,4,1,-0.000000001139,0.9041
4,4,2,0.000000002033,-0.9949
4,4,3,-0.000000000359,0.9934
4,4,4,0.000000000488,1.0000
4,4,5,-0.000000000040,0.6336
4,4,6,0.000000000791,-0.9192
4,4,7,-0.000000001230,0.9238
4,4,8,-0.000000000842,0.7808
4,5,0,0.000000000007,-0.0883
4,5,1,0.000000000127,-0.7822
4,5,2,-0.000000000183,0.6936
4,5,3,0.000000000026,-0.5547
4,5,4,-0.000000000040,0.6336
4,5,5,0.000000000008,1.0000
4,5,6,-0.000000000090,0.8134
4,5,7,0.000000000139,-0.8087
4,5,8,0.000000000007,-0.0468
4,6,0,0.000000000490,-0.4872
4,6,1,-0.000000002214,0.9967
4,6,2,0.000000003328,-0.9238
4,6,3,-0.000000000553,0.8684
4,6,4,0.000000000791,-0.9192
4,6,5,-0.000000000090,0.8134
4,6,6,0.000000001516,1.0000
4,6,7,-0.000000002347,0.9999
4,6,8,-0.000000000921,0.4845
4,7,0,-0.000000000765,0.4915
4,7,1,0.000000003425,-0.9965
4,7,2,-0.000000005173,0.9279
4,7,3,0.000000000861,-0.8742
4,7,4,-0.000000001230,0.9238
4,7,5,0.000000000139,-0.8087
4,7,6,-0.000000002347,0.9999
4,7,7,0.000000003632,1.0000
4,7,8,0.000000001456,-0.4950
4,8,0,-0.000000000713,0.5663
4,8,1,0.000000001312,-0.4714
4,8,2,-0.000000003356,0.7433
4,8,3,0.000000000675,-0.8461
4,8,4,-0.000000000842,0.7808
4,8,5,0.000000000007,-0.0468
4,8,6,-0.000000000921,0.4845
4,8,7,0.000000001456,-0.4950
4,8,8,0.000000002382,1.0000
5,0,0,0.000000015739,1.0000
5,0,1,0.000000040780,-0.9724
5,0,2,0.000000001160,-0.2176
5,0,3,0.000000002399,-0.9101
5,0,4,-0.000000031837,0.9789
5,0,5,-0.000000021991,0.9780
5,0,6,-0.000000005140,0.8750
5,0,7,-0.000000014008,0.9448
5,0,8,0.000000012897,-0.8957
5,1,0,0.000000040780,-0.9724
5,1,1,0.000000111745,1.0000
5,1,2,0.000000003056,-0.2151
5,1,3,0.000000006596,-0.9392
5,1,4,-0.000000086361,0.9966
5,1,5,-0.000000059586,0.9945
5,1,6,-0.000000014590,0.9322
5,1,7,-0.000000036876,0.9335
5,1,8,0.000000035236,-0.9184
5,2,0,0.000000001160,-0.2176
5,2,1,0.000000003056,-0.2151
5,2,2,0.000000001807,1.0000
5,2,3,-0.000000000054,0.0603
5,2,4,-0.000000002517,0.2284
5,2,5,-0.000000002043,0.2681
5,2,6,0.000000000046,-0.0232
5,2,7,-0.000000002063,0.4107
5,2,8,0.000000000607,-0.1244
5,3,0,0.000000002399,-0.9101
5,3,1,0.000000006596,-0.9392
5,3,2,-0.000000000054,0.0603
5,3,3,0.000000000441,1.0000
5,3,4,-0.000000005158,0.9469
5,3,5,-0.000000003522,0.9354
5,3,6,-0.000000000870,0.8839
5,3,7,-0.000000002162,0.8706
5,3,8,0.000000002328,-0.9657
5,4,0,-0.000000031837,0.9789
5,4,1,-0.000000086361,0.9966
5,4,2,-0.000000002517,0.2284
5,4,3,-0.000000005158,0.9469
5,4,4,0.000000067205,1.0000
5,4,5,0.000000046424,-0.9991
5,4,6,0.000000010959,-0.9029
5,4,7,0.000000029312,-0.9568
5,4,8,-0.000000028027,0.9420
5,5,0,-0.000000021991,0.9780
5,5,1,-0.000000059586,0.9945
5,5,2,-0.000000002043,0.2681
5,5,3,-0.000000003522,0.9354
5,5,4,0.000000046424,-0.9991
5,5,5,0.000000032126,1.0000
5,5,6,0.000000007465,-0.8895
5,5,7,0.000000020456,-0.9658
5,5,8,-0.000000019329,0.9396
5,6,0,-0.000000005140,0.8750
5,6,1,-0.000000014590,0.9322
5,6,2,0.000000000046,-0.0232
5,6,3,-0.000000000870,0.8839
5,6,4,0.000000010959,-0.9029
5,6,5,0.000000007465,-0.8895
5,6,6,0.000000002192,1.0000
5,6,7,0.000000004099,-0.7407
5,6,8,-0.000000004161,0.7743
5,7,0,-0.000000014008,0.9448
5,7,1,-0.000000036876,0.9335
5,7,2,-0.000000002063,0.4107
5,7,3,-0.000000002162,0.8706
5,7,4,0.000000029312,-0.9568
5,7,5,0.000000020456,-0.9658
5,7,6,0.000000004099,-0.7407
5,7,7,0.000000013966,1.0000
5,7,8,-0.000000012724,0.9381
5,8,0,0.000000012897,-0.8957
5,8,1,0.000000035236,-0.9184
5,8,2,0.000000000607,-0.1244
5,8,3,0.000000002328,-0.9657
5,8,4,-0.000000028027,0.9420
5,8,5,-0.000000019329,0.9396
5,8,6,-0.000000004161,0.7743
5,8,7,-0.000000012724,0.9381
5,8,8,0.000000013172,1.0000
6,0,0,0.000000010373,1.0000
6,0,1,0.000000021528,-0.9424
6,0,2,0.000000008971,-0.7724
6,0,3,0.000000030891,-0.7571
6,0,4,-0.000000062510,0.8401
6,0,5,-0.000000000105,0.0088
6,0,6,-0.000000005869,0.7926
6,0,7,-0.000000007198,0.8108
6,0,8,0.000000003920,-0.5117
6,1,0,0.000000021528,-0.9424
6,1,1,0.000000050306,1.0000
6,1,2,0.000000019581,-0.7655
6,1,3,0.000000065930,-0.7338
6,1,4,-0.000000135766,0.8285
6,1,5,-0.000000002233,0.0849
6,1,6,-0.000000013327,0.8173
6,1,7,-0.000000015909,0.8138
6,1,8,0.000000009889,-0.5862
6,2,0,0.000000008971,-0.7724
6,2,1,0.000000019581,-0.7655
6,2,2,0.000000013006,1.0000
6,2,3,0.000000041402,-0.9062
6,2,4,-0.000000076986,0.9240
6,2,5,0.000000005507,-0.4120
6,2,6,-0.000000006979,0.8417
6,2,7,-0.000000005773,0.5808
6,2,8,0.000000001271,-0.1481
6,3,0,0.000000030891,-0.7571
6,3,1,0.000000065930,-0.7338
6,3,2,0.000000041402,-0.9062
6,3,3,0.000000160473,1.0000
6,3,4,-0.000000289118,0.9879
6,3,5,0.000000028379,-0.6044
6,3,6,-0.000000027815,0.9550
6,3,7,-0.000000014058,0.4026
6,3,8,0.000000003915,-0.1299
6,4,0,-0.000000062510,0.8401
6,4,1,-0.000000135766,0.8285
6,4,2,-0.000000076986,0.9240
6,4,3,-0.000000289118,0.9879
6,4,4,0.000000533746,1.0000
6,4,5,-0.000000040577,0.4738
6,4,6,0.000000051149,-0.9630
6,4,7,0.000000033641,-0.5283
6,4,8,-0.000000013580,0.2471
6,5,0,-0.000000000105,0.0088
6,5,1,-0.000000002233,0.0849
6,5,2,0.000000005507,-0.4120
6,5,3,0.000000028379,-0.6044
6,5,4,-0.000000040577,0.4738
6,5,5,0.000000013740,1.0000
6,5,6,-0.000000004128,0.4844
6,5,7,0.000000004442,-0.4348
6,5,8,-0.000000005026,0.5700
6,6,0,-0.000000005869,0.7926
6,6,1,-0.000000013327,0.8173
6,6,2,-0.000000006979,0.8417
6,6,3,-0.000000027815,0.9550
6,6,4,0.000000051149,-0.9630
6,6,5,-0.000000004128,0.4844
6,6,6,0.000000005286,1.0000
6,6,7,0.000000002494,-0.3935
6,6,8,-0.000000000810,0.1482
6,7,0,-0.000000007198,0.8108
6,7,1,-0.000000015909,0.8138
6,7,2,-0.000000005773,0.5808
6,7,3,-0.000000014058,0.4026
6,7,4,0.000000033641,-0.5283
6,7,5,0.000000004442,-0.4348
6,7,6,0.000000002494,-0.3935
6,7,7,0.000000007597,1.0000
6,7,8,-0.000000005237,0.7988
6,8,0,0.000000003920,-0.5117
6,8,1,0.000000009889,-0.5862
6,8,2,0.000000001271,-0.1481
6,8,3,0.000000003915,-0.1299
6,8,4,-0.000000013580,0.2471
6,8,5,-0.000000005026,0.5700
6,8,6,-0.000000000810,0.1482
6,8,7,-0.000000005237,0.7988
6,8,8,0.000000005658,1.0000
7,0,0,0.000000025370,1.0000
7,0,1,0.000000020671,-0.5505
7,0,2,0.000000025500,-0.9068
7,0,3,0.000000011851,-0.1514
7,0,4,-0.000000084343,0.6590
7,0,5,-0.000000006760,0.3220
7,0,6,-0.000000020657,0.9482
7,0,7,0.000000006524,-0.3015
7,0,8,0.000000021845,-0.7997
7,1,0,0.000000020671,-0.5505
7,1,1,0.000000055577,1.0000
7,1,2,0.000000020522,-0.4931
7,1,3,0.000000087474,-0.7553
7,1,4,-0.000000162488,0.8578
7,1,5,0.000000004128,-0.1328
7,1,6,-0.000000014236,0.4415
7,1,7,-0.000000017540,0.5476
7,1,8,0.000000005891,-0.1457
7,2,0,0.000000025500,-0.9068
7,2,1,0.000000020522,-0.4931
7,2,2,0.000000031171,1.0000
7,2,3,0.000000021657,-0.2497
7,2,4,-0.000000101621,0.7163
7,2,5,-0.000000002722,0.1170
7,2,6,-0.000000022335,0.9249
7,2,7,0.000000007128,-0.2971
7,2,8,0.000000020699,-0.6836
7,3,0,0.000000011851,-0.1514
7,3,1,0.000000087474,-0.7553
7,3,2,0.000000021657,-0.2497
7,3,3,0.000000241350,1.0000
7,3,4,-0.000000329559,0.8349
7,3,5,0.000000048043,-0.7420
7,3,6,-0.000000007731,0.1150
7,3,7,-0.000000044551,0.6675
7,3,8,-0.000000028535,0.3387
7,4,0,-0.000000084343,0.6590
7,4,1,-0.000000162488,0.8578
7,4,2,-0.000000101621,0.7163
7,4,3,-0.000000329559,0.8349
7,4,4,0.000000645646,1.0000
7,4,5,-0.000000041903,0.3957
7,4,6,0.000000069438,-0.6318
7,4,7,0.000000033082,-0.3030
7,4,8,-0.000000028253,0.2050
7,5,0,-0.000000006760,0.3220
7,5,1,0.000000004128,-0.1328
7,5,2,-0.000000002722,0.1170
7,5,3,0.000000048043,-0.7420
7,5,4,-0.000000041903,0.3957
7,5,5,0.000000017372,1.0000
7,5,6,0.000000004269,-0.2368
7,5,7,-0.000000007068,0.3947
7,5,8,-0.000000015360,0.6795
7,6,0,-0.000000020657,0.9482
7,6,1,-0.000000014236,0.4415
7,6,2,-0.000000022335,0.9249
7,6,3,-0.000000007731,0.1150
7,6,4,0.000000069438,-0.6318
7,6,5,0.000000004269,-0.2368
7,6,6,0.000000018709,1.0000
7,6,7,-0.000000008894,0.4786
7,6,8,-0.000000018564,0.7913
7,7,0,0.000000006524,-0.3015
7,7,1,-0.000000017540,0.5476
7,7,2,0.000000007128,-0.2971
7,7,3,-0.000000044551,0.6675
7,7,4,0.000000033082,-0.3030
7,7,5,-0.000000007068,0.3947
7,7,6,-0.000000008894,0.4786
7,7,7,0.000000018460,1.0000
7,7,8,0.000000012859,-0.5518
7,8,0,0.000000021845,-0.7997
7,8,1,0.000000005891,-0.1457
7,8,2,0.000000020699,-0.6836
7,8,3,-0.000000028535,0.3387
7,8,4,-0.000000028253,0.2050
7,8,5,-0.000000015360,0.6795
7,8,6,-0.000000018564,0.7913
7,8,7,0.000000012859,-0.5518
7,8,8,0.000000029416,1.0000
8,0,0,0.000000034169,1.0000
8,0,1,0.000000013066,-0.2853
8,0,2,0.000000039270,-0.8962
8,0,3,0.000000061960,-0.3777
8,0,4,-0.000000112447,0.7758
8,0,5,-0.000000052954,0.5057
8,0,6,-0.000000031034,0.9388
8,0,7,0.000000024553,-0.5409
8,0,8,0.000000023417,-0.6797
8,1,0,0.000000013066,-0.2853
8,1,1,0.000000061362,1.0000
8,1,2,0.000000000456,-0.0078
8,1,3,-0.000000019373,0.0881
8,1,4,-0.000000081570,0.4199
8,1,5,0.000000047884,-0.3413
8,1,6,-0.000000003157,0.0713
8,1,7,-0.000000034493,0.5670
8,1,8,0.000000015824,-0.3427
8,2,0,0.000000039270,-0.8962
8,2,1,0.000000000456,-0.0078
8,2,2,0.000000056191,1.0000
8,2,3,0.000000125450,-0.5963
8,2,4,-0.000000146667,0.7891
8,2,5,-0.000000098073,0.7304
8,2,6,-0.000000040552,0.9566
8,2,7,0.000000044024,-0.7562
8,2,8,0.000000019900,-0.4504
8,3,0,0.000000061960,-0.3777
8,3,1,-0.000000019373,0.0881
8,3,2,0.000000125450,-0.5963
8,3,3,0.000000787612,1.0000
8,3,4,-0.000000520001,0.7472
8,3,5,-0.000000429578,0.8545
8,3,6,-0.000000082595,0.5204
8,3,7,0.000000130946,-0.6008
8,3,8,-0.000000054421,0.3290
8,4,0,-0.000000112447,0.7758
8,4,1,-0.000000081570,0.4199
8,4,2,-0.000000146667,0.7891
8,4,3,-0.000000520001,0.7472
8,4,4,0.000000614855,1.0000
8,4,5,0.000000251177,-0.5655
8,4,6,0.000000110443,-0.7876
8,4,7,-0.000000079504,0.4128
8,4,8,-0.000000036285,0.2483
8,5,0,-0.000000052954,0.5057
8,5,1,0.000000047884,-0.3413
8,5,2,-0.000000098073,0.7304
8,5,3,-0.000000429578,0.8545
8,5,4,0.000000251177,-0.5655
8,5,5,0.000000320851,1.0000
8,5,6,0.000000066122,-0.6527
8,5,7,-0.000000116528,0.8377
8,5,8,0.000000011100,-0.1051
8,6,0,-0.000000031034,0.9388
8,6,1,-0.000000003157,0.0713
8,6,2,-0.000000040552,0.9566
8,6,3,-0.000000082595,0.5204
8,6,4,0.000000110443,-0.7876
8,6,5,0.000000066122,-0.6527
8,6,6,0.000000031983,1.0000
8,6,7,-0.000000033124,0.7542
8,6,8,-0.000000018085,0.5426
8,7,0,0.000000024553,-0.5409
8,7,1,-0.000000034493,0.5670
8,7,2,0.000000044024,-0.7562
8,7,3,0.000000130946,-0.6008
8,7,4,-0.000000079504,0.4128
8,7,5,-0.000000116528,0.8377
8,7,6,-0.000000033124,0.7542
8,7,7,0.000000060315,1.0000
8,7,8,0.000000003811,-0.0833
8,8,0,0.000000023417,-0.6797
8,8,1,0.000000015824,-0.3427
8,8,2,0.000000019900,-0.4504
8,8,3,-0.000000054421,0.3290
8,8,4,-0.000000036285,0.2483
8,8,5,0.000000011100,-0.1051
8,8,6,-0.000000018085,0.5426
8,8,7,0.000000003811,-0.0833
8,8,8,0.000000034740,1.0000
9,0,0,0.000000037857,1.0000
9,0,1,0.000000015337,-0.2980
9,0,2,0.000000041454,-0.9150
9,0,3,0.000000045545,-0.3979
9,0,4,-0.000000114547,0.8064
9,0,5,-0.000000046948,0.5326
9,0,6,-0.000000033671,0.9391
9,0,7,0.000000025116,-0.5217
9,0,8,0.000000029856,-0.8722
9,1,0,0.000000015337,-0.2980
9,1,1,0.000000069978,1.0000
9,1,2,0.000000001730,-0.0281
9,1,3,-0.000000013071,0.0840
9,1,4,-0.000000098252,0.5087
9,1,5,0.000000049819,-0.4156
9,1,6,-0.000000004149,0.0851
9,1,7,-0.000000038330,0.5857
9,1,8,0.000000016939,-0.3640
9,2,0,0.000000041454,-0.9150
9,2,1,0.000000001730,-0.0281
9,2,2,0.000000054222,1.0000
9,2,3,0.000000069091,-0.5044
9,2,4,-0.000000126477,0.7440
9,2,5,-0.000000072046,0.6829
9,2,6,-0.000000041455,0.9661
9,2,7,0.000000041516,-0.7206
9,2,8,0.000000031965,-0.7803
9,3,0,0.000000045545,-0.3979
9,3,1,-0.000000013071,0.0840
9,3,2,0.000000069091,-0.5044
9,3,3,0.000000346090,1.0000
9,3,4,-0.000000287151,0.6686
9,3,5,-0.000000191847,0.7197
9,3,6,-0.000000059286,0.5469
9,3,7,0.000000083577,-0.5742
9,3,8,0.000000007052,-0.0681
9,4,0,-0.000000114547,0.8064
9,4,1,-0.000000098252,0.5087
9,4,2,-0.000000126477,0.7440
9,4,3,-0.000000287151,0.6686
9,4,4,0.000000532986,1.0000
9,4,5,0.000000121516,-0.3674
9,4,6,0.000000106373,-0.7907
9,4,7,-0.000000054569,0.3021
9,4,8,-0.000000079880,0.6220
9,5,0,-0.000000046948,0.5326
9,5,1,0.000000049819,-0.4156
9,5,2,-0.000000072046,0.6829
9,5,3,-0.000000191847,0.7197
9,5,4,0.000000121516,-0.3674
9,5,5,0.000000205289,1.0000
9,5,6,0.000000056617,-0.6781
9,5,7,-0.000000097617,0.8708
9,5,8,-0.000000024783,0.3109
9,6,0,-0.000000033671,0.9391
9,6,1,-0.000000004149,0.0851
9,6,2,-0.000000041455,0.9661
9,6,3,-0.000000059286,0.5469
9,6,4,0.000000106373,-0.7907
9,6,5,0.000000056617,-0.6781
9,6,6,0.000000033959,1.0000
9,6,7,-0.000000033599,0.7369
9,6,8,-0.000000024789,0.7647
9,7,0,0.000000025116,-0.5217
9,7,1,-0.000000038330,0.5857
9,7,2,0.000000041516,-0.7206
9,7,3,0.000000083577,-0.5742
9,7,4,-0.000000054569,0.3021
9,7,5,-0.000000097617,0.8708
9,7,6,-0.000000033599,0.7369
9,7,7,0.000000061213,1.0000
9,7,8,0.000000012692,-0.2916
9,8,0,0.000000029856,-0.8722
9,8,1,0.000000016939,-0.3640
9,8,2,0.000000031965,-0.7803
9,8,3,0.000000007052,-0.0681
9,8,4,-0.000000079880,0.6220
9,8,5,-0.000000024783,0.3109
9,8,6,-0.000000024789,0.7647
9,8,7,0.000000012692,-0.2916
9,8,8,0.000000030948,1.0000
10,0,0,0.000000278964,1.0000
10,0,1,0.000000110906,-0.6495
10,0,2,0.000000314341,-0.9888
10,0,3,0.000000641724,-0.8905
10,0,4,0.000000362320,-0.5659
10,0,5,0.000000353685,-0.7013
10,0,6,-0.000001683410,0.9461
10,0,7,-0.000000708809,0.8775
10,0,8,0.000000330279,-0.9813
10,1,0,0.000000110906,-0.6495
10,1,1,0.000000104525,1.0000
10,1,2,0.000000112663,-0.5790
10,1,3,0.000000224970,-0.5100
10,1,4,0.000000125391,-0.3200
10,1,5,0.000000231462,-0.7498
10,1,6,-0.000000697066,0.6400
10,1,7,-0.000000353085,0.7141
10,1,8,0.000000140235,-0.6807
10,2,0,0.000000314341,-0.9888
10,2,1,0.000000112663,-0.5790
10,2,2,0.000000362273,1.0000
10,2,3,0.000000744122,-0.9061
10,2,4,0.000000396997,-0.5441
10,2,5,0.000000373419,-0.6497
10,2,6,-0.000001893630,0.9339
10,2,7,-0.000000780669,0.8481
10,2,8,0.000000370483,-0.9660
10,3,0,0.000000641724,-0.8905
10,3,1,0.000000224970,-0.5100
10,3,2,0.000000744122,-0.9061
10,3,3,0.000001861533,1.0000
10,3,4,0.000000883050,-0.5339
10,3,5,0.000000792373,-0.6082
10,3,6,-0.000004156889,0.9044
10,3,7,-0.000001738138,0.8330
10,3,8,0.000000747255,-0.8595
10,4,0,0.000000362320,-0.5659
10,4,1,0.000000125391,-0.3200
10,4,2,0.000000396997,-0.5441
10,4,3,0.000000883050,-0.5339
10,4,4,0.000001469273,1.0000
10,4,5,0.000000928922,-0.8026
10,4,6,-0.000003151910,0.7719
10,4,7,-0.000001527429,0.8240
10,4,8,0.000000513388,-0.6647
10,5,0,0.000000353685,-0.7013
10,5,1,0.000000231462,-0.7498
10,5,2,0.000000373419,-0.6497
10,5,3,0.000000792373,-0.6082
10,5,4,0.000000928922,-0.8026
10,5,5,0.000000911779,1.0000
10,5,6,-0.000002714798,0.8439
10,5,7,-0.000001354579,0.9276
10,5,8,0.000000477736,-0.7852
10,6,0,-0.000001683410,0.9461
10,6,1,-0.000000697066,0.6400
10,6,2,-0.000001893630,0.9339
10,6,3,-0.000004156889,0.9044
10,6,4,-0.000003151910,0.7719
10,6,5,-0.000002714798,0.8439
10,6,6,0.000011348919,1.0000
10,6,7,0.000005029108,-0.9762
10,6,8,-0.000002080324,0.9691
10,7,0,-0.000000708809,0.8775
10,7,1,-0.000000353085,0.7141
10,7,2,-0.000000780669,0.8481
10,7,3,-0.000001738138,0.8330
10,7,4,-0.000001527429,0.8240
10,7,5,-0.000001354579,0.9276
10,7,6,0.000005029108,-0.9762
10,7,7,0.000002338704,1.0000
10,7,8,-0.000000905102,0.9288
10,8,0,0.000000330279,-0.9813
10,8,1,0.000000140235,-0.6807
10,8,2,0.000000370483,-0.9660
10,8,3,0.000000747255,-0.8595
10,8,4,0.000000513388,-0.6647
10,8,5,0.000000477736,-0.7852
10,8,6,-0.000002080324,0.9691
10,8,7,-0.000000905102,0.9288
10,8,8,0.000000406050,1.0000
11,0,0,0.000000257725,1.0000
11,0,1,0.000000098926,-0.6018
11,0,2,0.000000296238,-0.9882
11,0,3,0.000000627923,-0.8904
11,0,4,0.000000375055,-0.5808
11,0,5,0.000000347255,-0.6934
11,0,6,-0.000001627075,0.9461
11,0,7,-0.000000685312,0.8717
11,0,8,0.000000309265,-0.9787
11,1,0,0.000000098926,-0.6018
11,1,1,0.000000104832,1.0000
11,1,2,0.000000100508,-0.5257
11,1,3,0.000000210371,-0.4677
11,1,4,0.000000126518,-0.3072
11,1,5,0.000000235905,-0.7386
11,1,6,-0.000000661283,0.6029
11,1,7,-0.000000344743,0.6875
11,1,8,0.000000128966,-0.6400
11,2,0,0.000000296238,-0.9882
11,2,1,0.000000100508,-0.5257
11,2,2,0.000000348689,1.0000
11,2,3,0.000000740404,-0.9026
11,2,4,0.000000413167,-0.5501
11,2,5,0.000000368487,-0.6326
11,2,6,-0.000001856950,0.9283
11,2,7,-0.000000763601,0.8350
11,2,8,0.000000353058,-0.9606
11,3,0,0.000000627923,-0.8904
11,3,1,0.000000210371,-0.4677
11,3,2,0.000000740404,-0.9026
11,3,3,0.000001929717,1.0000
11,3,4,0.000000936327,-0.5299
11,3,5,0.000000805914,-0.5881
11,3,6,-0.000004222243,0.8972
11,3,7,-0.000001764670,0.8203
11,3,8,0.000000736258,-0.8515
11,4,0,0.000000375055,-0.5808
11,4,1,0.000000126518,-0.3072
11,4,2,0.000000413167,-0.5501
11,4,3,0.000000936327,-0.5299
11,4,4,0.000001618024,1.0000
11,4,5,0.000001008043,-0.8034
11,4,6,-0.000003373890,0.7830
11,4,7,-0.000001643268,0.8342
11,4,8,0.000000540023,-0.6821
11,5,0,0.000000347255,-0.6934
11,5,1,0.000000235905,-0.7386
11,5,2,0.000000368487,-0.6326
11,5,3,0.000000805914,-0.5881
11,5,4,0.000001008043,-0.8034
11,5,5,0.000000973057,1.0000
11,5,6,-0.000002803383,0.8389
11,5,7,-0.000001415574,0.9266
11,5,8,0.000000480296,-0.7823
11,6,0,-0.000001627075,0.9461
11,6,1,-0.000000661283,0.6029
11,6,2,-0.000001856950,0.9283
11,6,3,-0.000004222243,0.8972
11,6,4,-0.000003373890,0.7830
11,6,5,-0.000002803383,0.8389
11,6,6,0.000011475929,1.0000
11,6,7,0.000005111469,-0.9743
11,6,8,-0.000002042574,0.9687
11,7,0,-0.000000685312,0.8717
11,7,1,-0.000000344743,0.6875
11,7,2,-0.000000763601,0.8350
11,7,3,-0.000001764670,0.8203
11,7,4,-0.000001643268,0.8342
11,7,5,-0.000001415574,0.9266
11,7,6,0.000005111469,-0.9743
11,7,7,0.000002398394,1.0000
11,7,8,-0.000000892696,0.9261
11,8,0,0.000000309265,-0.9787
11,8,1,0.000000128966,-0.6400
11,8,2,0.000000353058,-0.9606
11,8,3,0.000000736258,-0.8515
11,8,4,0.000000540023,-0.6821
11,8,5,0.000000480296,-0.7823
11,8,6,-0.000002042574,0.9687
11,8,7,-0.000000892696,0.9261
11,8,8,0.000000387404,1.0000
12,0,0,0.000000234637,1.0000
12,0,1,0.000000062651,-0.4831
12,0,2,0.000000282975,-0.9933
12,0,3,0.000000581134,-0.8757
12,0,4,0.000000232474,-0.4543
12,0,5,0.000000205839,-0.6440
12,0,6,-0.000001353555,0.9458
12,0,7,-0.000000511869,0.8806
12,0,8,0.000000265713,-0.9811
12,1,0,0.000000062651,-0.4831
12,1,1,0.000000071692,1.0000
12,1,2,0.000000070036,-0.4447
12,1,3,0.000000127867,-0.3486
12,1,4,-0.000000030991,0.1096
12,1,5,0.000000093062,-0.5268
12,1,6,-0.000000315227,0.3985
12,1,7,-0.000000150580,0.4687
12,1,8,0.000000071490,-0.4775
12,2,0,0.000000282975,-0.9933
12,2,1,0.000000070036,-0.4447
12,2,2,0.000000345915,1.0000
12,2,3,0.000000718260,-0.8914
12,2,4,0.000000296414,-0.4771
12,2,5,0.000000250728,-0.6461
12,2,6,-0.000001659749,0.9552
12,2,7,-0.000000627570,0.8892
12,2,8,0.000000322991,-0.9822
12,3,0,0.000000581134,-0.8757
12,3,1,0.000000127867,-0.3486
12,3,2,0.000000718260,-0.8914
12,3,3,0.000001876925,1.0000
12,3,4,0.000000626069,-0.4326
12,3,5,0.000000491463,-0.5437
12,3,6,-0.000003666116,0.9057
12,3,7,-0.000001398449,0.8507
12,3,8,0.000000642848,-0.8392
12,4,0,0.000000232474,-0.4543
12,4,1,-0.000000030991,0.1096
12,4,2,0.000000296414,-0.4771
12,4,3,0.000000626069,-0.4326
12,4,4,0.000001116069,1.0000
12,4,5,0.000000459631,-0.6594
12,4,6,-0.000002103447,0.6739
12,4,7,-0.000000915736,0.7224
12,4,8,0.000000319518,-0.5409
12,5,0,0.000000205839,-0.6440
12,5,1,0.000000093062,-0.5268
12,5,2,0.000000250728,-0.6461
12,5,3,0.000000491463,-0.5437
12,5,4,0.000000459631,-0.6594
12,5,5,0.000000435369,1.0000
12,5,6,-0.000001511113,0.7752
12,5,7,-0.000000684811,0.8649
12,5,8,0.000000259831,-0.7043
12,6,0,-0.000001353555,0.9458
12,6,1,-0.000000315227,0.3985
12,6,2,-0.000001659749,0.9552
12,6,3,-0.000003666116,0.9057
12,6,4,-0.000002103447,0.6739
12,6,5,-0.000001511113,0.7752
12,6,6,0.000008728842,1.0000
12,6,7,0.000003462250,-0.9766
12,6,8,-0.000001581885,0.9576
12,7,0,-0.000000511869,0.8806
12,7,1,-0.000000150580,0.4687
12,7,2,-0.000000627570,0.8892
12,7,3,-0.000001398449,0.8507
12,7,4,-0.000000915736,0.7224
12,7,5,-0.000000684811,0.8649
12,7,6,0.000003462250,-0.9766
12,7,7,0.000001439887,1.0000
12,7,8,-0.000000613122,0.9139
12,8,0,0.000000265713,-0.9811
12,8,1,0.000000071490,-0.4775
12,8,2,0.000000322991,-0.9822
12,8,3,0.000000642848,-0.8392
12,8,4,0.000000319518,-0.5409
12,8,5,0.000000259831,-0.7043
12,8,6,-0.000001581885,0.9576
12,8,7,-0.000000613122,0.9139
12,8,8,0.000000312616,1.0000
13,0,0,0.000000471787,1.0000
13,0,1,0.000000163893,-0.7149
13,0,2,0.000000544328,-0.9955
13,0,3,0.000001256803,-0.9491
13,0,4,0.000000346623,-0.4811
13,0,5,0.000000419803,-0.7712
13,0,6,-0.000002712539,0.9717
13,0,7,-0.000000973787,0.9269
13,0,8,0.000000483091,-0.9859
13,1,0,0.000000163893,-0.7149
13,1,1,0.000000111405,1.0000
13,1,2,0.000000182415,-0.6865
13,1,3,0.000000399048,-0.6201
13,1,4,0.000000033494,-0.0957
13,1,5,0.000000183328,-0.6931
13,1,6,-0.000000893981,0.6591
13,1,7,-0.000000347106,0.6799
13,1,8,0.000000167505,-0.7035
13,2,0,0.000000544328,-0.9955
13,2,1,0.000000182415,-0.6865
13,2,2,0.000000633756,1.0000
13,2,3,0.000001466846,-0.9557
13,2,4,0.000000418600,-0.5013
13,2,5,0.000000486775,-0.7715
13,2,6,-0.000003157752,0.9760
13,2,7,-0.000001136785,0.9336
13,2,8,0.000000561817,-0.9893
13,3,0,0.000001256803,-0.9491
13,3,1,0.000000399048,-0.6201
13,3,2,0.000001466846,-0.9557
13,3,3,0.000003716992,1.0000
13,3,4,0.000001028839,-0.5087
13,3,5,0.000001095771,-0.7172
13,3,6,-0.000007531096,0.9612
13,3,7,-0.000002711208,0.9194
13,3,8,0.000001278007,-0.9292
13,4,0,0.000000346623,-0.4811
13,4,1,0.000000033494,-0.0957
13,4,2,0.000000418600,-0.5013
13,4,3,0.000001028839,-0.5087
13,4,4,0.000001100265,1.0000
13,4,5,0.000000567455,-0.6826
13,4,6,-0.000002763900,0.6484
13,4,7,-0.000001141088,0.7112
13,4,8,0.000000409713,-0.5475
13,5,0,0.000000419803,-0.7712
13,5,1,0.000000183328,-0.6931
13,5,2,0.000000486775,-0.7715
13,5,3,0.000001095771,-0.7172
13,5,4,0.000000567455,-0.6826
13,5,5,0.000000628083,1.0000
13,5,6,-0.000002736796,0.8497
13,5,7,-0.000001101362,0.9086
13,5,8,0.000000456942,-0.8082
13,6,0,-0.000002712539,0.9717
13,6,1,-0.000000893981,0.6591
13,6,2,-0.000003157752,0.9760
13,6,3,-0.000007531096,0.9612
13,6,4,-0.000002763900,0.6484
13,6,5,-0.000002736796,0.8497
13,6,6,0.000016515919,1.0000
13,6,7,0.000006109000,-0.9828
13,6,8,-0.000002828856,0.9757
13,7,0,-0.000000973787,0.9269
13,7,1,-0.000000347106,0.6799
13,7,2,-0.000001136785,0.9336
13,7,3,-0.000002711208,0.9194
13,7,4,-0.000001141088,0.7112
13,7,5,-0.000001101361,0.9086
13,7,6,0.000006109000,-0.9828
13,7,7,0.000002339479,1.0000
13,7,8,-0.000001037143,0.9505
13,8,0,0.000000483091,-0.9859
13,8,1,0.000000167505,-0.7035
13,8,2,0.000000561817,-0.9893
13,8,3,0.000001278007,-0.9292
13,8,4,0.000000409713,-0.5475
13,8,5,0.000000456942,-0.8082
13,8,6,-0.000002828856,0.9757
13,8,7,-0.000001037143,0.9505
13,8,8,0.000000508924,1.0000
14,0,0,0.000003726561,1.0000
14,0,1,0.000002816292,-0.9862
14,0,2,0.000004642107,-0.9993
14,0,3,0.000011575771,-0.9937
14,0,4,-0.000002750006,0.7659
14,0,5,0.000001414787,-0.7707
14,0,6,-0.000019408355,0.9951
14,0,7,-0.000006927731,0.9866
14,0,8,0.000004910574,-0.9987
14,1,0,0.000002816292,-0.9862
14,1,1,0.000002188361,1.0000
14,1,2,0.000003506548,-0.9851
14,1,3,0.000008772950,-0.9827
14,1,4,-0.000002267205,0.8240
14,1,5,0.000001042711,-0.7412
14,1,6,-0.000014577646,0.9753
14,1,7,-0.000005196560,0.9657
14,1,8,0.000003714548,-0.9858
14,2,0,0.000004642107,-0.9993
14,2,1,0.000003506548,-0.9851
14,2,2,0.000005790131,1.0000
14,2,3,0.000014452119,-0.9952
14,2,4,-0.000003439880,0.7686
14,2,5,0.000001748223,-0.7640
14,2,6,-0.000024191913,0.9950
14,2,7,-0.000008632369,0.9863
14,2,8,0.000006125034,-0.9994
14,3,0,0.000011575769,-0.9937
14,3,1,0.000008772948,-0.9827
14,3,2,0.000014452116,-0.9952
14,3,3,0.000036417615,1.0000
14,3,4,-0.000008695740,0.7748
14,3,5,0.000004270541,-0.7441
14,3,6,-0.000060496144,0.9922
14,3,7,-0.000021586573,0.9834
14,3,8,0.000015289469,-0.9947
14,4,0,-0.000002750004,0.7659
14,4,1,-0.000002267203,0.8240
14,4,2,-0.000003439878,0.7686
14,4,3,-0.000008695736,0.7748
14,4,4,0.000003459217,1.0000
14,4,5,-0.000000507116,0.2867
14,4,6,0.000013325746,-0.7091
14,4,7,0.000004516790,-0.6676
14,4,8,-0.000003641817,0.7688
14,5,0,0.000001414788,-0.7707
14,5,1,0.000001042712,-0.7412
14,5,2,0.000001748224,-0.7640
14,5,3,0.000004270544,-0.7441
14,5,4,-0.000000507117,0.2867
14,5,5,0.000000904379,1.0000
14,5,6,-0.000007796034,0.8114
14,5,7,-0.000002922958,0.8450
14,5,8,0.000001845463,-0.7619
14,6,0,-0.000019408348,0.9951
14,6,1,-0.000014577640,0.9753
14,6,2,-0.000024191906,0.9950
14,6,3,-0.000060496135,0.9922
14,6,4,0.000013325751,-0.7091
14,6,5,-0.000007796028,0.8114
14,6,6,0.000102087776,1.0000
14,6,7,0.000036652929,-0.9973
14,6,8,-0.000025596399,0.9946
14,7,0,-0.000006927728,0.9866
14,7,1,-0.000005196557,0.9657
14,7,2,-0.000008632366,0.9863
14,7,3,-0.000021586568,0.9834
14,7,4,0.000004516791,-0.6676
14,7,5,-0.000002922955,0.8450
14,7,6,0.000036652925,-0.9973
14,7,7,0.000013230916,1.0000
14,7,8,-0.000009134460,0.9859
14,8,0,0.000004910573,-0.9987
14,8,1,0.000003714548,-0.9858
14,8,2,0.000006125034,-0.9994
14,8,3,0.000015289471,-0.9947
14,8,4,-0.000003641819,0.7688
14,8,5,0.000001845462,-0.7619
14,8,6,-0.000025596406,0.9946
14,8,7,-0.000009134463,0.9859
14,8,8,0.000006487601,1.0000
15,0,0,0.000000787146,1.0000
15,0,1,0.000000582913,-0.9348
15,0,2,0.000000969729,-0.9962
15,0,3,0.000002224518,-0.9709
15,0,4,-0.000000255606,0.2383
15,0,5,0.000000550757,-0.7213
15,0,6,-0.000004257690,0.9766
15,0,7,-0.000001618004,0.9438
15,0,8,0.000001016236,-0.9939
15,1,0,0.000000582913,-0.9348
15,1,1,0.000000493939,1.0000
15,1,2,0.000000718316,-0.9316
15,1,3,0.000001666261,-0.9181
15,1,4,-0.000000354704,0.4175
15,1,5,0.000000401271,-0.6634
15,1,6,-0.000003085562,0.8934
15,1,7,-0.000001177593,0.8671
15,1,8,0.000000755158,-0.9323
15,2,0,0.000000969729,-0.9962
15,2,1,0.000000718316,-0.9316
15,2,2,0.000001203703,1.0000
15,2,3,0.000002767779,-0.9769
15,2,4,-0.000000309359,0.2333
15,2,5,0.000000681070,-0.7213
15,2,6,-0.000005279254,0.9792
15,2,7,-0.000002011225,0.9487
15,2,8,0.000001259243,-0.9959
15,3,0,0.000002224518,-0.9709
15,3,1,0.000001666261,-0.9181
15,3,2,0.000002767779,-0.9769
15,3,3,0.000006669175,1.0000
15,3,4,-0.000000771048,0.2470
15,3,5,0.000001512334,-0.6804
15,3,6,-0.000012284673,0.9680
15,3,7,-0.000004684928,0.9388
15,3,8,0.000002900582,-0.9746
15,4,0,-0.000000255606,0.2383
15,4,1,-0.000000354704,0.4175
15,4,2,-0.000000309359,0.2333
15,4,3,-0.000000771048,0.2470
15,4,4,0.000001461083,1.0000
15,4,5,0.000000329636,-0.3169
15,4,6,0.000000335086,-0.0564
15,4,7,-0.000000094870,0.0406
15,4,8,-0.000000340218,0.2442
15,5,0,0.000000550757,-0.7213
15,5,1,0.000000401271,-0.6634
15,5,2,0.000000681070,-0.7213
15,5,3,0.000001512334,-0.6804
15,5,4,0.000000329636,-0.3169
15,5,5,0.000000740762,1.0000
15,5,6,-0.000003459288,0.8179
15,5,7,-0.000001454529,0.8746
15,5,8,0.000000697987,-0.7037
15,6,0,-0.000004257690,0.9766
15,6,1,-0.000003085562,0.8934
15,6,2,-0.000005279254,0.9792
15,6,3,-0.000012284673,0.9680
15,6,4,0.000000335086,-0.0564
15,6,5,-0.000003459288,0.8179
15,6,6,0.000024147355,1.0000
15,6,7,0.000009404250,-0.9904
15,6,8,-0.000005520224,0.9747
15,7,0,-0.000001618004,0.9438
15,7,1,-0.000001177593,0.8671
15,7,2,-0.000002011225,0.9487
15,7,3,-0.000004684928,0.9388
15,7,4,-0.000000094870,0.0406
15,7,5,-0.000001454529,0.8746
15,7,6,0.000009404250,-0.9904
15,7,7,0.000003733866,1.0000
15,7,8,-0.000002096967,0.9416
15,8,0,0.000001016236,-0.9939
15,8,1,0.000000755158,-0.9323
15,8,2,0.000001259243,-0.9959
15,8,3,0.000002900582,-0.9746
15,8,4,-0.000000340218,0.2442
15,8,5,0.000000697987,-0.7037
15,8,6,-0.000005520224,0.9747
15,8,7,-0.000002096967,0.9416
15,8,8,0.000001328202,1.0000
16,0,0,0.000000785263,1.0000
16,0,1,0.000000549540,-0.9361
16,0,2,0.000000975360,-0.9969
16,0,3,0.000002243438,-0.9700
16,0,4,-0.000000377971,0.2870
16,0,5,0.000000473050,-0.6035
16,0,6,-0.000004101830,0.9615
16,0,7,-0.000001548608,0.9181
16,0,8,0.000001001757,-0.9911
16,1,0,0.000000549540,-0.9361
16,1,1,0.000000438908,1.0000
16,1,2,0.000000686890,-0.9391
16,1,3,0.000001578927,-0.9131
16,1,4,-0.000000363135,0.3688
16,1,5,0.000000344113,-0.5872
16,1,6,-0.000002852739,0.8945
16,1,7,-0.000001093315,0.8670
16,1,8,0.000000710811,-0.9407
16,2,0,0.000000975360,-0.9969
16,2,1,0.000000686890,-0.9391
16,2,2,0.000001218963,1.0000
16,2,3,0.000002814588,-0.9767
16,2,4,-0.000000471875,0.2876
16,2,5,0.000000590536,-0.6047
16,2,6,-0.000005126575,0.9646
16,2,7,-0.000001938504,0.9224
16,2,8,0.000001250616,-0.9931
16,3,0,0.000002243438,-0.9700
16,3,1,0.000001578927,-0.9131
16,3,2,0.000002814588,-0.9767
16,3,3,0.000006812071,1.0000
16,3,4,-0.000001243582,0.3206
16,3,5,0.000001253066,-0.5428
16,3,6,-0.000011857757,0.9438
16,3,7,-0.000004479573,0.9017
16,3,8,0.000002878821,-0.9671
16,4,0,-0.000000377971,0.2870
16,4,1,-0.000000363135,0.3688
16,4,2,-0.000000471875,0.2876
16,4,3,-0.000001243582,0.3206
16,4,4,0.000002208730,1.0000
16,4,5,0.000000595818,-0.4533
16,4,6,0.000000277085,-0.0387
16,4,7,-0.000000198755,0.0703
16,4,8,-0.000000426315,0.2515
16,5,0,0.000000473050,-0.6035
16,5,1,0.000000344113,-0.5872
16,5,2,0.000000590536,-0.6047
16,5,3,0.000001253066,-0.5428
16,5,4,0.000000595818,-0.4533
16,5,5,0.000000782327,1.0000
16,5,6,-0.000003251854,0.7637
16,5,7,-0.000001409871,0.8374
16,5,8,0.000000622814,-0.6174
16,6,0,-0.000004101830,0.9615
16,6,1,-0.000002852739,0.8945
16,6,2,-0.000005126575,0.9646
16,6,3,-0.000011857757,0.9438
16,6,4,0.000000277085,-0.0387
16,6,5,-0.000003251854,0.7637
16,6,6,0.000023174056,1.0000
16,6,7,0.000009062297,-0.9890
16,6,8,-0.000005322684,0.9694
16,7,0,-0.000001548608,0.9181
16,7,1,-0.000001093315,0.8670
16,7,2,-0.000001938504,0.9224
16,7,3,-0.000004479573,0.9017
16,7,4,-0.000000198755,0.0703
16,7,5,-0.000001409870,0.8374
16,7,6,0.000009062297,-0.9890
16,7,7,0.000003623010,1.0000
16,7,8,-0.000002016683,0.9289
16,8,0,0.000001001757,-0.9911
16,8,1,0.000000710811,-0.9407
16,8,2,0.000001250616,-0.9931
16,8,3,0.000002878821,-0.9671
16,8,4,-0.000000426315,0.2515
16,8,5,0.000000622814,-0.6174
16,8,6,-0.000005322684,0.9694
16,8,7,-0.000002016683,0.9289
16,8,8,0.000001300862,1.0000
17,0,0,0.000000730487,1.0000
17,0,1,0.000000536339,-0.9404
17,0,2,0.000000906861,-0.9964
17,0,3,0.000002004941,-0.9307
17,0,4,-0.000000082584,0.0781
17,0,5,0.000000600807,-0.8187
17,0,6,-0.000004046011,0.9800
17,0,7,-0.000001594119,0.9682
17,0,8,0.000000943279,-0.9907
17,1,0,0.000000536339,-0.9404
17,1,1,0.000000445335,1.0000
17,1,2,0.000000667696,-0.9395
17,1,3,0.000001446862,-0.8602
17,1,4,-0.000000198190,0.2400
17,1,5,0.000000424201,-0.7403
17,1,6,-0.000002885006,0.8950
17,1,7,-0.000001139044,0.8860
17,1,8,0.000000701808,-0.9440
17,2,0,0.000000906861,-0.9964
17,2,1,0.000000667696,-0.9395
17,2,2,0.000001134055,1.0000
17,2,3,0.000002537197,-0.9453
17,2,4,-0.000000128701,0.0977
17,2,5,0.000000736515,-0.8055
17,2,6,-0.000005043988,0.9805
17,2,7,-0.000001985698,0.9679
17,2,8,0.000001176064,-0.9913
17,3,0,0.000002004941,-0.9307
17,3,1,0.000001446862,-0.8602
17,3,2,0.000002537197,-0.9453
17,3,3,0.000006352704,1.0000
17,3,4,-0.000000685336,0.2198
17,3,5,0.000001426600,-0.6592
17,3,6,-0.000011259784,0.9248
17,3,7,-0.000004407868,0.9078
17,3,8,0.000002584685,-0.9205
17,4,0,-0.000000082584,0.0781
17,4,1,-0.000000198190,0.2400
17,4,2,-0.000000128701,0.0977
17,4,3,-0.000000685336,0.2198
17,4,4,0.000001530767,1.0000
17,4,5,0.000000387960,-0.3652
17,4,6,-0.000000470081,0.0787
17,4,7,-0.000000292548,0.1227
17,4,8,-0.000000061287,0.0445
17,5,0,0.000000600807,-0.8187
17,5,1,0.000000424201,-0.7403
17,5,2,0.000000736515,-0.8055
17,5,3,0.000001426600,-0.6592
17,5,4,0.000000387960,-0.3652
17,5,5,0.000000737312,1.0000
17,5,6,-0.000003616634,0.8719
17,5,7,-0.000001482086,0.8960
17,5,8,0.000000785325,-0.8209
17,6,0,-0.000004046011,0.9800
17,6,1,-0.000002885006,0.8950
17,6,2,-0.000005043988,0.9805
17,6,3,-0.000011259784,0.9248
17,6,4,-0.000000470081,0.0787
17,6,5,-0.000003616634,0.8719
17,6,6,0.000023334729,1.0000
17,6,7,0.000009274088,-0.9966
17,6,8,-0.000005287313,0.9825
17,7,0,-0.000001594119,0.9682
17,7,1,-0.000001139044,0.8860
17,7,2,-0.000001985698,0.9679
17,7,3,-0.000004407868,0.9078
17,7,4,-0.000000292548,0.1227
17,7,5,-0.000001482086,0.8960
17,7,6,0.000009274088,-0.9966
17,7,7,0.000003710963,1.0000
17,7,8,-0.000002083688,0.9709
17,8,0,0.000000943279,-0.9907
17,8,1,0.000000701808,-0.9440
17,8,2,0.000001176064,-0.9913
17,8,3,0.000002584685,-0.9205
17,8,4,-0.000000061287,0.0445
17,8,5,0.000000785325,-0.8209
17,8,6,-0.000005287313,0.9825
17,8,7,-0.000002083688,0.9709
17,8,8,0.000001241126,1.0000
18,0,0,0.000000547450,1.0000
18,0,1,0.000000356101,-0.9242
18,0,2,0.000000642065,-0.9939
18,0,3,0.000001044454,-0.8070
18,0,4,0.000000366670,-0.3939
18,0,5,0.000000584599,-0.8470
18,0,6,-0.000002974523,0.9716
18,0,7,-0.000001220134,0.9603
18,0,8,0.000000653318,-0.9831
18,1,0,0.000000356101,-0.9242
18,1,1,0.000000271169,1.0000
18,1,2,0.000000413061,-0.9085
18,1,3,0.000000577166,-0.6336
18,1,4,0.000000182323,-0.2783
18,1,5,0.000000387136,-0.7969
18,1,6,-0.000001843968,0.8558
18,1,7,-0.000000768366,0.8593
18,1,8,0.000000425376,-0.9095
18,2,0,0.000000642065,-0.9939
18,2,1,0.000000413061,-0.9085
18,2,2,0.000000762247,1.0000
18,2,3,0.000001287977,-0.8434
18,2,4,0.000000407167,-0.3707
18,2,5,0.000000674161,-0.8277
18,2,6,-0.000003519814,0.9743
18,2,7,-0.000001440214,0.9607
18,2,8,0.000000773349,-0.9862
18,3,0,0.000001044454,-0.8070
18,3,1,0.000000577166,-0.6336
18,3,2,0.000001287977,-0.8434
18,3,3,0.000003059678,1.0000
18,3,4,0.000000251732,-0.1144
18,3,5,0.000000857013,-0.5252
18,3,6,-0.000005959922,0.8234
18,3,7,-0.000002389977,0.7957
18,3,8,0.000001271878,-0.8096
18,4,0,0.000000366670,-0.3939
18,4,1,0.000000182323,-0.2783
18,4,2,0.000000407167,-0.3707
18,4,3,0.000000251732,-0.1144
18,4,4,0.000001582857,1.0000
18,4,5,0.000000821663,-0.7001
18,4,6,-0.000002837581,0.5451
18,4,7,-0.000001255516,0.5812
18,4,8,0.000000480685,-0.4254
18,5,0,0.000000584599,-0.8470
18,5,1,0.000000387136,-0.7969
18,5,2,0.000000674161,-0.8277
18,5,3,0.000000857013,-0.5252
18,5,4,0.000000821663,-0.7001
18,5,5,0.000000870258,1.0000
18,5,6,-0.000003432248,0.8892
18,5,7,-0.000001464338,0.9141
18,5,8,0.000000701754,-0.8375
18,6,0,-0.000002974523,0.9716
18,6,1,-0.000001843968,0.8558
18,6,2,-0.000003519814,0.9743
18,6,3,-0.000005959922,0.8234
18,6,4,-0.000002837581,0.5451
18,6,5,-0.000003432248,0.8892
18,6,6,0.000017121955,1.0000
18,6,7,0.000007074572,-0.9957
18,6,8,-0.000003628472,0.9763
18,7,0,-0.000001220134,0.9603
18,7,1,-0.000000768366,0.8593
18,7,2,-0.000001440214,0.9607
18,7,3,-0.000002389977,0.7957
18,7,4,-0.000001255516,0.5812
18,7,5,-0.000001464338,0.9141
18,7,6,0.000007074572,-0.9957
18,7,7,0.000002948587,1.0000
18,7,8,-0.000001484615,0.9626
18,8,0,0.000000653318,-0.9831
18,8,1,0.000000425376,-0.9095
18,8,2,0.000000773349,-0.9862
18,8,3,0.000001271878,-0.8096
18,8,4,0.000000480685,-0.4254
18,8,5,0.000000701754,-0.8375
18,8,6,-0.000003628472,0.9763
18,8,7,-0.000001484615,0.9626
18,8,8,0.000000806726,1.0000
19,0,0,0.000000268483,1.0000
19,0,1,0.000000201024,-0.9009
19,0,2,0.000000300433,-0.9880
19,0,3,0.000000318831,-0.5681
19,0,4,0.000000319687,-0.4476
19,0,5,0.000000306185,-0.7662
19,0,6,-0.000001466241,0.9362
19,0,7,-0.000000602696,0.9083
19,0,8,0.000000354295,-0.9764
19,1,0,0.000000201024,-0.9009
19,1,1,0.000000185465,1.0000
19,1,2,0.000000222639,-0.8809
19,1,3,0.000000173104,-0.3711
19,1,4,0.000000168995,-0.2847
19,1,5,0.000000233457,-0.7029
19,1,6,-0.000001014759,0.7795
19,1,7,-0.000000430533,0.7807
19,1,8,0.000000260609,-0.8641
19,2,0,0.000000300433,-0.9880
19,2,1,0.000000222639,-0.8809
19,2,2,0.000000344384,1.0000
19,2,3,0.000000400046,-0.6294
19,2,4,0.000000336734,-0.4163
19,2,5,0.000000332103,-0.7338
19,2,6,-0.000001663390,0.9377
19,2,7,-0.000000678631,0.9030
19,2,8,0.000000405683,-0.9871
19,3,0,0.000000318831,-0.5681
19,3,1,0.000000173104,-0.3711
19,3,2,0.000000400046,-0.6294
19,3,3,0.000001173192,1.0000
19,3,4,0.000000112068,-0.0751
19,3,5,0.000000131335,-0.1572
19,3,6,-0.000002024089,0.6182
19,3,7,-0.000000776581,0.5599
19,3,8,0.000000492095,-0.6487
19,4,0,0.000000319687,-0.4476
19,4,1,0.000000168995,-0.2847
19,4,2,0.000000336734,-0.4163
19,4,3,0.000000112068,-0.0751
19,4,4,0.000001899600,1.0000
19,4,5,0.000000802493,-0.7550
19,4,6,-0.000002818313,0.6765
19,4,7,-0.000001288640,0.7301
19,4,8,0.000000467378,-0.4842
19,5,0,0.000000306185,-0.7662
19,5,1,0.000000233457,-0.7029
19,5,2,0.000000332103,-0.7338
19,5,3,0.000000131335,-0.1572
19,5,4,0.000000802493,-0.7550
19,5,5,0.000000594760,1.0000
19,5,6,-0.000001946991,0.8352
19,5,7,-0.000000859828,0.8706
19,5,8,0.000000406487,-0.7526
19,6,0,-0.000001466241,0.9362
19,6,1,-0.000001014759,0.7795
19,6,2,-0.000001663390,0.9377
19,6,3,-0.000002024089,0.6182
19,6,4,-0.000002818313,0.6765
19,6,5,-0.000001946991,0.8352
19,6,6,0.000009136902,1.0000
19,6,7,0.000003835428,-0.9908
19,6,8,-0.000002038545,0.9630
19,7,0,-0.000000602696,0.9083
19,7,1,-0.000000430533,0.7807
19,7,2,-0.000000678631,0.9030
19,7,3,-0.000000776581,0.5599
19,7,4,-0.000001288640,0.7301
19,7,5,-0.000000859828,0.8706
19,7,6,0.000003835428,-0.9908
19,7,7,0.000001639916,1.0000
19,7,8,-0.000000838436,0.9349
19,8,0,0.000000354295,-0.9764
19,8,1,0.000000260609,-0.8641
19,8,2,0.000000405683,-0.9871
19,8,3,0.000000492095,-0.6487
19,8,4,0.000000467378,-0.4842
19,8,5,0.000000406487,-0.7526
19,8,6,-0.000002038545,0.9630
19,8,7,-0.000000838436,0.9349
19,8,8,0.000000490435,1.0000
20,0,0,0.000000180433,1.0000
20,0,1,0.000000167439,-0.8972
20,0,2,0.000000204355,-0.9829
20,0,3,0.000000147120,-0.3033
20,0,4,0.000000099218,-0.1626
20,0,5,0.000000203960,-0.6091
20,0,6,-0.000000875861,0.8563
20,0,7,-0.000000365924,0.8277
20,0,8,0.000000239259,-0.9606
20,1,0,0.000000167439,-0.8972
20,1,1,0.000000193010,1.0000
20,1,2,0.000000185188,-0.8612
20,1,3,0.000000010241,-0.0204
20,1,4,-0.000000035727,0.0566
20,1,5,0.000000248879,-0.7186
20,1,6,-0.000000677260,0.6402
20,1,7,-0.000000299857,0.6558
20,1,8,0.000000208088,-0.8078
20,2,0,0.000000204355,-0.9829
20,2,1,0.000000185188,-0.8612
20,2,2,0.000000239579,1.0000
20,2,3,0.000000216527,-0.3874
20,2,4,0.000000100931,-0.1436
20,2,5,0.000000218409,-0.5660
20,2,6,-0.000001023622,0.8685
20,2,7,-0.000000421867,0.8281
20,2,8,0.000000280500,-0.9773
20,3,0,0.000000147120,-0.3033
20,3,1,0.000000010241,-0.0204
20,3,2,0.000000216527,-0.3874
20,3,3,0.000001304062,1.0000
20,3,4,0.000000259117,-0.1580
20,3,5,-0.000000328294,0.3647
20,3,6,-0.000001409961,0.5128
20,3,7,-0.000000507909,0.4273
20,3,8,0.000000309097,-0.4616
20,4,0,0.000000099218,-0.1626
20,4,1,-0.000000035727,0.0566
20,4,2,0.000000100931,-0.1436
20,4,3,0.000000259117,-0.1580
20,4,4,0.000002062410,1.0000
20,4,5,0.000000224077,-0.1979
20,4,6,-0.000002005600,0.5800
20,4,7,-0.000000934981,0.6255
20,4,8,0.000000230555,-0.2738
20,5,0,0.000000203960,-0.6091
20,5,1,0.000000248879,-0.7186
20,5,2,0.000000218409,-0.5660
20,5,3,-0.000000328294,0.3647
20,5,4,0.000000224077,-0.1979
20,5,5,0.000000621534,1.0000
20,5,6,-0.000000961353,0.5064
20,5,7,-0.000000477043,0.5814
20,5,8,0.000000249829,-0.5404
20,6,0,-0.000000875861,0.8563
20,6,1,-0.000000677260,0.6402
20,6,2,-0.000001023622,0.8685
20,6,3,-0.000001409961,0.5128
20,6,4,-0.000002005600,0.5800
20,6,5,-0.000000961353,0.5064
20,6,6,0.000005798006,1.0000
20,6,7,0.000002470556,-0.9858
20,6,8,-0.000001314906,0.9313
20,7,0,-0.000000365924,0.8277
20,7,1,-0.000000299857,0.6558
20,7,2,-0.000000421867,0.8281
20,7,3,-0.000000507909,0.4273
20,7,4,-0.000000934981,0.6255
20,7,5,-0.000000477043,0.5814
20,7,6,0.000002470556,-0.9858
20,7,7,0.000001083259,1.0000
20,7,8,-0.000000546234,0.8951
20,8,0,0.000000239259,-0.9606
20,8,1,0.000000208088,-0.8078
20,8,2,0.000000280500,-0.9773
20,8,3,0.000000309097,-0.4616
20,8,4,0.000000230555,-0.2738
20,8,5,0.000000249829,-0.5404
20,8,6,-0.000001314906,0.9313
20,8,7,-0.000000546234,0.8951
20,8,8,0.000000343811,1.0000
21,0,0,0.000000162702,1.0000
21,0,1,0.000000146867,-0.8813
21,0,2,0.000000181924,-0.9805
21,0,3,0.000000173964,-0.3834
21,0,4,0.000000187215,-0.3515
21,0,5,0.000000175125,-0.5614
21,0,6,-0.000000878671,0.9044
21,0,7,-0.000000373328,0.8837
21,0,8,0.000000224203,-0.9608
21,1,0,0.000000146867,-0.8813
21,1,1,0.000000170691,1.0000
21,1,2,0.000000158399,-0.8335
21,1,3,0.000000043181,-0.0929
21,1,4,0.000000079889,-0.1464
21,1,5,0.000000209390,-0.6553
21,1,6,-0.000000683122,0.6864
21,1,7,-0.000000313542,0.7246
21,1,8,0.000000188246,-0.7876
21,2,0,0.000000181924,-0.9805
21,2,1,0.000000158399,-0.8335
21,2,2,0.000000211576,1.0000
21,2,3,0.000000249603,-0.4824
21,2,4,0.000000205599,-0.3385
21,2,5,0.000000184900,-0.5198
21,2,6,-0.000001025897,0.9259
21,2,7,-0.000000428724,0.8899
21,2,8,0.000000262620,-0.9869
21,3,0,0.000000173964,-0.3834
21,3,1,0.000000043181,-0.0929
21,3,2,0.000000249603,-0.4824
21,3,3,0.000001265503,1.0000
21,3,4,0.000000141561,-0.0953
21,3,5,-0.000000291630,0.3352
21,3,6,-0.000001408720,0.5199
21,3,7,-0.000000502605,0.4266
21,3,8,0.000000329143,-0.5058
21,4,0,0.000000187215,-0.3515
21,4,1,0.000000079889,-0.1464
21,4,2,0.000000205599,-0.3385
21,4,3,0.000000141561,-0.0953
21,4,4,0.000001743646,1.0000
21,4,5,0.000000314547,-0.3080
21,4,6,-0.000002014344,0.6333
21,4,7,-0.000000942694,0.6816
21,4,8,0.000000284580,-0.3725
21,5,0,0.000000175125,-0.5614
21,5,1,0.000000209390,-0.6553
21,5,2,0.000000184900,-0.5198
21,5,3,-0.000000291630,0.3352
21,5,4,0.000000314547,-0.3080
21,5,5,0.000000598129,1.0000
21,5,6,-0.000000955798,0.5131
21,5,7,-0.000000469245,0.5793
21,5,8,0.000000234579,-0.5243
21,6,0,-0.000000878671,0.9044
21,6,1,-0.000000683122,0.6864
21,6,2,-0.000001025897,0.9259
21,6,3,-0.000001408720,0.5199
21,6,4,-0.000002014344,0.6333
21,6,5,-0.000000955798,0.5131
21,6,6,0.000005801926,1.0000
21,6,7,0.000002477935,-0.9822
21,6,8,-0.000001313310,0.9425
21,7,0,-0.000000373328,0.8837
21,7,1,-0.000000313542,0.7246
21,7,2,-0.000000428724,0.8899
21,7,3,-0.000000502605,0.4266
21,7,4,-0.000000942694,0.6816
21,7,5,-0.000000469245,0.5793
21,7,6,0.000002477935,-0.9822
21,7,7,0.000001096923,1.0000
21,7,8,-0.000000544720,0.8991
21,8,0,0.000000224203,-0.9608
21,8,1,0.000000188246,-0.7876
21,8,2,0.000000262620,-0.9869
21,8,3,0.000000329143,-0.5058
21,8,4,0.000000284580,-0.3725
21,8,5,0.000000234579,-0.5243
21,8,6,-0.000001313310,0.9425
21,8,7,-0.000000544720,0.8991
21,8,8,0.000000334658,1.0000
22,0,0,0.000000108420,1.0000
22,0,1,0.000000091513,-0.8121
22,0,2,0.000000112656,-0.9500
22,0,3,0.000000196143,-0.5306
22,0,4,0.000000119099,-0.2710
22,0,5,0.000000025428,-0.1023
22,0,6,-0.000000555345,0.7902
22,0,7,-0.000000232007,0.7455
22,0,8,0.000000134091,-0.8806
22,1,0,0.000000091513,-0.8121
22,1,1,0.000000117116,1.0000
22,1,2,0.000000083440,-0.6770
22,1,3,0.000000062522,-0.1627
22,1,4,-0.000000008415,0.0184
22,1,5,0.000000023501,-0.0909
22,1,6,-0.000000309237,0.4233
22,1,7,-0.000000147707,0.4566
22,1,8,0.000000087267,-0.5514
22,2,0,0.000000112656,-0.9500
22,2,1,0.000000083440,-0.6770
22,2,2,0.000000129701,1.0000
22,2,3,0.000000282840,-0.6996
22,2,4,0.000000147068,-0.3059
22,2,5,0.000000043947,-0.1616
22,2,6,-0.000000679863,0.8844
22,2,7,-0.000000281116,0.8258
22,2,8,0.000000161325,-0.9687
22,3,0,0.000000196143,-0.5306
22,3,1,0.000000062522,-0.1627
22,3,2,0.000000282840,-0.6996
22,3,3,0.000001260179,1.0000
22,3,4,0.000000190900,-0.1274
22,3,5,-0.000000192532,0.2271
22,3,6,-0.000001591247,0.6641
22,3,7,-0.000000585142,0.5515
22,3,8,0.000000376336,-0.7249
22,4,0,0.000000119099,-0.2710
22,4,1,-0.000000008415,0.0184
22,4,2,0.000000147068,-0.3059
22,4,3,0.000000190900,-0.1274
22,4,4,0.000001781882,1.0000
22,4,5,0.000000344894,-0.3422
22,4,6,-0.000001898630,0.6664
22,4,7,-0.000000907972,0.7196
22,4,8,0.000000231174,-0.3745
22,5,0,0.000000025428,-0.1023
22,5,1,0.000000023501,-0.0909
22,5,2,0.000000043947,-0.1616
22,5,3,-0.000000192532,0.2271
22,5,4,0.000000344894,-0.3422
22,5,5,0.000000570135,1.0000
22,5,6,-0.000000575640,0.3572
22,5,7,-0.000000331048,0.4639
22,5,8,0.000000091313,-0.2615
22,6,0,-0.000000555345,0.7902
22,6,1,-0.000000309237,0.4233
22,6,2,-0.000000679863,0.8844
22,6,3,-0.000001591247,0.6641
22,6,4,-0.000001898630,0.6664
22,6,5,-0.000000575640,0.3572
22,6,6,0.000004555918,1.0000
22,6,7,0.000001970492,-0.9767
22,6,8,-0.000000916448,0.9285
22,7,0,-0.000000232007,0.7455
22,7,1,-0.000000147707,0.4566
22,7,2,-0.000000281116,0.8258
22,7,3,-0.000000585142,0.5515
22,7,4,-0.000000907972,0.7196
22,7,5,-0.000000331048,0.4639
22,7,6,0.000001970492,-0.9767
22,7,7,0.000000893405,1.0000
22,7,8,-0.000000378905,0.8669
22,8,0,0.000000134091,-0.8806
22,8,1,0.000000087267,-0.5514
22,8,2,0.000000161325,-0.9687
22,8,3,0.000000376336,-0.7249
22,8,4,0.000000231174,-0.3745
22,8,5,0.000000091313,-0.2615
22,8,6,-0.000000916448,0.9285
22,8,7,-0.000000378905,0.8669
22,8,8,0.000000213847,1.0000
23,0,0,0.000000471289,1.0000
23,0,1,0.000000605245,-0.9807
23,0,2,0.000000355024,-0.9853
23,0,3,-0.000000139029,0.2504
23,0,4,0.000000024581,-0.0288
23,0,5,0.000000095856,-0.1855
23,0,6,-0.000001084111,0.8396
23,0,7,-0.000000653055,0.8782
23,0,8,0.000000324199,-0.9531
23,1,0,0.000000605245,-0.9807
23,1,1,0.000000808149,1.0000
23,1,2,0.000000450742,-0.9553
23,1,3,-0.000000229703,0.3160
23,1,4,-0.000000045367,0.0406
23,1,5,0.000000148274,-0.2191
23,1,6,-0.000001312583,0.7763
23,1,7,-0.000000830818,0.8532
23,1,8,0.000000406060,-0.9116
23,2,0,0.000000355024,-0.9853
23,2,1,0.000000450742,-0.9553
23,2,2,0.000000275485,1.0000
23,2,3,-0.000000062453,0.1471
23,2,4,0.000000019418,-0.0297
23,2,5,0.000000074293,-0.1881
23,2,6,-0.000000863354,0.8745
23,2,7,-0.000000504386,0.8872
23,2,8,0.000000255232,-0.9814
23,3,0,-0.000000139029,0.2504
23,3,1,-0.000000229703,0.3160
23,3,2,-0.000000062453,0.1471
23,3,3,0.000000653907,1.0000
23,3,4,-0.000000208442,0.2072
23,3,5,-0.000000383507,0.6301
23,3,6,0.000000177009,-0.1164
23,3,7,0.000000240916,-0.2750
23,3,8,-0.000000048698,0.1215
23,4,0,0.000000024581,-0.0288
23,4,1,-0.000000045367,0.0406
23,4,2,0.000000019418,-0.0297
23,4,3,-0.000000208442,0.2072
23,4,4,0.000001547922,1.0000
23,4,5,0.000000259640,-0.2773
23,4,6,-0.000001080848,0.4619
23,4,7,-0.000000566020,0.4200
23,4,8,0.000000049117,-0.0797
23,5,0,0.000000095856,-0.1855
23,5,1,0.000000148274,-0.2191
23,5,2,0.000000074293,-0.1881
23,5,3,-0.000000383507,0.6301
23,5,4,0.000000259640,-0.2773
23,5,5,0.000000566491,1.0000
23,5,6,-0.000000502299,0.3548
23,5,7,-0.000000352664,0.4326
23,5,8,0.000000093916,-0.2518
23,6,0,-0.000001084111,0.8396
23,6,1,-0.000001312583,0.7763
23,6,2,-0.000000863354,0.8745
23,6,3,0.000000177009,-0.1164
23,6,4,-0.000001080848,0.4619
23,6,5,-0.000000502299,0.3548
23,6,6,0.000003537932,1.0000
23,6,7,0.000001973155,-0.9685
23,6,8,-0.000000844901,0.9066
23,7,0,-0.000000653055,0.8782
23,7,1,-0.000000830818,0.8532
23,7,2,-0.000000504386,0.8872
23,7,3,0.000000240916,-0.2750
23,7,4,-0.000000566020,0.4200
23,7,5,-0.000000352664,0.4326
23,7,6,0.000001973155,-0.9685
23,7,7,0.000001173307,1.0000
23,7,8,-0.000000480435,0.8951
23,8,0,0.000000324199,-0.9531
23,8,1,0.000000406060,-0.9116
23,8,2,0.000000255232,-0.9814
23,8,3,-0.000000048698,0.1215
23,8,4,0.000000049117,-0.0797
23,8,5,0.000000093916,-0.2518
23,8,6,-0.000000844901,0.9066
23,8,7,-0.000000480435,0.8951
23,8,8,0.000000245511,1.0000
24,0,0,0.000000253104,1.0000
24,0,1,0.000000285111,-0.9686
24,0,2,0.000000206513,-0.9824
24,0,3,0.000000012360,-0.0325
24,0,4,0.000000188745,-0.2912
24,0,5,0.000000100185,-0.2623
24,0,6,-0.000000835920,0.9195
24,0,7,-0.000000423238,0.8577
24,0,8,0.000000213141,-0.9698
24,1,0,0.000000285111,-0.9686
24,1,1,0.000000342359,1.0000
24,1,2,0.000000233734,-0.9560
24,1,3,-0.000000016707,0.0378
24,1,4,0.000000225904,-0.2997
24,1,5,0.000000148382,-0.3340
24,1,6,-0.000000954536,0.9028
24,1,7,-0.000000504639,0.8793
24,1,8,0.000000240392,-0.9404
24,2,0,0.000000206513,-0.9824
24,2,1,0.000000233734,-0.9560
24,2,2,0.000000174603,1.0000
24,2,3,0.000000038509,-0.1221
24,2,4,0.000000138095,-0.2565
24,2,5,0.000000075815,-0.2390
24,2,6,-0.000000695813,0.9215
24,2,7,-0.000000350472,0.8551
24,2,8,0.000000179018,-0.9806
24,3,0,0.000000012360,-0.0325
24,3,1,-0.000000016707,0.0378
24,3,2,0.000000038509,-0.1221
24,3,3,0.000000570076,1.0000
24,3,4,-0.000000392964,0.4040
24,3,5,-0.000000372008,0.6490
24,3,6,0.000000019002,-0.0139
24,3,7,0.000000107059,-0.1446
24,3,8,0.000000034673,-0.1051
24,4,0,0.000000188745,-0.2912
24,4,1,0.000000225904,-0.2997
24,4,2,0.000000138095,-0.2565
24,4,3,-0.000000392964,0.4040
24,4,4,0.000001659504,1.0000
24,4,5,0.000000208101,-0.2128
24,4,6,-0.000001314872,0.5649
24,4,7,-0.000000824175,0.6522
24,4,8,0.000000111661,-0.1984
24,5,0,0.000000100185,-0.2623
24,5,1,0.000000148382,-0.3340
24,5,2,0.000000075815,-0.2390
24,5,3,-0.000000372008,0.6490
24,5,4,0.000000208101,-0.2128
24,5,5,0.000000576321,1.0000
24,5,6,-0.000000497512,0.3627
24,5,7,-0.000000339718,0.4562
24,5,8,0.000000100435,-0.3028
24,6,0,-0.000000835920,0.9195
24,6,1,-0.000000954536,0.9028
24,6,2,-0.000000695813,0.9215
24,6,3,0.000000019002,-0.0139
24,6,4,-0.000001314872,0.5649
24,6,5,-0.000000497512,0.3627
24,6,6,0.000003265118,1.0000
24,6,7,0.000001728876,-0.9754
24,6,8,-0.000000714343,0.9049
24,7,0,-0.000000423238,0.8577
24,7,1,-0.000000504639,0.8793
24,7,2,-0.000000350472,0.8551
24,7,3,0.000000107059,-0.1446
24,7,4,-0.000000824175,0.6522
24,7,5,-0.000000339718,0.4562
24,7,6,0.000001728876,-0.9754
24,7,7,0.000000962143,1.0000
24,7,8,-0.000000355837,0.8304
24,8,0,0.000000213141,-0.9698
24,8,1,0.000000240392,-0.9404
24,8,2,0.000000179018,-0.9806
24,8,3,0.000000034673,-0.1051
24,8,4,0.000000111661,-0.1984
24,8,5,0.000000100435,-0.3028
24,8,6,-0.000000714343,0.9049
24,8,7,-0.000000355837,0.8304
24,8,8,0.000000190860,1.0000
25,0,0,0.000000232704,1.0000
25,0,1,0.000000270455,-0.9712
25,0,2,0.000000192070,-0.9818
25,0,3,-0.000000090210,0.2501
25,0,4,0.000000387706,-0.4939
25,0,5,0.000000156195,-0.4622
25,0,6,-0.000000874436,0.9354
25,0,7,-0.000000475555,0.9154
25,0,8,0.000000201071,-0.9716
25,1,0,0.000000270455,-0.9712
25,1,1,0.000000333247,1.0000
25,1,2,0.000000223694,-0.9555
25,1,3,-0.000000117140,0.2714
25,1,4,0.000000433262,-0.4612
25,1,5,0.000000198451,-0.4907
25,1,6,-0.000001010457,0.9032
25,1,7,-0.000000563905,0.9071
25,1,8,0.000000232394,-0.9384
25,2,0,0.000000192070,-0.9818
25,2,1,0.000000223694,-0.9555
25,2,2,0.000000164458,1.0000
25,2,3,-0.000000040441,0.1334
25,2,4,0.000000294209,-0.4458
25,2,5,0.000000117796,-0.4146
25,2,6,-0.000000729772,0.9286
25,2,7,-0.000000392646,0.8991
25,2,8,0.000000170632,-0.9808
25,3,0,-0.000000090210,0.2501
25,3,1,-0.000000117140,0.2714
25,3,2,-0.000000040441,0.1334
25,3,3,0.000000559208,1.0000
25,3,4,-0.000000608659,0.5002
25,3,5,-0.000000275945,0.5268
25,3,6,0.000000358625,-0.2475
25,3,7,0.000000253287,-0.3145
25,3,8,-0.000000038726,0.1207
25,4,0,0.000000387706,-0.4939
25,4,1,0.000000433262,-0.4612
25,4,2,0.000000294209,-0.4458
25,4,3,-0.000000608659,0.5002
25,4,4,0.000002648231,1.0000
25,4,5,0.000000108787,-0.0954
25,4,6,-0.000002223763,0.7051
25,4,7,-0.000001299770,0.7417
25,4,8,0.000000259997,-0.3724
25,5,0,0.000000156195,-0.4622
25,5,1,0.000000198451,-0.4907
25,5,2,0.000000117796,-0.4146
25,5,3,-0.000000275945,0.5268
25,5,4,0.000000108787,-0.0954
25,5,5,0.000000490737,1.0000
25,5,6,-0.000000587766,0.4329
25,5,7,-0.000000346502,0.4593
25,5,8,0.000000138247,-0.4600
25,6,0,-0.000000874436,0.9354
25,6,1,-0.000001010457,0.9032
25,6,2,-0.000000729772,0.9286
25,6,3,0.000000358625,-0.2475
25,6,4,-0.000002223763,0.7051
25,6,5,-0.000000587766,0.4329
25,6,6,0.000003755705,1.0000
25,6,7,0.000002062420,-0.9882
25,6,8,-0.000000750557,0.9028
25,7,0,-0.000000475555,0.9154
25,7,1,-0.000000563905,0.9071
25,7,2,-0.000000392646,0.8991
25,7,3,0.000000253287,-0.3145
25,7,4,-0.000001299770,0.7417
25,7,5,-0.000000346502,0.4593
25,7,6,0.000002062420,-0.9882
25,7,7,0.000001159767,1.0000
25,7,8,-0.000000397095,0.8595
25,8,0,0.000000201071,-0.9716
25,8,1,0.000000232394,-0.9384
25,8,2,0.000000170632,-0.9808
25,8,3,-0.000000038726,0.1207
25,8,4,0.000000259997,-0.3724
25,8,5,0.000000138247,-0.4600
25,8,6,-0.000000750557,0.9028
25,8,7,-0.000000397095,0.8595
25,8,8,0.000000184038,1.0000
26,0,0,0.000000109090,1.0000
26,0,1,0.000000153183,-0.9631
26,0,2,0.000000094466,-0.9646
26,0,3,0.000000034704,-0.1345
26,0,4,-0.000000078271,0.1567
26,0,5,0.000000017040,-0.0850
26,0,6,-0.000000283642,0.7997
26,0,7,-0.000000153023,0.7350
26,0,8,0.000000106453,-0.9425
26,1,0,0.000000153183,-0.9631
26,1,1,0.000000231873,1.0000
26,1,2,0.000000133360,-0.9341
26,1,3,0.000000043204,-0.1149
26,1,4,-0.000000126275,0.1734
26,1,5,0.000000047955,-0.1640
26,1,6,-0.000000403230,0.7798
26,1,7,-0.000000229950,0.7575
26,1,8,0.000000149880,-0.9102
26,2,0,0.000000094466,-0.9646
26,2,1,0.000000133360,-0.9341
26,2,2,0.000000087909,1.0000
26,2,3,0.000000067775,-0.2926
26,2,4,-0.000000100633,0.2244
26,2,5,0.000000003686,-0.0205
26,2,6,-0.000000252577,0.7933
26,2,7,-0.000000131569,0.7039
26,2,8,0.000000097584,-0.9625
26,3,0,0.000000034704,-0.1345
26,3,1,0.000000043204,-0.1149
26,3,2,0.000000067775,-0.2926
26,3,3,0.000000610113,1.0000
26,3,4,-0.000000635107,0.5375
26,3,5,-0.000000213565,0.4503
26,3,6,-0.000000040485,0.0483
26,3,7,0.000000045782,-0.0930
26,3,8,0.000000087580,-0.3279
26,4,0,-0.000000078271,0.1567
26,4,1,-0.000000126275,0.1734
26,4,2,-0.000000100633,0.2244
26,4,3,-0.000000635107,0.5375
26,4,4,0.000002287994,1.0000
26,4,5,-0.000000196106,0.2135
26,4,6,-0.000000552324,0.3400
26,4,7,-0.000000416428,0.4367
26,4,8,-0.000000182850,0.3535
26,5,0,0.000000017040,-0.0850
26,5,1,0.000000047955,-0.1640
26,5,2,0.000000003686,-0.0205
26,5,3,-0.000000213565,0.4503
26,5,4,-0.000000196106,0.2135
26,5,5,0.000000368645,1.0000
26,5,6,-0.000000010106,0.0155
26,5,7,-0.000000035726,0.0933
26,5,8,0.000000018176,-0.0875
26,6,0,-0.000000283642,0.7997
26,6,1,-0.000000403230,0.7798
26,6,2,-0.000000252577,0.7933
26,6,3,-0.000000040485,0.0483
26,6,4,-0.000000552324,0.3400
26,6,5,-0.000000010106,0.0155
26,6,6,0.000001153192,1.0000
26,6,7,0.000000653229,-0.9650
26,6,8,-0.000000264057,0.7191
26,7,0,-0.000000153023,0.7350
26,7,1,-0.000000229950,0.7575
26,7,2,-0.000000131569,0.7039
26,7,3,0.000000045782,-0.0930
26,7,4,-0.000000416428,0.4367
26,7,5,-0.000000035726,0.0933
26,7,6,0.000000653229,-0.9650
26,7,7,0.000000397387,1.0000
26,7,8,-0.000000129702,0.6017
26,8,0,0.000000106453,-0.9425
26,8,1,0.000000149880,-0.9102
26,8,2,0.000000097584,-0.9625
26,8,3,0.000000087580,-0.3279
26,8,4,-0.000000182850,0.3535
26,8,5,0.000000018176,-0.0875
26,8,6,-0.000000264057,0.7191
26,8,7,-0.000000129702,0.6017
26,8,8,0.000000116934,1.0000
27,0,0,0.000000107037,1.0000
27,0,1,0.000000152321,-0.9628
27,0,2,0.000000091050,-0.9570
27,0,3,0.000000007591,-0.0281
27,0,4,-0.000000032528,0.0804
27,0,5,0.000000015380,-0.0737
27,0,6,-0.000000280286,0.7931
27,0,7,-0.000000159137,0.7830
27,0,8,0.000000098572,-0.9586
27,1,0,0.000000152321,-0.9628
27,1,1,0.000000233821,1.0000
27,1,2,0.000000129600,-0.9216
27,1,3,0.000000000281,-0.0007
27,1,4,-0.000000082545,0.1380
27,1,5,0.000000056855,-0.1843
27,1,6,-0.000000395167,0.7565
27,1,7,-0.000000236448,0.7872
27,1,8,0.000000141283,-0.9296
27,2,0,0.000000091050,-0.9570
27,2,1,0.000000129600,-0.9216
27,2,2,0.000000084567,1.0000
27,2,3,0.000000054432,-0.2265
27,2,4,-0.000000049216,0.1369
27,2,5,-0.000000008746,0.0471
27,2,6,-0.000000253698,0.8076
27,2,7,-0.000000137785,0.7628
27,2,8,0.000000089796,-0.9824
27,3,0,0.000000007591,-0.0281
27,3,1,0.000000000281,-0.0007
27,3,2,0.000000054432,-0.2265
27,3,3,0.000000682820,1.0000
27,3,4,-0.000000365922,0.3581
27,3,5,-0.000000366569,0.6952
27,3,6,-0.000000087061,0.0975
27,3,7,0.000000018711,-0.0365
27,3,8,0.000000055717,-0.2145
27,4,0,-0.000000032528,0.0804
27,4,1,-0.000000082545,0.1380
27,4,2,-0.000000049216,0.1369
27,4,3,-0.000000365922,0.3581
27,4,4,0.000001529112,1.0000
27,4,5,-0.000000057185,0.0725
27,4,6,-0.000000556415,0.4165
27,4,7,-0.000000321918,0.4191
27,4,8,-0.000000063384,0.1631
27,5,0,0.000000015380,-0.0737
27,5,1,0.000000056855,-0.1843
27,5,2,-0.000000008746,0.0471
27,5,3,-0.000000366569,0.6952
27,5,4,-0.000000057185,0.0725
27,5,5,0.000000407184,1.0000
27,5,6,0.000000020263,-0.0294
27,5,7,-0.000000057006,0.1438
27,5,8,-0.000000010176,0.0507
27,6,0,-0.000000280286,0.7931
27,6,1,-0.000000395167,0.7565
27,6,2,-0.000000253698,0.8076
27,6,3,-0.000000087061,0.0975
27,6,4,-0.000000556415,0.4165
27,6,5,0.000000020263,-0.0294
27,6,6,0.000001166884,1.0000
27,6,7,0.000000651896,-0.9715
27,6,8,-0.000000266415,0.7847
27,7,0,-0.000000159137,0.7830
27,7,1,-0.000000236448,0.7872
27,7,2,-0.000000137785,0.7628
27,7,3,0.000000018711,-0.0365
27,7,4,-0.000000321918,0.4191
27,7,5,-0.000000057006,0.1438
27,7,6,0.000000651896,-0.9715
27,7,7,0.000000385865,1.0000
27,7,8,-0.000000144176,0.7385
27,8,0,0.000000098572,-0.9586
27,8,1,0.000000141283,-0.9296
27,8,2,0.000000089796,-0.9824
27,8,3,0.000000055717,-0.2145
27,8,4,-0.000000063384,0.1631
27,8,5,-0.000000010176,0.0507
27,8,6,-0.000000266415,0.7847
27,8,7,-0.000000144176,0.7385
27,8,8,0.000000098785,1.0000
28,0,0,0.000000105640,1.0000
28,0,1,0.000000150194,-0.9621
28,0,2,0.000000095365,-0.9558
28,0,3,0.000000041003,-0.1400
28,0,4,-0.000000047170,0.1157
28,0,5,0.000000011677,-0.0550
28,0,6,-0.000000291265,0.8127
28,0,7,-0.000000166935,0.8126
28,0,8,0.000000101490,-0.9550
28,1,0,0.000000150194,-0.9621
28,1,1,0.000000230703,1.0000
28,1,2,0.000000134515,-0.9123
28,1,3,0.000000040634,-0.0939
28,1,4,-0.000000099974,0.1659
28,1,5,0.000000053083,-0.1692
28,1,6,-0.000000407869,0.7701
28,1,7,-0.000000245711,0.8094
28,1,8,0.000000144425,-0.9196
28,2,0,0.000000095365,-0.9558
28,2,1,0.000000134515,-0.9123
28,2,2,0.000000094241,1.0000
28,2,3,0.000000097326,-0.3519
28,2,4,-0.000000071557,0.1858
28,2,5,-0.000000023256,0.1160
28,2,6,-0.000000275545,0.8140
28,2,7,-0.000000149953,0.7728
28,2,8,0.000000098864,-0.9850
28,3,0,0.000000041003,-0.1400
28,3,1,0.000000040634,-0.0939
28,3,2,0.000000097326,-0.3519
28,3,3,0.000000811708,1.0000
28,3,4,-0.000000444914,0.3936
28,3,5,-0.000000442818,0.7525
28,3,6,-0.000000178648,0.1798
28,3,7,-0.000000025067,0.0440
28,3,8,0.000000100775,-0.3421
28,4,0,-0.000000047170,0.1157
28,4,1,-0.000000099974,0.1659
28,4,2,-0.000000071557,0.1858
28,4,3,-0.000000444914,0.3936
28,4,4,0.000001574139,1.0000
28,4,5,-0.000000019772,0.0241
28,4,6,-0.000000507688,0.3670
28,4,7,-0.000000297148,0.3747
28,4,8,-0.000000085916,0.2094
28,5,0,0.000000011677,-0.0550
28,5,1,0.000000053083,-0.1692
28,5,2,-0.000000023256,0.1160
28,5,3,-0.000000442818,0.7525
28,5,4,-0.000000019772,0.0241
28,5,5,0.000000426640,1.0000
28,5,6,0.000000054062,-0.0751
28,5,7,-0.000000036778,0.0891
28,5,8,-0.000000022839,0.1069
28,6,0,-0.000000291265,0.8127
28,6,1,-0.000000407869,0.7701
28,6,2,-0.000000275545,0.8140
28,6,3,-0.000000178648,0.1798
28,6,4,-0.000000507688,0.3670
28,6,5,0.000000054062,-0.0751
28,6,6,0.000001215769,1.0000
28,6,7,0.000000678498,-0.9736
28,6,8,-0.000000287314,0.7970
28,7,0,-0.000000166935,0.8126
28,7,1,-0.000000245711,0.8094
28,7,2,-0.000000149953,0.7728
28,7,3,-0.000000025067,0.0440
28,7,4,-0.000000297148,0.3747
28,7,5,-0.000000036778,0.0891
28,7,6,0.000000678498,-0.9736
28,7,7,0.000000399481,1.0000
28,7,8,-0.000000156388,0.7568
28,8,0,0.000000101490,-0.9550
28,8,1,0.000000144425,-0.9196
28,8,2,0.000000098864,-0.9850
28,8,3,0.000000100775,-0.3421
28,8,4,-0.000000085916,0.2094
28,8,5,-0.000000022839,0.1069
28,8,6,-0.000000287314,0.7970
28,8,7,-0.000000156388,0.7568
28,8,8,0.000000106904,1.0000
29,0,0,0.000000109213,1.0000
29,0,1,0.000000169775,-0.9589
29,0,2,0.000000091750,-0.9717
29,0,3,-0.000000036927,0.1941
29,0,4,0.000000044651,-0.1196
29,0,5,0.000000086944,-0.4421
29,0,6,-0.000000346632,0.8352
29,0,7,-0.000000216614,0.8480
29,0,8,0.000000097841,-0.9708
29,1,0,0.000000169775,-0.9589
29,1,1,0.000000287052,1.0000
29,1,2,0.000000143494,-0.9374
29,1,3,-0.000000053161,0.1723
29,1,4,0.000000035287,-0.0583
29,1,5,0.000000174903,-0.5485
29,1,6,-0.000000552239,0.8207
29,1,7,-0.000000359497,0.8681
29,1,8,0.000000154386,-0.9448
29,2,0,0.000000091750,-0.9717
29,2,1,0.000000143494,-0.9374
29,2,2,0.000000081627,1.0000
29,2,3,-0.000000012154,0.0739
29,2,4,0.000000043450,-0.1346
29,2,5,0.000000064831,-0.3813
29,2,6,-0.000000309396,0.8623
29,2,7,-0.000000189228,0.8569
29,2,8,0.000000085625,-0.9827
29,3,0,-0.000000036927,0.1941
29,3,1,-0.000000053161,0.1723
29,3,2,-0.000000012154,0.0739
29,3,3,0.000000331506,1.0000
29,3,4,-0.000000041005,0.0630
29,3,5,-0.000000183327,0.5350
29,3,6,-0.000000011345,0.0157
29,3,7,0.000000022016,-0.0495
29,3,8,-0.000000015604,0.0889
29,4,0,0.000000044651,-0.1196
29,4,1,0.000000035287,-0.0583
29,4,2,0.000000043450,-0.1346
29,4,3,-0.000000041005,0.0630
29,4,4,0.000001276951,1.0000
29,4,5,-0.000000184338,0.2741
29,4,6,-0.000000782061,0.5511
29,4,7,-0.000000429588,0.4918
29,4,8,0.000000036652,-0.1064
29,5,0,0.000000086944,-0.4421
29,5,1,0.000000174903,-0.5485
29,5,2,0.000000064831,-0.3813
29,5,3,-0.000000183327,0.5350
29,5,4,-0.000000184338,0.2741
29,5,5,0.000000354183,1.0000
29,5,6,-0.000000205010,0.2743
29,5,7,-0.000000179381,0.3900
29,5,8,0.000000071195,-0.3923
29,6,0,-0.000000346632,0.8352
29,6,1,-0.000000552239,0.8207
29,6,2,-0.000000309396,0.8623
29,6,3,-0.000000011345,0.0157
29,6,4,-0.000000782061,0.5511
29,6,5,-0.000000205010,0.2743
29,6,6,0.000001577273,1.0000
29,6,7,0.000000953695,-0.9825
29,6,8,-0.000000324285,0.8466
29,7,0,-0.000000216614,0.8480
29,7,1,-0.000000359497,0.8681
29,7,2,-0.000000189228,0.8569
29,7,3,0.000000022016,-0.0495
29,7,4,-0.000000429588,0.4918
29,7,5,-0.000000179381,0.3900
29,7,6,0.000000953695,-0.9825
29,7,7,0.000000597419,1.0000
29,7,8,-0.000000198823,0.8434
29,8,0,0.000000097841,-0.9708
29,8,1,0.000000154386,-0.9448
29,8,2,0.000000085625,-0.9827
29,8,3,-0.000000015604,0.0889
29,8,4,0.000000036652,-0.1064
29,8,5,0.000000071195,-0.3923
29,8,6,-0.000000324285,0.8466
29,8,7,-0.000000198823,0.8434
29,8,8,0.000000093013,1.0000
30,0,0,0.000000113999,1.0000
30,0,1,0.000000163914,-0.9090
30,0,2,0.000000092788,-0.9609
30,0,3,-0.000000069646,0.2913
30,0,4,0.000000082409,-0.1974
30,0,5,0.000000078372,-0.5221
30,0,6,-0.000000344840,0.8132
30,0,7,-0.000000216415,0.8317
30,0,8,0.000000099418,-0.9646
30,1,0,0.000000163914,-0.9090
30,1,1,0.000000285239,1.0000
30,1,2,0.000000142893,-0.9355
30,1,3,0.000000008873,-0.0235
30,1,4,0.000000009264,-0.0140
30,1,5,0.000000146085,-0.6153
30,1,6,-0.000000556313,0.8293
30,1,7,-0.000000354161,0.8604
30,1,8,0.000000154206,-0.9458
30,2,0,0.000000092788,-0.9609
30,2,1,0.000000142893,-0.9355
30,2,2,0.000000081803,1.0000
30,2,3,-0.000000020889,0.1031
30,2,4,0.000000050136,-0.1417
30,2,5,0.000000065900,-0.5183
30,2,6,-0.000000308867,0.8598
30,2,7,-0.000000189600,0.8602
30,2,8,0.000000085837,-0.9831
30,3,0,-0.000000069646,0.2913
30,3,1,0.000000008873,-0.0235
30,3,2,-0.000000020889,0.1031
30,3,3,0.000000501569,1.0000
30,3,4,-0.000000348544,0.3980
30,3,5,-0.000000028703,0.0912
30,3,6,-0.000000019013,0.0214
30,3,7,0.000000007022,-0.0129
30,3,8,-0.000000030669,0.1419
30,4,0,0.000000082409,-0.1974
30,4,1,0.000000009264,-0.0140
30,4,2,0.000000050136,-0.1417
30,4,3,-0.000000348544,0.3980
30,4,4,0.000001529380,1.0000
30,4,5,-0.000000163546,0.2975
30,4,6,-0.000000763692,0.4917
30,4,7,-0.000000440564,0.4622
30,4,8,0.000000045157,-0.1196
30,5,0,0.000000078372,-0.5221
30,5,1,0.000000146085,-0.6153
30,5,2,0.000000065900,-0.5183
30,5,3,-0.000000028703,0.0912
30,5,4,-0.000000163546,0.2975
30,5,5,0.000000197632,1.0000
30,5,6,-0.000000216435,0.3876
30,5,7,-0.000000155337,0.4534
30,5,8,0.000000076032,-0.5602
30,6,0,-0.000000344840,0.8132
30,6,1,-0.000000556313,0.8293
30,6,2,-0.000000308867,0.8598
30,6,3,-0.000000019013,0.0214
30,6,4,-0.000000763692,0.4917
30,6,5,-0.000000216435,0.3876
30,6,6,0.000001577552,1.0000
30,6,7,0.000000954936,-0.9865
30,6,8,-0.000000323328,0.8433
30,7,0,-0.000000216415,0.8317
30,7,1,-0.000000354161,0.8604
30,7,2,-0.000000189600,0.8602
30,7,3,0.000000007022,-0.0129
30,7,4,-0.000000440564,0.4622
30,7,5,-0.000000155337,0.4534
30,7,6,0.000000954936,-0.9865
30,7,7,0.000000593964,1.0000
30,7,8,-0.000000199845,0.8494
30,8,0,0.000000099418,-0.9646
30,8,1,0.000000154206,-0.9458
30,8,2,0.000000085837,-0.9831
30,8,3,-0.000000030669,0.1419
30,8,4,0.000000045157,-0.1196
30,8,5,0.000000076032,-0.5602
30,8,6,-0.000000323328,0.8433
30,8,7,-0.000000199845,0.8494
30,8,8,0.000000093191,1.0000
31,0,0,0.000000143677,1.0000
31,0,1,0.000000247052,-0.9416
31,0,2,0.000000133833,-0.9611
31,0,3,0.000000073586,-0.2063
31,0,4,0.000000029783,-0.0767
31,0,5,0.000000150646,-0.7680
31,0,6,-0.000000555199,0.8434
31,0,7,-0.000000355239,0.8531
31,0,8,0.000000131861,-0.9760
31,1,0,0.000000247052,-0.9416
31,1,1,0.000000479166,1.0000
31,1,2,0.000000246001,-0.9674
31,1,3,0.000000300743,-0.4616
31,1,4,0.000000011358,-0.0160
31,1,5,0.000000284325,-0.7937
31,1,6,-0.000001100519,0.9154
31,1,7,-0.000000705308,0.9275
31,1,8,0.000000237182,-0.9613
31,2,0,0.000000133833,-0.9611
31,2,1,0.000000246001,-0.9674
31,2,2,0.000000134951,1.0000
31,2,3,0.000000143882,-0.4161
31,2,4,0.000000022904,-0.0609
31,2,5,0.000000146290,-0.7695
31,2,6,-0.000000586062,0.9186
31,2,7,-0.000000370096,0.9171
31,2,8,0.000000128297,-0.9798
31,3,0,0.000000073586,-0.2063
31,3,1,0.000000300743,-0.4616
31,3,2,0.000000143882,-0.4161
31,3,3,0.000000885907,1.0000
31,3,4,-0.000000182950,0.1898
31,3,5,0.000000139873,-0.2872
31,3,6,-0.000000907720,0.5553
31,3,7,-0.000000557031,0.5387
31,3,8,0.000000103711,-0.3091
31,4,0,0.000000029783,-0.0767
31,4,1,0.000000011358,-0.0160
31,4,2,0.000000022904,-0.0609
31,4,3,-0.000000182950,0.1898
31,4,4,0.000001049127,1.0000
31,4,5,-0.000000045323,0.0855
31,4,6,-0.000000563648,0.3168
31,4,7,-0.000000339223,0.3015
31,4,8,0.000000017973,-0.0492
31,5,0,0.000000150646,-0.7680
31,5,1,0.000000284325,-0.7937
31,5,2,0.000000146290,-0.7695
31,5,3,0.000000139873,-0.2872
31,5,4,-0.000000045323,0.0855
31,5,5,0.000000267804,1.0000
31,5,6,-0.000000654418,0.7281
31,5,7,-0.000000431203,0.7585
31,5,8,0.000000142005,-0.7698
31,6,0,-0.000000555199,0.8434
31,6,1,-0.000001100519,0.9154
31,6,2,-0.000000586062,0.9186
31,6,3,-0.000000907720,0.5553
31,6,4,-0.000000563648,0.3168
31,6,5,-0.000000654418,0.7281
31,6,6,0.000003016439,1.0000
31,6,7,0.000001895265,-0.9934
31,6,8,-0.000000544138,0.8790
31,7,0,-0.000000355239,0.8531
31,7,1,-0.000000705308,0.9275
31,7,2,-0.000000370096,0.9171
31,7,3,-0.000000557031,0.5387
31,7,4,-0.000000339223,0.3015
31,7,5,-0.000000431203,0.7585
31,7,6,0.000001895265,-0.9934
31,7,7,0.000001206779,1.0000
31,7,8,-0.000000343943,0.8784
31,8,0,0.000000131861,-0.9760
31,8,1,0.000000237182,-0.9613
31,8,2,0.000000128297,-0.9798
31,8,3,0.000000103711,-0.3091
31,8,4,0.000000017973,-0.0492
31,8,5,0.000000142005,-0.7698
31,8,6,-0.000000544138,0.8790
31,8,7,-0.000000343943,0.8784
31,8,8,0.000000127052,1.0000
32,0,0,0.000000585851,1.0000
32,0,1,0.000001084412,-0.9896
32,0,2,0.000000568219,-0.9916
32,0,3,0.000000266886,-0.3945
32,0,4,0.000000486995,-0.5220
32,0,5,0.000000471860,-0.9008
32,0,6,-0.000002445105,0.9651
32,0,7,-0.000001598220,0.9685
32,0,8,0.000000579102,-0.9942
32,1,0,0.000001084412,-0.9896
32,1,1,0.000002049850,1.0000
32,1,2,0.000001064384,-0.9930
32,1,3,0.000000613446,-0.4848
32,1,4,0.000000900454,-0.5159
32,1,5,0.000000870400,-0.8883
32,1,6,-0.000004633994,0.9778
32,1,7,-0.000003031117,0.9819
32,1,8,0.000001082164,-0.9932
32,2,0,0.000000568219,-0.9916
32,2,1,0.000001064384,-0.9930
32,2,2,0.000000560499,1.0000
32,2,3,0.000000318793,-0.4818
32,2,4,0.000000478594,-0.5244
32,2,5,0.000000455606,-0.8892
32,2,6,-0.000002429901,0.9805
32,2,7,-0.000001583301,0.9809
32,2,8,0.000000567106,-0.9954
32,3,0,0.000000266886,-0.3945
32,3,1,0.000000613446,-0.4848
32,3,2,0.000000318793,-0.4818
32,3,3,0.000000781233,1.0000
32,3,4,0.000000099394,-0.0923
32,3,5,0.000000201521,-0.3332
32,3,6,-0.000001572593,0.5375
32,3,7,-0.000001000914,0.5252
32,3,8,0.000000292234,-0.4345
32,4,0,0.000000486995,-0.5220
32,4,1,0.000000900454,-0.5159
32,4,2,0.000000478594,-0.5244
32,4,3,0.000000099394,-0.0923
32,4,4,0.000001485936,1.0000
32,4,5,0.000000321156,-0.3850
32,4,6,-0.000002588150,0.6414
32,4,7,-0.000001667850,0.6346
32,4,8,0.000000483472,-0.5212
32,5,0,0.000000471860,-0.9008
32,5,1,0.000000870400,-0.8883
32,5,2,0.000000455606,-0.8892
32,5,3,0.000000201521,-0.3332
32,5,4,0.000000321156,-0.3850
32,5,5,0.000000468345,1.0000
32,5,6,-0.000001960152,0.8653
32,5,7,-0.000001292725,0.8761
32,5,8,0.000000463988,-0.8909
32,6,0,-0.000002445105,0.9651
32,6,1,-0.000004633994,0.9778
32,6,2,-0.000002429901,0.9805
32,6,3,-0.000001572593,0.5375
32,6,4,-0.000002588150,0.6414
32,6,5,-0.000001960152,0.8653
32,6,6,0.000010956562,1.0000
32,6,7,0.000007123068,-0.9981
32,6,8,-0.000002449736,0.9725
32,7,0,-0.000001598220,0.9685
32,7,1,-0.000003031117,0.9819
32,7,2,-0.000001583301,0.9809
32,7,3,-0.000001000914,0.5252
32,7,4,-0.000001667850,0.6346
32,7,5,-0.000001292725,0.8761
32,7,6,0.000007123068,-0.9981
32,7,7,0.000004648547,1.0000
32,7,8,-0.000001597489,0.9736
32,8,0,0.000000579102,-0.9942
32,8,1,0.000001082164,-0.9932
32,8,2,0.000000567106,-0.9954
32,8,3,0.000000292234,-0.4345
32,8,4,0.000000483472,-0.5212
32,8,5,0.000000463988,-0.8909
32,8,6,-0.000002449736,0.9725
32,8,7,-0.000001597489,0.9736
32,8,8,0.000000579159,1.0000
33,0,0,0.000000164580,1.0000
33,0,1,0.000000312557,-0.9422
33,0,2,0.000000139896,-0.9657
33,0,3,-0.000000006024,0.0189
33,0,4,0.000000240511,-0.4589
33,0,5,0.000000054631,-0.4273
33,0,6,-0.000000654244,0.8625
33,0,7,-0.000000416277,0.8692
33,0,8,0.000000164368,-0.9766
33,1,0,0.000000312557,-0.9422
33,1,1,0.000000668590,1.0000
33,1,2,0.000000270503,-0.9264
33,1,3,0.000000133381,-0.2077
33,1,4,0.000000552664,-0.5232
33,1,5,0.000000067805,-0.2632
33,1,6,-0.000001423684,0.9312
33,1,7,-0.000000910504,0.9432
33,1,8,0.000000328686,-0.9690
33,2,0,0.000000139896,-0.9657
33,2,1,0.000000270503,-0.9264
33,2,2,0.000000127524,1.0000
33,2,3,0.000000035797,-0.1277
33,2,4,0.000000199279,-0.4320
33,2,5,0.000000041941,-0.3727
33,2,6,-0.000000589454,0.8828
33,2,7,-0.000000369144,0.8756
33,2,8,0.000000143659,-0.9697
33,3,0,-0.000000006024,0.0189
33,3,1,0.000000133381,-0.2077
33,3,2,0.000000035797,-0.1277
33,3,3,0.000000616533,1.0000
33,3,4,0.000000002636,-0.0026
33,3,5,-0.000000091889,0.3714
33,3,6,-0.000000455409,0.3102
33,3,7,-0.000000262464,0.2831
33,3,8,0.000000027439,-0.0842
33,4,0,0.000000240511,-0.4589
33,4,1,0.000000552664,-0.5232
33,4,2,0.000000199279,-0.4320
33,4,3,0.000000002636,-0.0026
33,4,4,0.000001668977,1.0000
33,4,5,-0.000000043206,0.1061
33,4,6,-0.000001763861,0.7302
33,4,7,-0.000001117989,0.7330
33,4,8,0.000000260990,-0.4870
33,5,0,0.000000054631,-0.4273
33,5,1,0.000000067805,-0.2632
33,5,2,0.000000041941,-0.3727
33,5,3,-0.000000091889,0.3714
33,5,4,-0.000000043206,0.1061
33,5,5,0.000000099301,1.0000
33,5,6,-0.000000104340,0.1771
33,5,7,-0.000000070062,0.1883
33,5,8,0.000000045820,-0.3505
33,6,0,-0.000000654244,0.8625
33,6,1,-0.000001423684,0.9312
33,6,2,-0.000000589454,0.8828
33,6,3,-0.000000455409,0.3102
33,6,4,-0.000001763861,0.7302
33,6,5,-0.000000104340,0.1771
33,6,6,0.000003496136,1.0000
33,6,7,0.000002195300,-0.9945
33,6,8,-0.000000700445,0.9030
33,7,0,-0.000000416277,0.8692
33,7,1,-0.000000910504,0.9432
33,7,2,-0.000000369144,0.8756
33,7,3,-0.000000262464,0.2831
33,7,4,-0.000001117989,0.7330
33,7,5,-0.000000070062,0.1883
33,7,6,0.000002195300,-0.9945
33,7,7,0.000001393760,1.0000
33,7,8,-0.000000442620,0.9037
33,8,0,0.000000164368,-0.9766
33,8,1,0.000000328686,-0.9690
33,8,2,0.000000143659,-0.9697
33,8,3,0.000000027439,-0.0842
33,8,4,0.000000260990,-0.4870
33,8,5,0.000000045820,-0.3505
33,8,6,-0.000000700445,0.9030
33,8,7,-0.000000442620,0.9037
33,8,8,0.000000172104,1.0000
34,0,0,0.000000096758,1.0000
34,0,1,0.000000142293,-0.8753
34,0,2,0.000000104332,-0.9375
34,0,3,-0.000000134795,0.4657
34,0,4,0.000000188479,-0.4744
34,0,5,0.000000036853,-0.3845
34,0,6,-0.000000353318,0.7582
34,0,7,-0.000000187339,0.6834
34,0,8,0.000000106737,-0.9495
34,1,0,0.000000142293,-0.8753
34,1,1,0.000000273139,1.0000
34,1,2,0.000000156494,-0.8370
34,1,3,-0.000000064189,0.1320
34,1,4,0.000000429938,-0.6441
34,1,5,0.000000020007,-0.1242
34,1,6,-0.000000719889,0.9194
34,1,7,-0.000000406353,0.8822
34,1,8,0.000000168559,-0.8925
34,2,0,0.000000104332,-0.9375
34,2,1,0.000000156494,-0.8370
34,2,2,0.000000127989,1.0000
34,2,3,-0.000000128896,0.3872
34,2,4,0.000000165887,-0.3631
34,2,5,0.000000035067,-0.3181
34,2,6,-0.000000391721,0.7309
34,2,7,-0.000000194532,0.6170
34,2,8,0.000000125379,-0.9698
34,3,0,-0.000000134795,0.4657
34,3,1,-0.000000064189,0.1320
34,3,2,-0.000000128896,0.3872
34,3,3,0.000000866021,1.0000
34,3,4,-0.000000065112,0.0548
34,3,5,-0.000000138092,0.4816
34,3,6,-0.000000087076,0.0625
34,3,7,-0.000000105175,0.1282
34,3,8,-0.000000142685,0.4243
34,4,0,0.000000188479,-0.4744
34,4,1,0.000000429938,-0.6441
34,4,2,0.000000165887,-0.3631
34,4,3,-0.000000065112,0.0548
34,4,4,0.000001631009,1.0000
34,4,5,-0.000000057628,0.1464
34,4,6,-0.000001545752,0.8079
34,4,7,-0.000000959782,0.8527
34,4,8,0.000000212961,-0.4614
34,5,0,0.000000036853,-0.3845
34,5,1,0.000000020007,-0.1242
34,5,2,0.000000035067,-0.3181
34,5,3,-0.000000138092,0.4816
34,5,4,-0.000000057628,0.1464
34,5,5,0.000000094954,1.0000
34,5,6,-0.000000020343,0.0441
34,5,7,-0.000000003061,0.0113
34,5,8,0.000000032243,-0.2895
34,6,0,-0.000000353318,0.7582
34,6,1,-0.000000719889,0.9194
34,6,2,-0.000000391721,0.7309
34,6,3,-0.000000087076,0.0625
34,6,4,-0.000001545752,0.8079
34,6,5,-0.000000020343,0.0441
34,6,6,0.000002244375,1.0000
34,6,7,0.000001293511,-0.9797
34,6,8,-0.000000419788,0.7754
34,7,0,-0.000000187339,0.6834
34,7,1,-0.000000406353,0.8822
34,7,2,-0.000000194532,0.6170
34,7,3,-0.000000105175,0.1282
34,7,4,-0.000000959782,0.8527
34,7,5,-0.000000003061,0.0113
34,7,6,0.000001293511,-0.9797
34,7,7,0.000000776727,1.0000
34,7,8,-0.000000213997,0.6719
34,8,0,0.000000106737,-0.9495
34,8,1,0.000000168559,-0.8925
34,8,2,0.000000125379,-0.9698
34,8,3,-0.000000142685,0.4243
34,8,4,0.000000212961,-0.4614
34,8,5,0.000000032243,-0.2895
34,8,6,-0.000000419788,0.7754
34,8,7,-0.000000213997,0.6719
34,8,8,0.000000130591,1.0000
35,0,0,0.000000087414,1.0000
35,0,1,0.000000150648,-0.9542
35,0,2,0.000000090940,-0.9303
35,0,3,-0.000000046288,0.3465
35,0,4,0.000000242272,-0.6404
35,0,5,0.000000022622,-0.2742
35,0,6,-0.000000407976,0.9214
35,0,7,-0.000000233798,0.9217
35,0,8,0.000000094167,-0.9408
35,1,0,0.000000150648,-0.9542
35,1,1,0.000000285132,1.0000
35,1,2,0.000000165286,-0.9362
35,1,3,-0.000000084731,0.3512
35,1,4,0.000000460232,-0.6736
35,1,5,0.000000023273,-0.1562
35,1,6,-0.000000749717,0.9375
35,1,7,-0.000000425688,0.9292
35,1,8,0.000000175565,-0.9712
35,2,0,0.000000090940,-0.9303
35,2,1,0.000000165286,-0.9362
35,2,2,0.000000109315,1.0000
35,2,3,-0.000000011630,0.0779
35,2,4,0.000000230165,-0.5441
35,2,5,0.000000016217,-0.1758
35,2,6,-0.000000457187,0.9233
35,2,7,-0.000000251162,0.8854
35,2,8,0.000000108057,-0.9654
35,3,0,-0.000000046288,0.3465
35,3,1,-0.000000084731,0.3512
35,3,2,-0.000000011630,0.0779
35,3,3,0.000000204100,1.0000
35,3,4,-0.000000338640,0.5858
35,3,5,-0.000000031770,0.2520
35,3,6,0.000000193716,-0.2863
35,3,7,0.000000151616,-0.3912
35,3,8,-0.000000036372,0.2378
35,4,0,0.000000242272,-0.6404
35,4,1,0.000000460232,-0.6736
35,4,2,0.000000230165,-0.5441
35,4,3,-0.000000338640,0.5858
35,4,4,0.000001637062,1.0000
35,4,5,-0.000000013794,0.0386
35,4,6,-0.000001548065,0.8079
35,4,7,-0.000000937506,0.8540
35,4,8,0.000000268274,-0.6194
35,5,0,0.000000022622,-0.2742
35,5,1,0.000000023273,-0.1562
35,5,2,0.000000016217,-0.1758
35,5,3,-0.000000031770,0.2520
35,5,4,-0.000000013794,0.0386
35,5,5,0.000000077876,1.0000
35,5,6,-0.000000065344,0.1564
35,5,7,-0.000000044236,0.1848
35,5,8,0.000000015156,-0.1604
35,6,0,-0.000000407976,0.9214
35,6,1,-0.000000749717,0.9375
35,6,2,-0.000000457187,0.9233
35,6,3,0.000000193716,-0.2863
35,6,4,-0.000001548065,0.8079
35,6,5,-0.000000065344,0.1564
35,6,6,0.000002242873,1.0000
35,6,7,0.000001267897,-0.9867
35,6,8,-0.000000476198,0.9393
35,7,0,-0.000000233798,0.9217
35,7,1,-0.000000425688,0.9292
35,7,2,-0.000000251162,0.8854
35,7,3,0.000000151616,-0.3912
35,7,4,-0.000000937506,0.8540
35,7,5,-0.000000044236,0.1848
35,7,6,0.000001267897,-0.9867
35,7,7,0.000000736131,1.0000
35,7,8,-0.000000263254,0.9064
35,8,0,0.000000094167,-0.9408
35,8,1,0.000000175565,-0.9712
35,8,2,0.000000108057,-0.9654
35,8,3,-0.000000036372,0.2378
35,8,4,0.000000268274,-0.6194
35,8,5,0.000000015156,-0.1604
35,8,6,-0.000000476198,0.9393
35,8,7,-0.000000263254,0.9064
35,8,8,0.000000114604,1.0000
