t_idx,node_idx,net_flux_q,velocity_v,acceleration_a,inertia_M,viscosity_C,external_force_F
0,0,-3618279.6200,0.0000,0.0000,3618279.6200,0.0000,0.0000
0,1,1168062.7500,0.0000,0.0000,1168062.7500,0.0000,0.0000
0,2,243086.7700,0.0000,0.0000,243086.7700,0.0000,0.0000
0,3,-214549.9000,0.0000,0.0000,214549.9000,0.0000,0.0000
0,4,4856280.8200,0.0000,0.0000,4856280.8200,0.0000,0.0000
0,5,326815.8400,0.0000,0.0000,326815.8400,0.0000,0.0000
0,6,-23737.3000,0.0000,0.0000,23737.3000,0.0000,0.0000
0,7,1255275.3700,0.0000,0.0000,1255275.3700,0.0000,0.0000
0,8,-1095242.1500,0.0000,0.0000,1095242.1500,0.0000,0.0000
0,9,-2897712.5800,0.0000,0.0000,2897712.5800,0.0000,0.0000
1,0,-7795357.1700,-4177077.5500,0.0000,5706818.3950,0.0000,-2.0000
1,1,179222.8700,-988839.8800,0.0000,673642.8100,0.0000,-2.0000
1,2,-3746925.8600,-3990012.6300,0.0000,1995006.3150,0.0000,-2.0000
1,3,-350047.7000,-135497.8000,0.0000,282298.8000,0.0000,-2.0000
1,4,-532740.9200,-5389021.7400,0.0000,2694510.8700,0.0000,-2.0000
1,5,911901.1600,585085.3200,0.0000,619358.5000,0.0000,2.0000
1,6,1205434.4800,1229171.7800,0.0000,614585.8900,0.0000,2.0000
1,7,7774306.0100,6519030.6400,0.0000,4514790.6900,0.0000,2.0000
1,8,550405.0900,1645647.2400,0.0000,822823.6200,0.0000,2.0000
1,9,1803802.0400,4701514.6200,0.0000,2350757.3100,0.0000,2.0000
2,0,2572704.6500,10368061.8200,14545139.3700,4662113.8133,0.0000,67811095173737.2031
2,1,344245.3000,165022.4300,1153862.3100,563843.6400,0.0000,650597924929.5320
2,2,7359903.2300,11106829.0900,15096841.7200,3783305.2867,0.0000,57115961091247.6406
2,3,-3267833.1500,-2917785.4500,-2782287.6500,1277476.9167,0.0000,-3554308248403.9155
2,4,-3168335.0300,-2635594.1100,2753427.6300,2852452.2567,0.0000,7854020856760.6533
2,5,-1131515.2400,-2043416.4000,-2628501.7200,790077.4133,0.0000,-2076719839881.6279
2,6,-1420739.4200,-2626173.9000,-3855345.6800,883303.7333,0.0000,-3405441232436.1846
2,7,-1283119.5700,-9057425.5800,-15576456.2200,3437566.9833,0.0000,-53545111619210.5312
2,8,-1254743.5000,-1805148.5900,-3450795.8300,966796.9133,0.0000,-3336218756988.8286
2,9,1249432.7300,-554369.3100,-5255883.9300,1983649.1167,0.0000,-10425829515047.2578
3,0,-1888461.6000,-4461166.2500,-14829228.0700,3968700.7600,0.0000,-58852768711623.0703
3,1,90301.1600,-253944.1400,-418966.5700,445458.0200,0.0000,-186632018718.9673
3,2,-1425736.0100,-8785639.2400,-19892468.3300,3193912.9675,0.0000,-63534812554771.2578
3,3,1864327.5100,5132160.6600,8049946.1100,1424189.5650,0.0000,11464649248676.1035
3,4,926392.0200,4094727.0500,6730321.1600,2370937.1975,0.0000,15957168789366.5371
3,5,1131621.1900,2263136.4300,4306552.8300,875463.3575,0.0000,3770229199804.3940
3,6,3027023.3500,4447762.7700,7073936.6700,1419233.6375,0.0000,10039568871610.5098
3,7,-2158942.1300,-875822.5600,8181603.0200,3117910.7700,0.0000,25509508171922.3555
3,8,-1602160.9000,-347417.4000,1457731.1900,1125637.9100,0.0000,1640877490053.1362
3,9,35635.4100,-1213797.3200,-659428.0100,1496645.6900,0.0000,-986930089032.2942
4,0,1246805.8900,3135267.4900,7596433.7400,3424321.7860,0.0000,26012633551788.0352
4,1,-1083.1100,-91384.2700,162559.8700,356583.0380,0.0000,57966092301.2573
4,2,2364853.4800,3790589.4900,12576228.7300,3028101.0700,0.0000,38082091673878.2891
4,3,-3280606.0900,-5144933.6000,-10277094.2600,1795472.8700,0.0000,-18452243926264.2148
4,4,811164.9600,-115227.0600,-4209954.1100,2058982.7500,0.0000,-8668222890781.6484
4,5,-55.2900,-1131676.4800,-3394812.9100,700381.7440,0.0000,-2377664986460.2808
4,6,-5536859.0800,-8563882.4300,-13011645.2000,2242758.7260,0.0000,-29181980811918.0039
4,7,-90739.4900,2068202.6400,2944025.2000,2512476.5140,0.0000,7396794171624.5576
4,8,2477266.6500,4079427.5500,4426844.9500,1395963.6580,0.0000,6179714669802.8652
4,9,2009252.0800,1973616.6700,3187413.9900,1599166.9680,0.0000,5097207166149.9990
5,0,3660358.2600,2413552.3700,-721715.1200,3463661.1983,0.0000,-2499776657394.0151
5,1,-2600193.5300,-2599110.4200,-2507726.1500,730518.1200,0.0000,-1831939392575.5608
5,2,-1426294.4600,-3791147.9400,-7581737.4300,2761133.3017,0.0000,-20934187702466.2344
5,3,-413189.1600,2867416.9300,8012350.5300,1565092.2517,0.0000,12540067732141.1504
5,4,236569.5600,-574595.4000,-459368.3400,1755247.2183,0.0000,-806305000975.6007
5,5,-674884.0300,-674828.7400,456847.7400,696132.1250,0.0000,318026388047.1544
5,6,5537229.3400,11074088.4200,19637970.8500,2791837.1617,0.0000,54826016798758.6016
5,7,-2491505.7100,-2400766.2200,-4468968.8600,2508981.3800,0.0000,-11212559657540.3320
5,8,4414846.4000,1937579.7500,-2141847.8000,1899110.7817,0.0000,-4067606249668.0098
5,9,-6242936.6700,-8252188.7500,-10225805.4200,2373128.5850,0.0000,-24267151146851.9883
6,0,1658219.4100,-2002138.8500,-4415691.2200,3205740.9429,0.0000,-14155562134969.2090
6,1,-7844666.5200,-5244472.9900,-2645362.5700,1746825.0343,0.0000,-4620985562041.2432
6,2,-1226434.9000,199859.5600,3991007.5000,2541890.6729,0.0000,10144704739552.9258
6,3,3889956.9500,4303146.1100,1435729.1800,1897215.7800,0.0000,2723888056103.6875
6,4,2415974.4000,2179404.8400,2754000.2400,1849636.8157,0.0000,5093900234390.7480
6,5,674853.3900,1349737.4200,2024566.1600,693092.3057,0.0000,1403211227906.5002
6,6,675.5800,-5536553.7600,-16610642.1800,2393099.7929,0.0000,-39750924360183.0625
6,7,1593305.9900,4084811.7000,6485577.9200,2378170.6100,0.0000,15423810798209.8027
6,8,-3160078.1400,-7574924.5400,-9512504.2900,2079248.9757,0.0000,-19778864801462.4570
6,9,1998193.8400,8241130.5100,16493319.2600,2319566.4786,0.0000,38257350475874.2031
7,0,2616825.2900,958605.8800,2960744.7300,3132126.4862,0.0000,9273426987858.3105
7,1,5194048.5300,13038715.0500,18283188.0400,2177727.9712,0.0000,39815809998334.0391
7,2,463014.0400,1689448.9400,1489589.3800,2282031.0937,0.0000,3399289282080.0952
7,3,-2464340.5800,-6354297.5300,-10657443.6400,1968106.3800,0.0000,-20974982822376.0117
7,4,-411158.4800,-2827132.8800,-5006537.7200,1669827.0238,0.0000,-8360051980280.7314
7,5,-1063940.7100,-1738794.1000,-3088531.5200,739448.3562,0.0000,-2283809555691.5449
7,6,-2621.9800,-3297.5600,5533256.2000,2094290.0663,0.0000,11588243493676.2344
7,7,2368511.2400,775205.2500,-3309606.4500,2376963.1887,0.0000,-7866812700899.3906
7,8,-6034072.3400,-2873994.2000,4700930.3400,2573601.8963,0.0000,12098323237162.3066
7,9,-666265.0100,-2664458.8500,-10905589.3600,2112903.7950,0.0000,-23042461145456.1836
8,0,5702446.0600,3085620.7700,2127014.8900,3417717.5500,0.0000,7269536118665.0400
8,1,-4515179.7900,-9709228.3200,-22747943.3700,2437444.8400,0.0000,-55446857187820.3984
8,2,-2858543.3900,-3321557.4300,-5011006.3700,2346088.0156,0.0000,-11756261990530.1680
8,3,5483068.0700,7947408.6500,14301706.1800,2358657.6789,0.0000,33732829102671.4258
8,4,-3239407.3900,-2828248.9100,-1116.0300,1844224.8422,0.0000,-2058210251.6989
8,5,1063186.3500,2127127.0600,3865921.1600,775419.2444,0.0000,2997709664970.3940
8,6,-1308765.6400,-1306143.6600,-1302846.1000,2007009.5744,0.0000,-2614824596727.8511
8,7,-2142690.2900,-4511201.5300,-5286406.7800,2350932.8667,0.0000,-12427987445672.5137
8,8,2507339.4900,8541411.8300,11415406.0300,2566239.4067,0.0000,29294664797288.3008
8,9,-691453.4700,-25188.4600,2639270.3900,1954964.8700,0.0000,5159680894881.1914
9,0,1567714.2400,-4134731.8200,-7220352.5900,3232717.2190,0.0000,-23341358144945.1953
9,1,-304756.4400,4210423.3500,13919651.6700,2224176.0000,0.0000,30959755172774.6602
9,2,2974886.4400,5833429.8300,9154987.2600,2408967.8580,0.0000,22054070049740.5625
9,3,-6074767.7000,-11557835.7700,-19505244.4200,2730268.6810,0.0000,-53254557955178.0625
9,4,-3849996.7700,-610589.3800,2217659.5300,2044802.0350,0.0000,4534674719880.9023
9,5,-245960.0100,-1309146.3600,-3436273.4200,722473.3210,0.0000,-2482615869612.3013
9,6,1311726.0300,2620491.6700,3926635.3300,1937481.2200,0.0000,7607782209664.0166
9,7,2755102.8600,4897793.1500,9408994.6800,2391349.8660,0.0000,22500198167213.8008
9,8,-144671.2000,-2652010.6900,-11193422.5200,2324082.5860,0.0000,-26014438356472.8867
9,9,2010722.5500,2702176.0200,2727364.4800,1960540.6380,0.0000,5347108897678.3828
10,0,-1520783.6500,-3088497.8900,1046233.9300,3077086.8945,0.0000,3219352714631.0630
10,1,4379471.9700,4684228.4100,473805.0600,2420111.9973,0.0000,1146661310075.3770
10,2,-490107.5900,-3464994.0300,-9298423.8600,2234526.0155,0.0000,-20777570017893.9375
10,3,2779488.8100,8854256.5100,20412092.2800,2734743.2382,0.0000,55821831339874.7656
10,4,232441.3600,4082438.1300,4693027.5100,1880041.9736,0.0000,8823088702231.5820
10,5,-1084196.0100,-838236.0000,470910.3600,755357.2018,0.0000,355705531836.2115
10,6,-3973395.6800,-5285121.7100,-7905613.3800,2122564.3527,0.0000,-16780173146832.7988
10,7,-1859997.2800,-4615100.1400,-9512893.2900,2343045.0855,0.0000,-22289137871589.0547
10,8,1821631.7200,1966302.9200,4618313.6100,2278405.2345,0.0000,10522389903797.0117
10,9,-284553.6500,-2295276.2000,-4997452.2200,1808178.1845,0.0000,-9036284082512.8125
11,0,-382786.4800,1137997.1700,4226495.0600,2852561.8600,0.0000,12056338609634.6875
11,1,869618.3400,-3509853.6300,-8194082.0400,2290904.1925,0.0000,-18771856899125.6172
11,2,1178111.2800,1668218.8700,5133212.9000,2146491.4542,0.0000,11018397622268.4297
11,3,598414.9100,-2181073.9000,-11035330.4100,2556715.8775,0.0000,-28214204472705.9727
11,4,1531374.4400,1298933.0800,-2783505.0500,1850986.3458,0.0000,-5152229841107.6494
11,5,308444.7600,1392640.7700,2230876.7700,718114.4983,0.0000,1602024952533.0017
11,6,-7587838.2200,-3614442.5400,1670679.1700,2578003.8417,0.0000,4307017318451.7607
11,7,-795672.6600,1064324.6200,5679424.7600,2214097.3833,0.0000,12574799499954.7910
11,8,4119334.7100,2297702.9900,331400.0700,2431816.0242,0.0000,805904000636.5464
11,9,160998.9200,445552.5700,2740828.7700,1670913.2458,0.0000,4579687096354.1924
12,0,-502478.1800,-119691.7000,-1257688.8700,2671786.1923,0.0000,-3360275757085.0913
12,1,-870506.0000,-1740124.3400,1769729.2900,2181642.7931,0.0000,3860917151225.3125
12,2,167000.5900,-1011110.6900,-2679329.5600,1994222.9262,0.0000,-5343180435273.8994
12,3,1551093.9000,952678.9900,3133752.8900,2479360.3408,0.0000,7769702633237.1396
12,4,3158279.8100,1626905.3700,327972.2900,1951547.3815,0.0000,640053463767.2611
12,5,883300.4300,574855.6700,-817785.1000,730821.1085,0.0000,-597654613264.9200
12,6,-1532920.5600,6054917.6600,9669360.2000,2497612.8200,0.0000,24150317996718.9492
12,7,3243261.7100,4038934.3700,2974609.7500,2293263.8700,0.0000,6821565067025.6797
12,8,-5877760.4000,-9997095.1100,-12294798.1000,2696888.6685,0.0000,-33157701676914.6094
12,9,-219271.3000,-380270.2200,-825822.7900,1559248.4808,0.0000,-1287662930692.2026
13,0,2509881.9300,3012360.1100,3132051.8100,2586524.8315,0.0000,8101129780230.7314
13,1,1087719.4000,1958225.4000,3698349.7400,2175462.5354,0.0000,8045621302119.8027
13,2,-5196792.6100,-5363793.2000,-4352682.5100,2375277.2215,0.0000,-10338827618592.9199
13,3,919617.1100,-631476.7900,-1584155.7800,2533596.2800,0.0000,-4013611191148.6147
13,4,1351739.3900,-1806540.4200,-3433445.7900,1681967.2715,0.0000,-5774943447382.1738
13,5,-182542.4700,-1065842.9000,-1640698.5700,719723.1569,0.0000,-1180848754360.3247
13,6,2444007.1700,3976927.7300,-2077989.9300,2683787.4254,0.0000,-5576883244209.0947
13,7,412474.1700,-2830787.5400,-6869721.9100,2228433.0085,0.0000,-15308715063196.0957
13,8,-1148999.9300,4728760.4700,14725855.5800,2701023.8823,0.0000,39774887608994.9766
13,9,-2197104.1600,-1977832.8600,-1597562.6400,1505355.5254,0.0000,-2404899747272.5552
14,0,973528.4200,-1536353.5100,-4548713.6200,2061768.7738,0.0000,-9378395702885.0957
14,1,1177582.9200,89863.5200,-1868361.8800,2252259.4623,0.0000,-4208035723244.9639
14,2,4749435.6100,9946228.2200,15310021.4200,2452393.3562,0.0000,37546194812982.8203
14,3,191748.1200,-727868.9900,-96392.2000,2521419.3892,0.0000,-243045162050.7379
14,4,-189058.2300,-1540797.6200,265742.8000,1655530.1415,0.0000,439945215296.1735
14,5,-434177.9700,-251635.5000,814207.4000,682975.2192,0.0000,556083477514.1383
14,6,3067270.1800,623263.0100,-3353664.7200,2827005.5562,0.0000,-9480828796917.0176
14,7,-2330441.2100,-2742915.3800,87872.1600,1809674.1777,0.0000,159019978889.3511
14,8,-4725239.7200,-3576239.7900,-8305000.2600,3022165.0077,0.0000,-25099081174648.2422
14,9,-2480648.1200,-283543.9600,1694288.9000,1557420.6085,0.0000,2638720449547.5479
15,0,-1453674.5600,-2427202.9800,-890849.4700,1975689.5362,0.0000,-1760041976168.1013
15,1,1524194.0900,346611.1700,256747.6500,2343024.7538,0.0000,601566099441.8867
15,2,-3903355.8500,-8652791.4600,-18599019.6800,2186505.0962,0.0000,-40666851313787.3047
15,3,-743909.5700,-935657.6900,-207788.7000,2327271.4215,0.0000,-483580703228.7999
15,4,1193351.0400,1382409.2700,2923206.8900,1503608.2962,0.0000,4395358131178.6899
15,5,608259.5000,1042437.4700,1294072.9700,642724.7777,0.0000,831732761961.6594
15,6,3110434.9300,43164.7500,-580098.2600,2956982.1338,0.0000,-1715340190695.2322
15,7,2186929.1400,4517370.3500,7260285.7300,1879197.9908,0.0000,13643514356227.8594
15,8,-4175655.9100,549583.8100,4125823.6000,3246850.5777,0.0000,13395932739116.6621
15,9,1653427.1900,4134075.3100,4417619.2700,1588497.1054,0.0000,7017375423087.4033
16,0,-2266484.2400,-812809.6800,1614393.3000,2004768.2008,0.0000,3236484351374.5620
16,1,-1216089.5000,-2740283.5900,-3086894.7600,2429623.8569,0.0000,-7499993152707.3506
16,2,5568745.1800,9472101.0300,18124892.4900,2505198.1092,0.0000,45406446395960.7109
16,3,-2830766.3900,-2086856.8200,-1151199.1300,2401612.8738,0.0000,-2764734650968.8818
16,4,-3340592.7200,-4533943.7600,-5916353.0300,1689316.0423,0.0000,-9994590085536.6699
16,5,-919054.0000,-1527313.5000,-2569750.9700,626373.4554,0.0000,-1609623794558.0972
16,6,665685.7100,-2444749.2200,-2487913.9700,2775340.7769,0.0000,-6904809090418.0557
16,7,-696028.7100,-2882957.8500,-7400328.2000,1766666.1892,0.0000,-13073909620151.8398
16,8,673553.7000,4849209.6100,4299625.8000,3175419.2546,0.0000,13653114552962.0332
16,9,4361030.9700,2707603.7800,-1426471.5300,1921219.8408,0.0000,-2740565405727.7290
17,0,4008127.4700,6274611.7100,7087421.3900,2217177.5531,0.0000,15714071615107.4531
17,1,-3614653.8900,-2398564.3900,341719.2000,2707590.8400,0.0000,925235775771.6764
17,2,-514247.2800,-6082992.4600,-15555093.4900,2362843.7862,0.0000,-36754255995889.7266
17,3,688458.2100,3519224.6000,5606081.4200,2202216.8831,0.0000,12345807151028.5195
17,4,-564454.1500,2776138.5700,7310082.3300,1670338.2877,0.0000,12210310401983.1172
17,5,671974.3400,1591028.3400,3118341.8400,678059.5362,0.0000,2114421421600.7651
17,6,2652497.9700,1986812.2600,4431561.4800,2553466.8454,0.0000,11315845312464.0234
17,7,-2160117.7600,-1464089.0500,1418868.8000,1925849.1331,0.0000,2732527248429.4780
17,8,-2684823.8600,-3358377.5600,-8207587.1700,3191385.1938,0.0000,-26193572171540.3242
17,9,1517238.9500,-2843792.0200,-5551395.8000,1883372.6769,0.0000,-10455347168506.2598
18,0,-7368715.9900,-11376843.4600,-17651455.1700,2502435.8400,0.0000,-44171634045564.0703
18,1,5979836.3800,9594490.2700,11993054.6600,2967563.3669,0.0000,35590149666523.7344
18,2,515020.0900,1029267.3700,7112259.8300,2292745.7577,0.0000,16306603552838.0977
18,3,2207856.8100,1519398.6000,-1999826.0000,2340268.2408,0.0000,-4680129274864.2773
18,4,2051254.5000,2615708.6500,-160429.9200,1809929.4369,0.0000,-290366834770.1916
18,5,-608701.6500,-1280675.9900,-2871704.3300,672968.5838,0.0000,-1932566796185.9348
18,6,-3005581.7100,-5658079.6800,-7644891.9400,2358724.7200,0.0000,-18032195600608.3281
18,7,203403.0500,2363520.8100,3827609.8600,1749841.2362,0.0000,6697709568937.7363
18,8,836971.6100,3521795.4700,6880173.0300,2916164.0562,0.0000,20063713290205.7852
18,9,-811343.0900,-2328582.0400,515209.9800,1465557.7862,0.0000,755069997692.4232
19,0,811564.0500,8180280.0400,19557123.5000,2437308.5046,0.0000,47666743432365.1250
19,1,-1453954.5100,-7433790.8900,-17028281.1600,2475970.1354,0.0000,-42161515609093.7188
19,2,-245525.9400,-760546.0300,-1789813.4000,2217291.2223,0.0000,-3968537541388.8247
19,3,-2692021.7700,-4899878.5800,-6419277.1800,2248119.3808,0.0000,-14431301438888.5840
19,4,-776009.4900,-2827263.9900,-5442972.6400,1683778.2900,0.0000,-9164759164297.0742
19,5,1003118.0700,1611819.7200,2892495.7100,698219.7131,0.0000,2019597524713.6272
19,6,-2071397.2000,934184.5100,6592264.1900,2518010.9985,0.0000,16599393735184.4199
19,7,644044.5000,440641.4500,-1922879.3600,1676821.1215,0.0000,-3224324725018.2251
19,8,6749782.5800,5912810.9700,2391015.5000,3192295.1669,0.0000,7632827224689.3818
19,9,-1969600.2900,-1158257.2000,1170324.8400,1463358.2823,0.0000,1712604547603.8940
20,0,5700996.9700,4889432.9200,-3290847.1200,2674552.4800,0.0000,-8801543326095.8672
20,1,1614477.3100,3068431.8200,10502222.7100,2200618.5031,0.0000,23111385619061.2812
20,2,-5731121.0000,-5485595.0600,-4725049.0300,2622530.2192,0.0000,-12391583868522.9980
20,3,2648924.3000,5340946.0700,10240824.6500,2262318.1285,0.0000,23168003256091.8164
20,4,2855054.9100,3631064.4000,6458328.3900,1871770.3231,0.0000,12088507417088.5332
20,5,-299778.6400,-1302896.7100,-2914716.4300,639438.0154,0.0000,-1863780489409.1270
20,6,84341.5200,2155738.7200,1221554.2100,2524297.1169,0.0000,3083565770468.8911
20,7,-1809322.7400,-2453367.2400,-2894008.6900,1633806.6215,0.0000,-4728250560512.5967
20,8,-9256353.2700,-16006135.8500,-21918946.8200,3440162.9308,0.0000,-75404748331668.5469
20,9,4192780.6400,6162380.9300,7320638.1300,1734628.7154,0.0000,12698589115239.8457
21,0,-625534.2100,-6326531.1800,-11215964.1000,2284020.7992,0.0000,-25617495287826.8516
21,1,-1460524.9600,-3075002.2700,-6143434.0900,1965645.0546,0.0000,-12075810837364.7773
21,2,-191446.5500,5539674.4500,11025269.5100,2417368.9238,0.0000,26652143890503.4609
21,3,742046.9000,-1906877.4000,-7247823.4700,1897624.1923,0.0000,-13753645158247.8926
21,4,-928.5700,-2855983.4800,-6487047.8800,1622656.5677,0.0000,-10526250847417.5430
21,5,-555482.0700,-255703.4300,1047193.2800,600383.8400,0.0000,628717922668.3745
21,6,3929839.9400,3845498.4200,1689759.7000,2725918.2169,0.0000,4606146748453.5586
21,7,94397.7400,1903720.4800,4357087.7200,1476245.6562,0.0000,6432131820131.8828
21,8,-1803026.1100,7453327.1600,23459463.0100,3385984.9785,0.0000,79433389354635.2656
21,9,-129342.1100,-4322122.7500,-10484503.6800,1691389.3800,0.0000,-17733378178924.3789
22,0,1483642.6200,2109176.8300,8435708.0100,2277553.7515,0.0000,19212778425058.9727
22,1,-644901.8400,815623.1200,3890625.3900,1991810.0854,0.0000,7749386890255.6416
22,2,6169518.4200,6360964.9700,821290.5200,2663109.8454,0.0000,2187186869734.1287
22,3,-1131871.3500,-1873918.2500,32959.1500,1517401.3962,0.0000,50012260225.5135
22,4,-3368693.8900,-3367765.3200,-511781.8400,1585633.2692,0.0000,-811498312093.3256
22,5,-719628.9000,-164146.8300,91556.6000,636819.9085,0.0000,58305065630.9033
22,6,879433.0100,-3050406.9300,-6895905.3500,2692664.9077,0.0000,-18568362342713.4961
22,7,1153459.0300,1059061.2900,-844659.1900,1353042.2846,0.0000,-1142859600158.6006
22,8,-1432911.9700,370114.1400,-7083213.0200,3485080.4223,0.0000,-24685567023036.8867
22,9,-2388045.1300,-2258703.0200,2063419.7300,1720414.1938,0.0000,3549936591353.4175
23,0,-2639151.9700,-4122794.5900,-6231971.4200,2363582.0838,0.0000,-14729775995354.0820
23,1,-1322299.7000,-677397.8600,-1493020.9800,1756642.9877,0.0000,-2622704834994.6699
23,2,-4480398.6800,-10649917.1000,-17010882.0700,2970055.3138,0.0000,-50523260685215.3906
23,3,1167054.2100,2298925.5600,4172843.8100,1393367.9654,0.0000,5814306889408.3545
23,4,2862585.3700,6231279.2600,9599044.5800,1787952.0392,0.0000,17162631331480.0684
23,5,1020216.7000,1739845.6000,1903992.4300,631898.4231,0.0000,1203129814068.8721
23,6,60798.2200,-818634.7900,2231772.1400,2391695.8723,0.0000,5337720215169.0547
23,7,-354539.9500,-1507998.9800,-2567060.2700,1237237.8746,0.0000,-3176064192464.9956
23,8,739980.5100,2172892.4800,1802778.3400,3401876.4831,0.0000,6132829239046.7930
23,9,2945755.2900,5333800.4200,7592503.4400,1925122.0123,0.0000,14616495500867.5410
24,0,-3429750.5600,-790598.5900,3332196.0000,2597963.9362,0.0000,8656925036195.9492
24,1,2409623.8900,3731923.5900,4409321.4500,1875104.9531,0.0000,8267940490604.2686
24,2,4405356.0700,8885754.7500,19535671.8500,3218304.9131,0.0000,62871748695114.8125
24,3,-1522097.9200,-2689152.1300,-4988077.6900,1464420.5046,0.0000,-7304643247851.5449
24,4,-231371.2500,-3093956.6200,-9325235.8800,1687951.7938,0.0000,-15740548631685.4805
24,5,554289.2900,-465927.4100,-2205773.0100,650809.5408,0.0000,-1435538119679.6746
24,6,-233250.3200,-294048.5400,524586.2500,1825958.3415,0.0000,957872639043.7896
24,7,3516757.7400,3871297.6900,5379296.6700,1446552.1115,0.0000,7781432956581.7510
24,8,1437602.8600,697622.3500,-1475270.1300,3195589.4177,0.0000,-4714357615665.4570
24,9,-6907159.8000,-9852915.0900,-15186715.5100,2444057.4646,0.0000,-37117205405208.0781
25,0,5561586.0200,8991336.5800,9781935.1700,2987126.0777,0.0000,29219873636604.1094
25,1,-4177396.2900,-6587020.1800,-10318943.7700,2129481.1292,0.0000,-21973996031809.9414
25,2,-1988432.8000,-6393788.8700,-15279543.6200,3358415.0831,0.0000,-51315049755940.6641
25,3,-100185.9200,1421912.0000,4111064.1300,1352812.1985,0.0000,5561497703722.1963
25,4,-1712203.1700,-1480831.9200,1613124.7000,1576715.1292,0.0000,2543438119825.3843
25,5,-926767.4500,-1481056.7400,-1015129.3300,654153.1577,0.0000,-664050056686.8229
25,6,576756.3000,810006.6200,1104055.1600,1752407.2446,0.0000,1934754260839.3030
25,7,-504229.8200,-4020987.5600,-7892285.2500,1235857.3508,0.0000,-9753738740581.5645
25,8,1681037.0800,243434.2200,-454188.1300,2872764.5469,0.0000,-1304775557497.2402
25,9,1589836.0500,8496995.8500,18349910.9400,2549485.5223,0.0000,46782832277167.2734
26,0,-303322.4100,-5864908.4300,-14856245.0100,2817390.7300,0.0000,-41855846973783.7422
26,1,1959810.5300,6137206.8200,12724227.0000,2196565.0623,0.0000,27949592473073.5469
26,2,628118.7300,2616551.5300,9010340.4000,3006978.6308,0.0000,27093901038757.0625
26,3,1621436.8500,1721622.7700,299710.7700,1406798.3323,0.0000,421632611411.2847
26,4,-2227638.3800,-515435.2100,965396.7100,1644091.9746,0.0000,1587200983230.9299
26,5,-400102.6400,526664.8100,2007721.5500,670888.5554,0.0000,1346957410294.5112
26,6,-1452442.7800,-2029199.0800,-2839205.7000,1676133.0608,0.0000,-4758886540095.2832
26,7,505701.2900,1009931.1100,5030918.6700,1243028.6677,0.0000,6253576131638.8467
26,8,-1094328.9000,-2775365.9800,-3018800.2000,2868559.0831,0.0000,-8659606733704.9160
26,9,762767.7100,-827068.3400,-9324064.1900,2439151.9492,0.0000,-22742809343791.4766
27,0,-192896.9100,110425.5000,5975333.9300,2757342.1523,0.0000,16476040119303.3887
27,1,1226346.4300,-733464.1000,-6870670.9200,2200316.1015,0.0000,-15117647853648.2305
27,2,-1217274.7300,-1845393.4600,-4461944.9900,2735273.9477,0.0000,-12204641887183.5078
27,3,-2189214.2900,-3810651.1400,-5532273.9100,1560449.5762,0.0000,-8632834478027.7832
27,4,2742535.8600,4970174.2400,5485609.4500,1840513.3308,0.0000,10096337320120.1172
27,5,824061.5400,1224164.1800,697499.3700,700879.5992,0.0000,488863078910.3265
27,6,-3006578.8800,-1554136.1000,475062.9800,1671464.4992,0.0000,794050905968.1362
27,7,-185862.8800,-691564.1700,-1701495.2800,1078061.1038,0.0000,-1834315879746.1013
27,8,243339.1800,1337668.0800,4113034.0600,2523797.5031,0.0000,10380465090698.5703
27,9,1755544.6800,992776.9700,1819845.3100,2383374.7615,0.0000,4337373381758.3301
28,0,-175623.8600,17273.0500,-93152.4500,2659030.5600,0.0000,-247695211288.8608
28,1,-4020507.6800,-5246854.1100,-4513390.0100,2392340.2238,0.0000,-10797564466829.4824
28,2,-198875.3000,1018399.4300,2863792.8900,2450313.9054,0.0000,7017191540508.7646
28,3,-699753.5300,1489460.7600,5300111.9000,1557052.9577,0.0000,8252554909995.7041
28,4,1907764.5700,-834771.2900,-5804945.5300,1895468.2177,0.0000,-11003089757550.2734
28,5,-1546983.6100,-2371045.1500,-3595209.3300,773089.1462,0.0000,-2779417311175.8130
28,6,2592528.1000,5599106.9800,7153243.0800,1631625.5123,0.0000,11671413905068.3770
28,7,185284.9500,371147.8300,1062712.0000,924088.4738,0.0000,982039910218.1644
28,8,1172480.0600,929140.8800,-408527.2000,2292783.9762,0.0000,-936664617982.8318
28,9,783686.3000,-971858.3800,-1964635.3500,2316471.6162,0.0000,-4551022024367.6641
29,0,621941.0600,797564.9200,780291.8700,2532527.2385,0.0000,1976110414725.2273
29,1,83303.3600,4103811.0400,9350665.1500,2305202.8285,0.0000,21555179751777.5664
29,2,-165053.1500,33822.1500,-984577.2800,2034645.2877,0.0000,-2003265523120.8999
29,3,2257386.2500,2957139.7800,1467679.0200,1512946.7931,0.0000,2220520266576.2700
29,4,-3272265.4800,-5180030.0500,-4345258.7600,1890212.2762,0.0000,-8213461451218.5254
29,5,1159469.4900,2706453.1000,5077498.2500,791582.6454,0.0000,4019259496672.5889
29,6,2716977.3200,124449.2200,-5474657.7600,1789417.1746,0.0000,-9796446620885.3535
29,7,-4659039.7400,-4844324.6900,-5215472.5200,1228935.4762,0.0000,-6409479204735.5010
29,8,272292.4900,-900187.5700,-1829328.4500,2261917.7292,0.0000,-4137790453641.4014
29,9,984988.4000,201302.1000,1173160.4800,2056776.0338,0.0000,2412928359119.4854
30,0,-659105.7800,-1281046.8400,-2078611.7600,2274910.1854,0.0000,-4728655064284.4746
30,1,3294897.1900,3211593.8300,-892217.2100,2280606.1592,0.0000,-2034796064497.0408
30,2,-3393813.5800,-3228760.4300,-3262582.5800,2256150.3877,0.0000,-7360876952745.7959
30,3,-3769386.9000,-6026773.1500,-8983912.9300,1749941.3077,0.0000,-15721320340919.8672
30,4,626414.6200,3898680.1000,9078710.1500,1894978.4662,0.0000,17203960234703.4531
30,5,839907.5800,-319561.9100,-3026015.0100,804500.5869,0.0000,-2434430851583.2651
30,6,-2649392.0100,-5366369.3300,-5490818.5500,1789178.2546,0.0000,-9824053149700.4883
30,7,3758375.9100,8417415.6500,13261740.3400,1351878.4108,0.0000,17928260454875.9297
30,8,2563844.9800,2291552.4900,3191740.0600,2252611.6615,0.0000,7189750879755.8857
30,9,-611742.0100,-1596730.4100,-1798032.5100,1987122.4231,0.0000,-3572910718042.6294
31,0,979803.9000,1638909.6800,2919956.5200,1783455.4092,0.0000,5207612250313.0166
31,1,1200209.5100,-2094687.6800,-5306281.5100,1912942.5538,0.0000,-10150611703166.5195
31,2,159266.4300,3553080.0100,6781840.4400,2228784.7215,0.0000,15115262356584.3496
31,3,2470481.8300,6239868.7300,12266641.8800,1770143.2323,0.0000,21713713107025.7891
31,4,467363.8000,-159050.8200,-4057730.9200,1773140.7200,0.0000,-7194927925055.1123
31,5,50664.6700,-789242.9100,-469681.0000,761574.6654,0.0000,-357697150413.0795
31,6,-1513280.0700,1136111.9400,6502481.2700,1674385.8208,0.0000,10887662438305.9121
31,7,792842.5400,-2965533.3700,-11382949.0200,1397219.9100,0.0000,-15904483005259.8594
31,8,-6245991.0500,-8809836.0300,-11101388.5200,2668690.0800,0.0000,-29626165417551.3711
31,9,1638638.4400,2250380.4500,3847110.8600,2050760.5269,0.0000,7889503094385.5811
32,0,-404374.6100,-1384178.5100,-3023088.1900,1752133.1446,0.0000,-5296853016794.6816
32,1,-2035843.7800,-3236053.2900,-1141365.6100,1957703.2669,0.0000,-2234455183451.5063
32,2,3329943.4200,3170676.9900,-382403.0200,2466047.6046,0.0000,-943024051468.0988
32,3,-2913320.2400,-5383802.0700,-11623670.8000,1787166.1915,0.0000,-20773431475334.2461
32,4,1287838.2800,820474.4800,979525.3000,1812512.1654,0.0000,1775401522552.2500
32,5,-2194105.4500,-2244770.1200,-1455527.2100,853189.0792,0.0000,-1241839920096.7898
32,6,3576942.6900,5090222.7600,3954110.8200,1790197.0123,0.0000,7078637376299.1826
32,7,-2266389.2800,-3059231.8200,-93698.4500,1522015.6623,0.0000,-142610508434.8329
32,8,1940559.4400,8186550.4900,16996386.5200,2298749.8385,0.0000,39070440767281.2031
32,9,-321250.4700,-1959888.9100,-4210269.3600,1923964.3869,0.0000,-8100408307993.8389
33,0,470705.7500,875080.3600,2259258.8700,1349803.0508,0.0000,3049554515203.6802
33,1,170932.9700,2206776.7500,5442830.0400,1846661.3946,0.0000,10051064112321.4980
33,2,954382.8600,-2375560.5600,-5546237.5500,2098606.2092,0.0000,-11639368560299.3125
33,3,3166444.3100,6079764.5500,11463566.6200,1826975.4231,0.0000,20943654475546.5625
33,4,-4207139.6200,-5494977.9000,-6315452.3800,1916518.6815,0.0000,-12103682468638.0684
33,5,1446200.7000,3640306.1500,5885076.2700,941375.3915,0.0000,5540065977907.0576
33,6,668153.1400,-2908789.5500,-7999012.3100,1835105.5985,0.0000,-14679032272244.6914
33,7,59721.8400,2326111.1200,5385342.9400,1387430.9777,0.0000,7471791620453.2314
33,8,130103.2300,-1810456.2100,-9997006.7000,1596730.6046,0.0000,-15962526552435.4844
33,9,-2859505.1800,-2538254.7100,-578365.8000,1821404.7362,0.0000,-1053438207350.0018
34,0,-5042937.7800,-5513643.5300,-6388723.8900,1689603.3254,0.0000,-10794409129509.6484
34,1,2541811.3400,2370878.3700,164101.6200,1929837.2700,0.0000,316689422344.0193
34,2,259843.0400,-694539.8200,1681020.7400,2103867.4777,0.0000,3536644864212.1191
34,3,1568743.5900,-1597700.7200,-7677465.2700,1890567.4762,0.0000,-14514766138763.1133
34,4,2856935.6500,7064075.2700,12559053.1700,2136211.5338,0.0000,26828794235942.8516
34,5,-1319530.4800,-2765731.1800,-6406037.3300,1000148.3462,0.0000,-6406987641000.7588
34,6,-2106579.8200,-2774732.9600,134056.5900,1694854.8200,0.0000,227206457713.3425
34,7,1705915.8300,1646193.9900,-679917.1300,1511393.9077,0.0000,-1027622608017.1631
34,8,-2131493.4700,-2261596.7000,-451140.4900,1621997.3246,0.0000,-731748667806.2913
34,9,1667292.1000,4526797.2800,7065051.9900,1939708.5815,0.0000,13704141974019.4297
35,0,-444080.5200,4598857.2600,10112500.7900,1609637.0100,0.0000,16277455535239.4355
35,1,-1679732.7900,-4221544.1300,-6592422.5000,2009439.6508,0.0000,-13247075166124.3047
35,2,264017.4000,4174.3600,698714.1800,1649598.1685,0.0000,1152597631606.1062
35,3,69926.0800,-1498817.5100,98883.2100,1808879.3785,0.0000,178867799444.6918
35,4,138123.4000,-2718812.2500,-9782887.5200,1887706.1115,0.0000,-18467216559998.0234
35,5,753818.6600,2073349.1400,4839080.3200,1002778.3277,0.0000,4852524870859.4062
35,6,-889773.8000,1216806.0200,3991538.9800,1695650.2654,0.0000,6768254130730.4502
35,7,-979.9000,-1706895.7300,-3353089.7200,1422741.6669,0.0000,-4770580457575.9199
35,8,3025661.3900,5157154.8600,7418751.5600,1744516.5108,0.0000,12942134585716.2949
35,9,-1236979.9200,-2904272.0200,-7431069.3000,1851165.1038,0.0000,-13756136172423.1328
36,0,-1842503.3100,-1398422.7900,-5997280.0500,1548356.3438,0.0000,-9285926611239.8516
36,1,623724.4300,2303457.2200,6525001.3500,1955703.0915,0.0000,12760965312488.2227
36,2,584558.1400,320540.7400,316366.3800,1349918.1269,0.0000,427068711111.1252
36,3,-907990.9700,-977917.0500,520900.4600,1788951.4369,0.0000,931865626410.6243
36,4,285894.3400,147770.9400,2866583.1900,1689499.1092,0.0000,4843089746040.9365
36,5,1060926.8700,307108.2100,-1766240.9300,1005909.8792,0.0000,-1776679200588.5837
36,6,1632118.7100,2521892.5100,1305086.4900,1816521.0723,0.0000,2370717110269.9131
36,7,-809158.0400,-808178.1400,898717.5900,1457712.2892,0.0000,1310071675490.6262
36,8,1536002.2800,-1489659.1100,-6646813.9700,1805748.9546,0.0000,-12002477377850.8066
36,9,-2163572.4500,-926592.5300,1977679.4900,1790997.1931,0.0000,3542018415395.5737
37,0,1400506.1300,3243009.4400,4641432.2300,1392260.6185,0.0000,6462083307087.9717
37,1,64316.1900,-559408.2400,-2862865.4600,1775294.8069,0.0000,-5082430184057.5928
37,2,401643.9700,-182914.1700,-503454.9100,1041940.2731,0.0000,-524569946407.3879
37,3,255291.0600,1163282.0300,2141199.0800,1691504.7554,0.0000,3621848426045.4780
37,4,-778209.8600,-1064104.2000,-1211875.1400,1731563.6177,0.0000,-2098438901610.0735
37,5,-891895.6900,-1952822.5600,-2259930.7700,1031879.6023,0.0000,-2331976464191.4956
37,6,679598.4300,-952520.2800,-3474412.7900,1850855.5423,0.0000,-6430636168636.5439
37,7,-1175227.7900,-366069.7500,442108.3900,1277594.6008,0.0000,564835292018.6644
37,8,1439014.1300,-96988.1500,1392670.9600,1805857.5138,0.0000,2514965317431.3086
37,9,-1395036.5700,768535.8800,1695128.4100,1366987.7138,0.0000,2317219709861.8184
38,0,324555.6700,-1075950.4600,-4318959.9000,989412.1300,0.0000,-4273231314043.9614
38,1,-2420226.1800,-2484542.3700,-1925134.1300,1640127.8754,0.0000,-3157466150468.0488
38,2,456909.9300,55265.9600,238180.1300,924130.8215,0.0000,220109599211.0652
38,3,-52075.8200,-307366.8800,-1470648.9100,1687803.9785,0.0000,-2482167081218.2065
38,4,2623011.2700,3401221.1300,4465325.3300,1801625.7792,0.0000,8044845227181.0850
38,5,738810.8400,1630706.5300,3583529.0900,1017421.4015,0.0000,3645959189202.4609
38,6,-2748235.7200,-3427834.1500,-2475313.8700,2017892.4208,0.0000,-4994917097299.0420
38,7,2239722.2000,3414949.9900,3781019.7400,1411094.0146,0.0000,5335374324257.6719
38,8,268064.2000,-1170949.9300,-1073961.7800,1697167.2923,0.0000,-1822692806204.8484
38,9,-1430536.3900,-35499.8200,-804035.7000,1354733.8938,0.0000,-1089254414652.3352
39,0,5618618.8000,5294063.1300,6370013.5900,1398281.0831,0.0000,8907069501841.8359
39,1,-2194817.3100,225408.8700,2709951.2400,1658205.3200,0.0000,4493655563108.6768
39,2,-3459449.4200,-3916359.3500,-3971625.3100,1141925.4900,0.0000,-4535300178220.0078
39,3,-1397830.8300,-1345755.0100,-1038388.1300,1670603.5154,0.0000,-1734734860312.0220
39,4,-12.0700,-2623023.3400,-6024244.4700,1630269.9092,0.0000,-9821144485291.5742
39,5,404826.9300,-333983.9100,-1964690.4400,1017784.8085,0.0000,-1999632083161.7820
39,6,1946952.6800,4695188.4000,8123022.5500,2055931.6438,0.0000,16700379104222.2773
39,7,-1214351.6700,-3454073.8700,-6869023.8600,1465605.5823,0.0000,-10067279714221.7520
39,8,-2382333.0300,-2650397.2300,-1479447.3000,1796244.5331,0.0000,-2657449124601.0918
39,9,2678395.9200,4108932.3100,4144432.1300,1502089.9100,0.0000,6225309685154.6230
40,0,105303.3400,-5513315.4600,-10807378.5900,1391543.1162,0.0000,-15038933280584.6973
40,1,2324034.9400,4518852.2500,4293443.3800,1742642.8977,0.0000,7481938612802.4873
40,2,-668169.8700,2791279.5500,6707638.9000,1099686.6546,0.0000,7376300982310.2832
40,3,702771.1400,2100601.9700,3446356.9800,1556261.7346,0.0000,5363433491799.2246
40,4,-945880.3300,-945868.2600,1677155.0800,1492065.6377,0.0000,2502425463948.8145
40,5,862.3000,-403964.6300,-69980.7200,954461.7900,0.0000,-66793923276.8922
40,6,-521938.6200,-2468891.3000,-7164079.7000,1864805.4700,0.0000,-13359615012076.6855
40,7,-2980870.4700,-1766518.8000,1687555.0700,1680606.1662,0.0000,2836115456365.6650
40,8,1312503.7300,3694836.7600,6345233.9900,1878487.9600,0.0000,11919445653598.6758
40,9,671383.8400,-2007012.0800,-6115944.3900,1418692.9223,0.0000,-8676647019321.3066
41,0,-3113228.2400,-3218531.5800,2294783.8800,1617512.6838,0.0000,3711842032584.7124
41,1,-1118582.5300,-3442617.4700,-7961469.7200,1519417.8862,0.0000,-12096799492641.4277
41,2,2142232.7700,2810402.6400,19123.0900,1249175.6908,0.0000,23888099161.6045
41,3,1373913.3600,671142.2200,-1429459.7500,1608120.1831,0.0000,-2298743074870.9004
41,4,-1345700.1200,-399819.7900,546048.4700,1448829.9108,0.0000,791131356065.6555
41,5,-1245818.1500,-1246680.4500,-842715.8200,931295.2162,0.0000,-784817211743.8253
41,6,696382.4500,1218321.0700,3687212.3700,1718948.1123,0.0000,6338126743089.4717
41,7,3725965.7400,6706836.2100,8473355.0100,1952966.2269,0.0000,16548176163261.1758
41,8,-3018100.5700,-4330604.3000,-8025441.0600,2020458.7685,0.0000,-16215072760449.2891
41,9,1902935.2900,1231551.4500,3238563.5300,1504788.9985,0.0000,4873354770763.2979
42,0,581114.3400,3694342.5800,6912874.1600,1614372.1669,0.0000,11159951637346.8223
42,1,956907.5100,2075490.0400,5518107.5100,1586618.2054,0.0000,8755129834636.3193
42,2,1696863.8400,-445368.9300,-3255771.5700,1367007.2823,0.0000,-4450663445720.5439
42,3,29423.4100,-1344489.9500,-2015632.1700,1436738.4262,0.0000,-2895936191631.2500
42,4,2291249.4800,3636949.6000,4036769.3900,1373367.1415,0.0000,5543966438195.3887
42,5,647261.5300,1893079.6800,3139760.1300,891894.6038,0.0000,2800335117319.3418
42,6,-1052054.2400,-1748436.6900,-2966757.7600,1590877.1062,0.0000,-4719746999888.8369
42,7,354507.0800,-3371458.6600,-10078294.8700,1621848.3300,0.0000,-16345465704157.9570
42,8,-3059790.9000,-41690.3300,4288913.9700,2234881.7231,0.0000,9585215443402.2656
42,9,-2445482.0500,-4348417.3400,-5579968.7900,1617134.6638,0.0000,-9023560953490.3516
43,0,-367340.0100,-948454.3500,-4642796.9300,1591928.6462,0.0000,-7391001431142.4141
43,1,870737.0500,-86170.4600,-2161660.5000,1400144.3485,0.0000,-3026636732367.5796
43,2,288527.6800,-1408336.1600,-962967.2300,1128139.1362,0.0000,-1086361018997.3104
43,3,-550021.6900,-579445.1000,765044.8500,1189094.9485,0.0000,909710966481.3239
43,4,-2183351.5600,-4474601.0400,-8111550.6400,1493131.5215,0.0000,-12111611949140.8340
43,5,598982.1100,-48279.4200,-1941359.1000,873361.8754,0.0000,-1695509024371.0168
43,6,-39835.7000,1012218.5400,2760655.2300,1390142.0054,0.0000,3837702797608.0996
43,7,429503.2600,74996.1800,3446454.8400,1365781.2031,0.0000,4707103237725.5068
43,8,1698452.0800,4758242.9800,4799933.3100,2168313.0385,0.0000,10407757979819.9492
43,9,-745653.2200,1699828.8300,6048246.1700,1627435.5262,0.0000,9843130687982.5879
44,0,-4153623.3300,-3786283.3200,-2837828.9700,1836068.6023,0.0000,-5210448670537.2412
44,1,293480.0800,-577256.9700,-491086.5100,1330395.9308,0.0000,-653339494559.8856
44,2,-10.6000,-288538.2800,1119797.8800,1115888.6877,0.0000,1249569786793.6819
44,3,-844853.3400,-294831.6500,284613.4500,1064046.6031,0.0000,302841974662.3868
44,4,2183610.5900,4366962.1500,8841563.1900,1625150.5054,0.0000,14368870886619.7480
44,5,-613.4200,-599595.5300,-551316.1100,869511.7792,0.0000,-479375851725.0168
44,6,2299826.0800,2339661.7800,1327443.2400,1450645.5446,0.0000,1925649621836.6501
44,7,-499751.8500,-929255.1100,-1004251.2900,1343235.7654,0.0000,-1348946250161.9644
44,8,-1530667.2700,-3229119.3500,-7987362.3300,1805595.8246,0.0000,-14421948072739.0859
44,9,2252603.0600,2998256.2800,1298427.4500,1674663.5738,0.0000,2174429153798.0637
45,0,-333896.4700,3819726.8600,7606010.1800,1830647.2069,0.0000,13923921291846.5195
45,1,1605816.4600,1312336.3800,1889593.3500,1297316.9062,0.0000,2451401398711.4180
45,2,-336522.1900,-336511.5900,-47973.3100,885625.5162,0.0000,-42486387430.5545
45,3,-1418709.1300,-573855.7900,-279024.1400,949076.5177,0.0000,-264815259143.5753
45,4,-1516.8000,-2185127.3900,-6552089.5400,1526202.6992,0.0000,-9999816741550.2988
45,5,734.3400,1347.7600,600943.2900,700790.9246,0.0000,421135603840.5117
45,6,104056.6800,-2195769.4000,-4535431.1800,1183500.4669,0.0000,-5367684919228.3662
45,7,-625075.6900,-125323.8400,803931.2700,1216980.8738,0.0000,978368979476.8035
45,8,296587.6900,1827254.9600,5056374.3100,1679136.4592,0.0000,8490342455439.4424
45,9,708525.1100,-1544077.9500,-4542334.2300,1704453.9308,0.0000,-7742199433191.7100
46,0,1062126.1300,1396022.6000,-2423704.2600,1876141.0823,0.0000,-4547211133549.7871
46,1,1887241.4600,281425.0000,-1030911.3800,1429340.6362,0.0000,-1473523527707.3203
46,2,-814569.8000,-478047.6100,-141536.0200,874870.6654,0.0000,-123825711993.5854
46,3,1984028.8500,3402737.9800,3976593.7700,858121.4823,0.0000,3412400540450.2578
46,4,-1889159.5100,-1887642.7100,297484.6800,1347896.5369,0.0000,400978569959.0909
46,5,-126369.8100,-127104.1500,-128451.9100,599265.4715,0.0000,-76976794416.2594
46,6,-605864.1000,-709920.7800,1485848.6200,1178709.0023,0.0000,1751383144460.1577
46,7,-477544.9800,147530.7100,272854.5500,1249121.1154,0.0000,340828379833.8214
46,8,1665543.8600,1368956.1700,-458298.7900,1797247.2769,0.0000,-823676252344.1764
46,9,-2685432.1000,-3393957.2100,-1849879.2600,1691063.6938,0.0000,-3128263654586.2305
47,0,524774.5300,-537351.6000,-1933374.2000,1528590.0631,0.0000,-2955336590329.4575
47,1,-2365283.0000,-4252524.4600,-4533949.4600,1415761.5331,0.0000,-6418991238384.5566
47,2,558834.0300,1373403.8300,1851451.4400,897869.9723,0.0000,1662362653162.6665
47,3,-2107968.0900,-4091996.9400,-7494734.9200,899600.2900,0.0000,-6742265707507.4297
47,4,1379454.7000,3268614.2100,5156256.9200,1234244.1562,0.0000,6364079971139.0117
47,5,124746.1800,251115.9900,378220.1400,507358.9869,0.0000,191893387064.5274
47,6,-476965.8400,128898.2600,838819.0400,1053354.0808,0.0000,883573458810.9884
47,7,1639938.3800,2117483.3600,1969952.6500,1244045.9269,0.0000,2450711570464.6187
47,8,55349.2200,-1610194.6400,-2979150.8100,1637543.8731,0.0000,-4878490155888.2070
47,9,667119.8900,3352551.9900,6746509.2000,1614127.3700,0.0000,10889725151678.0957
48,0,671291.2100,146516.6800,683868.2800,1546067.8085,0.0000,1057306732936.0106
48,1,1427466.4100,3792749.4100,8045273.8700,1396356.4269,0.0000,11234069874732.3047
48,2,-996706.8000,-1555540.8300,-2928944.6600,954230.6954,0.0000,-2794888899655.7656
48,3,1237127.7000,3345095.7900,7437092.7300,989385.0300,0.0000,7358148213785.5205
48,4,-1095197.9900,-2474652.6900,-5743266.9000,1307865.2785,0.0000,-7511419363448.3350
48,5,-565501.7200,-690247.9000,-941363.8900,492873.0685,0.0000,-463972909003.8873
48,6,309373.3000,786339.1400,657440.8800,1008707.8885,0.0000,663165801853.4496
48,7,-1203819.0500,-2843757.4300,-4961240.7900,1336572.0154,0.0000,-6631055601499.7012
48,8,387729.9700,332380.7500,1942575.3900,1434626.0715,0.0000,2786869300423.1270
48,9,-171763.0300,-838882.9200,-4191434.9100,1532187.6092,0.0000,-6422064633999.6289
49,0,-1310541.6500,-1981832.8600,-2128349.5400,1505147.6808,0.0000,-3203480373997.8872
49,1,-2657075.5700,-4084541.9800,-7877291.3900,1552768.0531,0.0000,-12231606415171.4336
49,2,183755.4300,1180462.2300,2736003.0600,923399.7177,0.0000,2526424453209.9673
49,3,1735774.4300,498646.7300,-2846449.0600,1053060.6808,0.0000,-2997483584898.2812
49,4,-1083096.5300,12101.4600,2486754.1500,1369188.5238,0.0000,3404835243806.7988
49,5,566362.4800,1131864.2000,1822112.1000,454829.6538,0.0000,828750615712.9771
49,6,-2272099.6400,-2581472.9400,-3367812.0800,1057937.1908,0.0000,-3562933650955.0518
49,7,833233.9400,2037052.9900,4880810.4200,1338424.0077,0.0000,6532593843123.5039
49,8,3874299.2400,3486569.2700,3154188.5200,1614495.0685,0.0000,5092421810539.2998
49,9,129387.8700,301150.9000,1140033.8200,1375711.8723,0.0000,1568358061006.4180
50,0,-509563.5800,800978.0700,2782810.9300,1436613.6385,0.0000,3997824135298.1021
50,1,709198.4800,3366274.0500,7450816.0300,1602374.3831,0.0000,11938996739492.0859
50,2,-627975.2600,-811730.6900,-1992192.9200,940809.8169,0.0000,-1874274656341.1135
50,3,-1781170.5900,-3516945.0200,-4015591.7500,1170436.0292,0.0000,-4699993262883.4570
50,4,1419550.2100,2502646.7400,2490545.2800,1418522.3969,0.0000,3532894260231.9468
50,5,-600984.4500,-1167346.9300,-2299211.1300,432451.8662,0.0000,-994298143851.4285
50,6,1243871.3500,3515970.9900,6097443.9300,1101342.8000,0.0000,6715375970710.6641
50,7,-595564.2000,-1428798.1400,-3465851.1300,1293834.5008,0.0000,-4484237766524.5293
50,8,-554553.9600,-4428853.2000,-7915422.4700,1546459.6708,0.0000,-12240881626957.0723
50,9,1297192.0000,1167804.1300,866653.2300,1368185.3669,0.0000,1185742267483.0894
51,0,-196981.4000,312582.1800,-488395.8900,1426800.2331,0.0000,-696843369685.7087
51,1,319087.6100,-390110.8700,-3756384.9200,1440748.3392,0.0000,-5412005335001.6504
51,2,2032005.2800,2659980.5400,3471711.2300,1061970.9977,0.0000,3686856638624.0898
51,3,1136842.7500,2918013.3400,6434958.3600,1253879.6392,0.0000,8068663266903.0781
51,4,-1513794.8000,-2933345.0100,-5435991.7500,1333198.0531,0.0000,-7247253617643.2783
51,5,287900.1200,888884.5700,2056231.5000,397766.4262,0.0000,817899855100.9894
51,6,-1996502.7500,-3240374.1000,-6756345.0900,1043517.1869,0.0000,-7050362222199.7002
51,7,539549.6800,1135113.8800,2563912.0200,1163051.9992,0.0000,2981963000713.2241
51,8,228312.1200,782866.0800,5211719.2800,1543401.8185,0.0000,8043777014063.3262
51,9,-836418.6100,-2133610.6100,-3301414.7400,1322483.9992,0.0000,-4366068168475.4487
