t_idx,component_idx,node_idx,eigenvalue,explained_variance_ratio,vector_value
0,0,0,0.000000,0.000000,0.000000
0,0,1,0.000000,0.000000,0.000000
0,0,2,0.000000,0.000000,0.000000
0,0,3,0.000000,0.000000,0.000000
0,0,4,0.000000,0.000000,0.000000
0,0,5,0.000000,0.000000,0.000000
0,0,6,0.000000,0.000000,0.000000
0,0,7,0.000000,0.000000,0.000000
0,0,8,0.000000,0.000000,0.000000
0,0,9,0.000000,0.000000,0.000000
0,1,0,0.000000,0.000000,0.000000
0,1,1,0.000000,0.000000,0.000000
0,1,2,0.000000,0.000000,0.000000
0,1,3,0.000000,0.000000,0.000000
0,1,4,0.000000,0.000000,0.000000
0,1,5,0.000000,0.000000,0.000000
0,1,6,0.000000,0.000000,0.000000
0,1,7,0.000000,0.000000,0.000000
0,1,8,0.000000,0.000000,0.000000
0,1,9,0.000000,0.000000,0.000000
0,2,0,0.000000,0.000000,0.000000
0,2,1,0.000000,0.000000,0.000000
0,2,2,0.000000,0.000000,0.000000
0,2,3,0.000000,0.000000,0.000000
0,2,4,0.000000,0.000000,0.000000
0,2,5,0.000000,0.000000,0.000000
0,2,6,0.000000,0.000000,0.000000
0,2,7,0.000000,0.000000,0.000000
0,2,8,0.000000,0.000000,0.000000
0,2,9,0.000000,0.000000,0.000000
1,0,0,0.000000,0.000000,0.000000
1,0,1,0.000000,0.000000,0.000000
1,0,2,0.000000,0.000000,0.000000
1,0,3,0.000000,0.000000,0.000000
1,0,4,0.000000,0.000000,0.000000
1,0,5,0.000000,0.000000,0.000000
1,0,6,0.000000,0.000000,0.000000
1,0,7,0.000000,0.000000,0.000000
1,0,8,0.000000,0.000000,0.000000
1,0,9,0.000000,0.000000,0.000000
1,1,0,0.000000,0.000000,0.000000
1,1,1,0.000000,0.000000,0.000000
1,1,2,0.000000,0.000000,0.000000
1,1,3,0.000000,0.000000,0.000000
1,1,4,0.000000,0.000000,0.000000
1,1,5,0.000000,0.000000,0.000000
1,1,6,0.000000,0.000000,0.000000
1,1,7,0.000000,0.000000,0.000000
1,1,8,0.000000,0.000000,0.000000
1,1,9,0.000000,0.000000,0.000000
1,2,0,0.000000,0.000000,0.000000
1,2,1,0.000000,0.000000,0.000000
1,2,2,0.000000,0.000000,0.000000
1,2,3,0.000000,0.000000,0.000000
1,2,4,0.000000,0.000000,0.000000
1,2,5,0.000000,0.000000,0.000000
1,2,6,0.000000,0.000000,0.000000
1,2,7,0.000000,0.000000,0.000000
1,2,8,0.000000,0.000000,0.000000
1,2,9,0.000000,0.000000,0.000000
2,0,0,24811091.716900,1.000000,0.409523
2,0,1,24811091.716900,1.000000,-0.547042
2,0,2,24811091.716900,1.000000,-0.469883
2,0,3,24811091.716900,1.000000,0.469883
2,0,4,24811091.716900,1.000000,0.137520
2,0,5,24811091.716900,1.000000,-0.190452
2,0,6,24811091.716900,1.000000,0.190452
2,0,7,24811091.716900,1.000000,0.000000
2,0,8,24811091.716900,1.000000,0.000000
2,0,9,24811091.716900,1.000000,0.000000
2,1,0,0.000000,0.000000,0.904438
2,1,1,0.000000,0.000000,0.321585
2,1,2,0.000000,0.000000,0.150458
2,1,3,0.000000,0.000000,-0.150458
2,1,4,0.000000,0.000000,-0.035251
2,1,5,0.000000,0.000000,0.126603
2,1,6,0.000000,0.000000,-0.126603
2,1,7,0.000000,0.000000,-0.000000
2,1,8,0.000000,0.000000,-0.000000
2,1,9,0.000000,0.000000,-0.000000
2,2,0,0.000000,0.000000,0.095024
2,2,1,0.000000,0.000000,-0.180796
2,2,2,0.000000,0.000000,0.395061
2,2,3,0.000000,0.000000,-0.395061
2,2,4,0.000000,0.000000,0.151396
2,2,5,0.000000,0.000000,-0.558219
2,2,6,0.000000,0.000000,0.558219
2,2,7,0.000000,0.000000,0.000000
2,2,8,0.000000,0.000000,0.000000
2,2,9,0.000000,0.000000,0.000000
3,0,0,389487552.994923,0.971963,-0.074888
3,0,1,389487552.994923,0.971963,-0.021276
3,0,2,389487552.994923,0.971963,0.765905
3,0,3,389487552.994923,0.971963,-0.016484
3,0,4,389487552.994923,0.971963,0.096164
3,0,5,389487552.994923,0.971963,-0.162107
3,0,6,389487552.994923,0.971963,0.162107
3,0,7,389487552.994923,0.971963,-0.554205
3,0,8,389487552.994923,0.971963,-0.195215
3,0,9,389487552.994923,0.971963,-0.000000
3,1,0,11235112.536177,0.028037,0.406427
3,1,1,11235112.536177,0.028037,-0.582702
3,1,2,11235112.536177,0.028037,-0.243278
3,1,3,11235112.536177,0.028037,0.489111
3,1,4,11235112.536177,0.028037,0.176274
3,1,5,11235112.536177,0.028037,-0.253613
3,1,6,11235112.536177,0.028037,0.253613
3,1,7,11235112.536177,0.028037,-0.181796
3,1,8,11235112.536177,0.028037,-0.064036
3,1,9,11235112.536177,0.028037,0.000000
3,2,0,0.000000,0.000000,-0.907812
3,2,1,0.000000,0.000000,-0.199015
3,2,2,0.000000,0.000000,-0.193927
3,2,3,0.000000,0.000000,0.241074
3,2,4,0.000000,0.000000,0.078291
3,2,5,0.000000,0.000000,-0.123397
3,2,6,0.000000,0.000000,0.127237
3,2,7,0.000000,0.000000,-0.052705
3,2,8,0.000000,0.000000,-0.014944
3,2,9,0.000000,0.000000,-0.000000
4,0,0,1072863079.209638,0.945205,-0.007593
4,0,1,1072863079.209638,0.945205,-0.023266
4,0,2,1072863079.209638,0.945205,0.624477
4,0,3,1072863079.209638,0.945205,0.018174
4,0,4,1072863079.209638,0.945205,0.030859
4,0,5,1072863079.209638,0.945205,-0.430783
4,0,6,1072863079.209638,0.945205,0.420456
4,0,7,1072863079.209638,0.945205,-0.467611
4,0,8,1072863079.209638,0.945205,-0.164713
4,0,9,1072863079.209638,0.945205,-0.000000
4,1,0,56338839.632922,0.049635,0.184458
4,1,1,56338839.632922,0.049635,-0.033097
4,1,2,56338839.632922,0.049635,-0.486798
4,1,3,56338839.632922,0.049635,0.106220
4,1,4,56338839.632922,0.049635,-0.151361
4,1,5,56338839.632922,0.049635,-0.555954
4,1,6,56338839.632922,0.049635,0.533770
4,1,7,56338839.632922,0.049635,0.297847
4,1,8,56338839.632922,0.049635,0.104915
4,1,9,56338839.632922,0.049635,0.000000
4,2,0,5856982.470290,0.005160,0.371765
4,2,1,5856982.470290,0.005160,-0.646099
4,2,2,5856982.470290,0.005160,-0.157843
4,2,3,5856982.470290,0.005160,0.501823
4,2,4,5856982.470290,0.005160,0.274333
4,2,5,5856982.470290,0.005160,0.089322
4,2,6,5856982.470290,0.005160,-0.075603
4,2,7,5856982.470290,0.005160,-0.264522
4,2,8,5856982.470290,0.005160,-0.093176
4,2,9,5856982.470290,0.005160,0.000000
5,0,0,1192609576.927965,0.758376,-0.019648
5,0,1,1192609576.927965,0.758376,0.057414
5,0,2,1192609576.927965,0.758376,-0.326475
5,0,3,1192609576.927965,0.758376,-0.043449
5,0,4,1192609576.927965,0.758376,-0.037766
5,0,5,1192609576.927965,0.758376,0.630761
5,0,6,1192609576.927965,0.758376,-0.634579
5,0,7,1192609576.927965,0.758376,0.276386
5,0,8,1192609576.927965,0.758376,0.097355
5,0,9,1192609576.927965,0.758376,-0.000000
5,1,0,373443040.409811,0.237471,0.064216
5,1,1,373443040.409811,0.237471,-0.058189
5,1,2,373443040.409811,0.237471,-0.733860
5,1,3,373443040.409811,0.237471,0.048560
5,1,4,373443040.409811,0.237471,-0.006027
5,1,5,373443040.409811,0.237471,-0.290415
5,1,6,373443040.409811,0.237471,0.317113
5,1,7,373443040.409811,0.237471,0.487044
5,1,8,373443040.409811,0.237471,0.171558
5,1,9,373443040.409811,0.237471,0.000000
5,2,0,4395653.795431,0.002795,-0.356603
5,2,1,4395653.795431,0.002795,0.650126
5,2,2,4395653.795431,0.002795,0.155698
5,2,3,4395653.795431,0.002795,-0.495562
5,2,4,4395653.795431,0.002795,-0.293523
5,2,5,4395653.795431,0.002795,-0.095473
5,2,6,4395653.795431,0.002795,0.076263
5,2,7,4395653.795431,0.002795,0.265539
5,2,8,4395653.795431,0.002795,0.093534
5,2,9,4395653.795431,0.002795,0.000000
6,0,0,955518623.041824,0.745969,-0.014798
6,0,1,955518623.041824,0.745969,0.055576
6,0,2,955518623.041824,0.745969,-0.329637
6,0,3,955518623.041824,0.745969,-0.042538
6,0,4,955518623.041824,0.745969,-0.037187
6,0,5,955518623.041824,0.745969,0.629408
6,0,6,955518623.041824,0.745969,-0.634649
6,0,7,955518623.041824,0.745969,0.276448
6,0,8,955518623.041824,0.745969,0.097377
6,0,9,955518623.041824,0.745969,-0.000000
6,1,0,301927665.294157,0.235714,0.086634
6,1,1,301927665.294157,0.235714,-0.066380
6,1,2,301927665.294157,0.235714,-0.736531
6,1,3,301927665.294157,0.235714,0.052398
6,1,4,301927665.294157,0.235714,-0.003019
6,1,5,301927665.294157,0.235714,-0.294397
6,1,6,301927665.294157,0.235714,0.313855
6,1,7,301927665.294157,0.235714,0.478789
6,1,8,301927665.294157,0.235714,0.168650
6,1,9,301927665.294157,0.235714,0.000000
6,2,0,20469481.842227,0.015980,-0.821620
6,2,1,20469481.842227,0.015980,0.346336
6,2,2,20469481.842227,0.015980,0.133754
6,2,3,20469481.842227,0.015980,-0.194065
6,2,4,20469481.842227,0.015980,-0.110274
6,2,5,20469481.842227,0.015980,0.054863
6,2,6,20469481.842227,0.015980,0.196676
6,2,7,20469481.842227,0.015980,0.291611
6,2,8,20469481.842227,0.015980,0.102718
6,2,9,20469481.842227,0.015980,0.000000
7,0,0,811277421.051593,0.745478,-0.010569
7,0,1,811277421.051593,0.745478,0.059465
7,0,2,811277421.051593,0.745478,-0.322605
7,0,3,811277421.051593,0.745478,-0.042023
7,0,4,811277421.051593,0.745478,-0.043747
7,0,5,811277421.051593,0.745478,0.632514
7,0,6,811277421.051593,0.745478,-0.637767
7,0,7,811277421.051593,0.745478,0.269723
7,0,8,811277421.051593,0.745478,0.095008
7,0,9,811277421.051593,0.745478,-0.000000
7,1,0,253874479.145598,0.233284,0.079971
7,1,1,253874479.145598,0.233284,-0.069664
7,1,2,253874479.145598,0.233284,-0.738993
7,1,3,253874479.145598,0.233284,0.050602
7,1,4,253874479.145598,0.233284,0.004704
7,1,5,253874479.145598,0.233284,-0.287725
7,1,6,253874479.145598,0.233284,0.306949
7,1,7,253874479.145598,0.233284,0.483755
7,1,8,253874479.145598,0.233284,0.170400
7,1,9,253874479.145598,0.233284,0.000000
7,2,0,17577067.365829,0.016151,-0.845449
7,2,1,17577067.365829,0.016151,0.300894
7,2,2,17577067.365829,0.016151,0.138001
7,2,3,17577067.365829,0.016151,-0.196537
7,2,4,17577067.365829,0.016151,-0.038883
7,2,5,17577067.365829,0.016151,0.057739
7,2,6,17577067.365829,0.016151,0.185366
7,2,7,17577067.365829,0.016151,0.294969
7,2,8,17577067.365829,0.016151,0.103901
7,2,9,17577067.365829,0.016151,0.000000
8,0,0,714760330.056712,0.698542,-0.042055
8,0,1,714760330.056712,0.698542,0.069093
8,0,2,714760330.056712,0.698542,-0.351353
8,0,3,714760330.056712,0.698542,-0.041589
8,0,4,714760330.056712,0.698542,-0.046181
8,0,5,714760330.056712,0.698542,0.611532
8,0,6,714760330.056712,0.698542,-0.619040
8,0,7,714760330.056712,0.698542,0.312109
8,0,8,714760330.056712,0.698542,0.107484
8,0,9,714760330.056712,0.698542,-0.000000
8,1,0,253546317.304313,0.247793,0.062540
8,1,1,253546317.304313,0.247793,0.018805
8,1,2,253546317.304313,0.247793,0.671119
8,1,3,253546317.304313,0.247793,-0.042119
8,1,4,253546317.304313,0.247793,0.003698
8,1,5,253546317.304313,0.247793,0.336838
8,1,6,253546317.304313,0.247793,-0.345113
8,1,7,253546317.304313,0.247793,-0.528853
8,1,8,253546317.304313,0.247793,-0.176916
8,1,9,253546317.304313,0.247793,0.000000
8,2,0,49172172.383908,0.048056,-0.834203
8,2,1,49172172.383908,0.048056,0.314648
8,2,2,49172172.383908,0.048056,0.330371
8,2,3,49172172.383908,0.048056,-0.100253
8,2,4,49172172.383908,0.048056,-0.057089
8,2,5,49172172.383908,0.048056,-0.027220
8,2,6,49172172.383908,0.048056,0.038400
8,2,7,49172172.383908,0.048056,0.277682
8,2,8,49172172.383908,0.048056,0.057664
8,2,9,49172172.383908,0.048056,0.000000
9,0,0,627627563.834522,0.609850,-0.051509
9,0,1,627627563.834522,0.609850,0.066268
9,0,2,627627563.834522,0.609850,-0.382461
9,0,3,627627563.834522,0.609850,-0.040261
9,0,4,627627563.834522,0.609850,-0.042960
9,0,5,627627563.834522,0.609850,0.595372
9,0,6,627627563.834522,0.609850,-0.599967
9,0,7,627627563.834522,0.609850,0.339642
9,0,8,627627563.834522,0.609850,0.115876
9,0,9,627627563.834522,0.609850,-0.000000
9,1,0,349006573.502922,0.339121,0.135783
9,1,1,349006573.502922,0.339121,0.041418
9,1,2,349006573.502922,0.339121,0.628477
9,1,3,349006573.502922,0.339121,-0.034368
9,1,4,349006573.502922,0.339121,-0.036397
9,1,5,349006573.502922,0.339121,0.350623
9,1,6,349006573.502922,0.339121,-0.387445
9,1,7,349006573.502922,0.339121,-0.530213
9,1,8,349006573.502922,0.339121,-0.167878
9,1,9,349006573.502922,0.339121,0.000000
9,2,0,45145629.510348,0.043867,-0.841739
9,2,1,45145629.510348,0.043867,0.280881
9,2,2,45145629.510348,0.043867,0.377060
9,2,3,45145629.510348,0.043867,-0.104844
9,2,4,45145629.510348,0.043867,-0.021269
9,2,5,45145629.510348,0.043867,0.009191
9,2,6,45145629.510348,0.043867,0.023110
9,2,7,45145629.510348,0.043867,0.238328
9,2,8,45145629.510348,0.043867,0.039282
9,2,9,45145629.510348,0.043867,0.000000
10,0,0,559057599.041831,0.605090,-0.051609
10,0,1,559057599.041831,0.605090,0.067303
10,0,2,559057599.041831,0.605090,-0.388534
10,0,3,559057599.041831,0.605090,-0.039706
10,0,4,559057599.041831,0.605090,-0.044168
10,0,5,559057599.041831,0.605090,0.595169
10,0,6,559057599.041831,0.605090,-0.595393
10,0,7,559057599.041831,0.605090,0.340730
10,0,8,559057599.041831,0.605090,0.116208
10,0,9,559057599.041831,0.605090,-0.000000
10,1,0,312285665.724103,0.337999,0.133469
10,1,1,312285665.724103,0.337999,0.038810
10,1,2,312285665.724103,0.337999,0.631244
10,1,3,312285665.724103,0.337999,-0.035446
10,1,4,312285665.724103,0.337999,-0.033240
10,1,5,312285665.724103,0.337999,0.349589
10,1,6,312285665.724103,0.337999,-0.396260
10,1,7,312285665.724103,0.337999,-0.522729
10,1,8,312285665.724103,0.337999,-0.165437
10,1,9,312285665.724103,0.337999,0.000000
10,2,0,40769876.898864,0.044127,-0.835540
10,2,1,40769876.898864,0.044127,0.260549
10,2,2,40769876.898864,0.044127,0.390151
10,2,3,40769876.898864,0.044127,-0.106281
10,2,4,40769876.898864,0.044127,-0.003688
10,2,5,40769876.898864,0.044127,-0.013156
10,2,6,40769876.898864,0.044127,-0.000014
10,2,7,40769876.898864,0.044127,0.260905
10,2,8,40769876.898864,0.044127,0.047074
10,2,9,40769876.898864,0.044127,0.000000
11,0,0,504286641.147106,0.599818,-0.053951
11,0,1,504286641.147106,0.599818,0.069626
11,0,2,504286641.147106,0.599818,-0.393824
11,0,3,504286641.147106,0.599818,-0.038323
11,0,4,504286641.147106,0.599818,-0.045946
11,0,5,504286641.147106,0.599818,0.595117
11,0,6,504286641.147106,0.599818,-0.590845
11,0,7,504286641.147106,0.599818,0.341664
11,0,8,504286641.147106,0.599818,0.116483
11,0,9,504286641.147106,0.599818,-0.000000
11,1,0,282586640.850362,0.336120,0.136449
11,1,1,282586640.850362,0.336120,0.033845
11,1,2,282586640.850362,0.336120,0.632128
11,1,3,282586640.850362,0.336120,-0.038098
11,1,4,282586640.850362,0.336120,-0.029357
11,1,5,282586640.850362,0.336120,0.348869
11,1,6,282586640.850362,0.336120,-0.404356
11,1,7,282586640.850362,0.336120,-0.516202
11,1,8,282586640.850362,0.336120,-0.163278
11,1,9,282586640.850362,0.336120,0.000000
11,2,0,36782228.602113,0.043750,-0.839731
11,2,1,36782228.602113,0.043750,0.272709
11,2,2,36782228.602113,0.043750,0.382532
11,2,3,36782228.602113,0.043750,-0.100962
11,2,4,36782228.602113,0.043750,-0.014198
11,2,5,36782228.602113,0.043750,-0.002888
11,2,6,36782228.602113,0.043750,0.010813
11,2,7,36782228.602113,0.043750,0.248525
11,2,8,36782228.602113,0.043750,0.043199
11,2,9,36782228.602113,0.043750,0.000000
12,0,0,515242111.473911,0.621491,-0.063505
12,0,1,515242111.473911,0.621491,0.081233
12,0,2,515242111.473911,0.621491,-0.397394
12,0,3,515242111.473911,0.621491,-0.035978
12,0,4,515242111.473911,0.621491,-0.060786
12,0,5,515242111.473911,0.621491,0.562778
12,0,6,515242111.473911,0.621491,-0.592910
12,0,7,515242111.473911,0.621491,0.375536
12,0,8,515242111.473911,0.621491,0.131026
12,0,9,515242111.473911,0.621491,-0.000000
12,1,0,257913845.372559,0.311099,0.136020
12,1,1,257913845.372559,0.311099,0.033037
12,1,2,257913845.372559,0.311099,0.614367
12,1,3,257913845.372559,0.311099,-0.039563
12,1,4,257913845.372559,0.311099,-0.027108
12,1,5,257913845.372559,0.311099,0.373417
12,1,6,257913845.372559,0.311099,-0.420042
12,1,7,257913845.372559,0.311099,-0.508628
12,1,8,257913845.372559,0.311099,-0.161500
12,1,9,257913845.372559,0.311099,0.000000
12,2,0,34986888.409581,0.042202,-0.801515
12,2,1,34986888.409581,0.042202,0.286163
12,2,2,34986888.409581,0.042202,0.422728
12,2,3,34986888.409581,0.042202,-0.094214
12,2,4,34986888.409581,0.042202,-0.051295
12,2,5,34986888.409581,0.042202,-0.072048
12,2,6,34986888.409581,0.042202,-0.027672
12,2,7,34986888.409581,0.042202,0.274872
12,2,8,34986888.409581,0.042202,0.062980
12,2,9,34986888.409581,0.042202,0.000000
13,0,0,534006834.639732,0.609794,-0.067126
13,0,1,534006834.639732,0.609794,0.066641
13,0,2,534006834.639732,0.609794,-0.486661
13,0,3,534006834.639732,0.609794,-0.029934
13,0,4,534006834.639732,0.609794,-0.053797
13,0,5,534006834.639732,0.609794,0.504990
13,0,6,534006834.639732,0.609794,-0.527777
13,0,7,534006834.639732,0.609794,0.439386
13,0,8,534006834.639732,0.609794,0.154277
13,0,9,534006834.639732,0.609794,-0.000000
13,1,0,286529210.780661,0.327194,0.101912
13,1,1,286529210.780661,0.327194,0.043330
13,1,2,286529210.780661,0.327194,0.556414
13,1,3,286529210.780661,0.327194,-0.038653
13,1,4,286529210.780661,0.327194,-0.025740
13,1,5,286529210.780661,0.327194,0.454451
13,1,6,286529210.780661,0.327194,-0.496981
13,1,7,286529210.780661,0.327194,-0.448385
13,1,8,286529210.780661,0.327194,-0.146349
13,1,9,286529210.780661,0.327194,0.000000
13,2,0,35710291.281519,0.040778,-0.825256
13,2,1,35710291.281519,0.040778,0.266233
13,2,2,35710291.281519,0.040778,0.393969
13,2,3,35710291.281519,0.040778,-0.079783
13,2,4,35710291.281519,0.040778,-0.022451
13,2,5,35710291.281519,0.040778,-0.053461
13,2,6,35710291.281519,0.040778,-0.017643
13,2,7,35710291.281519,0.040778,0.282262
13,2,8,35710291.281519,0.040778,0.056129
13,2,9,35710291.281519,0.040778,0.000000
14,0,0,531415247.818796,0.609690,-0.071626
14,0,1,531415247.818796,0.609690,0.068240
14,0,2,531415247.818796,0.609690,-0.499572
14,0,3,531415247.818796,0.609690,-0.032254
14,0,4,531415247.818796,0.609690,-0.053052
14,0,5,531415247.818796,0.609690,0.499053
14,0,6,531415247.818796,0.609690,-0.513766
14,0,7,531415247.818796,0.609690,0.446378
14,0,8,531415247.818796,0.609690,0.156600
14,0,9,531415247.818796,0.609690,-0.000000
14,1,0,281959616.278605,0.323491,0.094485
14,1,1,281959616.278605,0.323491,0.043589
14,1,2,281959616.278605,0.323491,0.548047
14,1,3,281959616.278605,0.323491,-0.043913
14,1,4,281959616.278605,0.323491,-0.020593
14,1,5,281959616.278605,0.323491,0.466058
14,1,6,281959616.278605,0.323491,-0.506869
14,1,7,281959616.278605,0.323491,-0.438172
14,1,8,281959616.278605,0.323491,-0.142633
14,1,9,281959616.278605,0.323491,0.000000
14,2,0,35559380.183112,0.040797,-0.814654
14,2,1,35559380.183112,0.040797,0.249203
14,2,2,35559380.183112,0.040797,0.406471
14,2,3,35559380.183112,0.040797,-0.067008
14,2,4,35559380.183112,0.040797,-0.018209
14,2,5,35559380.183112,0.040797,-0.082286
14,2,6,35559380.183112,0.040797,-0.039828
14,2,7,35559380.183112,0.040797,0.303047
14,2,8,35559380.183112,0.040797,0.063263
14,2,9,35559380.183112,0.040797,0.000000
15,0,0,501888379.639176,0.662673,-0.067536
15,0,1,501888379.639176,0.662673,0.080649
15,0,2,501888379.639176,0.662673,-0.381719
15,0,3,501888379.639176,0.662673,-0.039225
15,0,4,501888379.639176,0.662673,-0.058577
15,0,5,501888379.639176,0.662673,0.573283
15,0,6,501888379.639176,0.662673,-0.600160
15,0,7,501888379.639176,0.662673,0.364422
15,0,8,501888379.639176,0.662673,0.128864
15,0,9,501888379.639176,0.662673,-0.000000
15,1,0,202806024.858072,0.267777,0.198358
15,1,1,202806024.858072,0.267777,-0.009686
15,1,2,202806024.858072,0.267777,0.580195
15,1,3,202806024.858072,0.267777,-0.036122
15,1,4,202806024.858072,0.267777,0.001023
15,1,5,202806024.858072,0.267777,0.377407
15,1,6,202806024.858072,0.267777,-0.395977
15,1,7,202806024.858072,0.267777,-0.541503
15,1,8,202806024.858072,0.267777,-0.173694
15,1,9,202806024.858072,0.267777,0.000000
15,2,0,29467045.656331,0.038907,-0.810517
15,2,1,29467045.656331,0.038907,0.240144
15,2,2,29467045.656331,0.038907,0.472297
15,2,3,29467045.656331,0.038907,-0.091771
15,2,4,29467045.656331,0.038907,0.011294
15,2,5,29467045.656331,0.038907,-0.025454
15,2,6,29467045.656331,0.038907,-0.054187
15,2,7,29467045.656331,0.038907,0.220921
15,2,8,29467045.656331,0.038907,0.037271
15,2,9,29467045.656331,0.038907,0.000000
16,0,0,373572427.568098,0.597971,-0.028098
16,0,1,373572427.568098,0.597971,-0.008113
16,0,2,373572427.568098,0.597971,0.799665
16,0,3,373572427.568098,0.597971,-0.012662
16,0,4,373572427.568098,0.597971,0.007698
16,0,5,373572427.568098,0.597971,0.102313
16,0,6,373572427.568098,0.597971,-0.141609
16,0,7,373572427.568098,0.597971,-0.547107
16,0,8,373572427.568098,0.597971,-0.172086
16,0,9,373572427.568098,0.597971,-0.000000
16,1,0,167676284.102650,0.268396,0.158156
16,1,1,167676284.102650,0.268396,-0.101055
16,1,2,167676284.102650,0.268396,0.054186
16,1,3,167676284.102650,0.268396,0.071611
16,1,4,167676284.102650,0.268396,0.059641
16,1,5,167676284.102650,0.268396,-0.650901
16,1,6,167676284.102650,0.268396,0.693735
16,1,7,167676284.102650,0.268396,-0.203900
16,1,8,167676284.102650,0.268396,-0.081474
16,1,9,167676284.102650,0.268396,0.000000
16,2,0,59747420.119031,0.095637,0.819471
16,2,1,59747420.119031,0.095637,-0.148209
16,2,2,59747420.119031,0.095637,-0.303212
16,2,3,59747420.119031,0.095637,0.010626
16,2,4,59747420.119031,0.095637,0.016846
16,2,5,59747420.119031,0.095637,0.213320
16,2,6,59747420.119031,0.095637,-0.111888
16,2,7,59747420.119031,0.095637,-0.376267
16,2,8,59747420.119031,0.095637,-0.120687
16,2,9,59747420.119031,0.095637,0.000000
17,0,0,581045720.525006,0.780265,-0.198993
17,0,1,581045720.525006,0.780265,-0.025465
17,0,2,581045720.525006,0.780265,0.830141
17,0,3,581045720.525006,0.780265,-0.016794
17,0,4,581045720.525006,0.780265,0.018830
17,0,5,581045720.525006,0.780265,-0.018158
17,0,6,581045720.525006,0.780265,0.055300
17,0,7,581045720.525006,0.780265,-0.493709
17,0,8,581045720.525006,0.780265,-0.151151
17,0,9,581045720.525006,0.780265,-0.000000
17,1,0,91260684.429068,0.122551,0.844242
17,1,1,91260684.429068,0.122551,-0.091873
17,1,2,91260684.429068,0.122551,-0.087436
17,1,3,91260684.429068,0.122551,0.041337
17,1,4,91260684.429068,0.122551,0.003314
17,1,5,91260684.429068,0.122551,0.076154
17,1,6,91260684.429068,0.122551,-0.171630
17,1,7,91260684.429068,0.122551,-0.458099
17,1,8,91260684.429068,0.122551,-0.156009
17,1,9,91260684.429068,0.122551,0.000000
17,2,0,52809618.641765,0.070916,0.046780
17,2,1,52809618.641765,0.070916,-0.210527
17,2,2,52809618.641765,0.070916,-0.182062
17,2,3,52809618.641765,0.070916,0.035022
17,2,4,52809618.641765,0.070916,0.218828
17,2,5,52809618.641765,0.070916,-0.437435
17,2,6,52809618.641765,0.070916,0.800446
17,2,7,52809618.641765,0.070916,-0.170409
17,2,8,52809618.641765,0.070916,-0.100644
17,2,9,52809618.641765,0.070916,0.000000
18,0,0,577795500.887652,0.790731,-0.187966
18,0,1,577795500.887652,0.790731,-0.032451
18,0,2,577795500.887652,0.790731,0.829891
18,0,3,577795500.887652,0.790731,-0.015617
18,0,4,577795500.887652,0.790731,0.022712
18,0,5,577795500.887652,0.790731,-0.023004
18,0,6,577795500.887652,0.790731,0.056001
18,0,7,577795500.887652,0.790731,-0.497271
18,0,8,577795500.887652,0.790731,-0.152294
18,0,9,577795500.887652,0.790731,-0.000000
18,1,0,86855994.610585,0.118865,0.820082
18,1,1,86855994.610585,0.118865,-0.032831
18,1,2,86855994.610585,0.118865,-0.069294
18,1,3,86855994.610585,0.118865,0.028506
18,1,4,86855994.610585,0.118865,-0.048256
18,1,5,86855994.610585,0.118865,0.167666
18,1,6,86855994.610585,0.118865,-0.299812
18,1,7,86855994.610585,0.118865,-0.424864
18,1,8,86855994.610585,0.118865,-0.141198
18,1,9,86855994.610585,0.118865,0.000000
18,2,0,49307617.200205,0.067479,0.162008
18,2,1,49307617.200205,0.067479,-0.121720
18,2,2,49307617.200205,0.067479,-0.244537
18,2,3,49307617.200205,0.067479,0.035971
18,2,4,49307617.200205,0.067479,0.154400
18,2,5,49307617.200205,0.067479,-0.336985
18,2,6,49307617.200205,0.067479,0.803721
18,2,7,49307617.200205,0.067479,-0.303694
18,2,8,49307617.200205,0.067479,-0.149163
18,2,9,49307617.200205,0.067479,0.000000
19,0,0,585345831.677384,0.783229,-0.197154
19,0,1,585345831.677384,0.783229,-0.029163
19,0,2,585345831.677384,0.783229,0.833678
19,0,3,585345831.677384,0.783229,-0.013789
19,0,4,585345831.677384,0.783229,0.018781
19,0,5,585345831.677384,0.783229,-0.016433
19,0,6,585345831.677384,0.783229,0.043960
19,0,7,585345831.677384,0.783229,-0.489930
19,0,8,585345831.677384,0.783229,-0.149950
19,0,9,585345831.677384,0.783229,-0.000000
19,1,0,88173585.970429,0.117982,0.840200
19,1,1,88173585.970429,0.117982,-0.059298
19,1,2,88173585.970429,0.117982,-0.100427
19,1,3,88173585.970429,0.117982,0.021589
19,1,4,88173585.970429,0.117982,-0.008728
19,1,5,88173585.970429,0.117982,0.089382
19,1,6,88173585.970429,0.117982,-0.147920
19,1,7,88173585.970429,0.117982,-0.473229
19,1,8,88173585.970429,0.117982,-0.161569
19,1,9,88173585.970429,0.117982,0.000000
19,2,0,56926219.970870,0.076171,-0.011778
19,2,1,56926219.970870,0.076171,0.130764
19,2,2,56926219.970870,0.076171,0.205541
19,2,3,56926219.970870,0.076171,-0.005622
19,2,4,56926219.970870,0.076171,-0.169984
19,2,5,56926219.970870,0.076171,0.368023
19,2,6,56926219.970870,0.076171,-0.846302
19,2,7,56926219.970870,0.076171,0.217983
19,2,8,56926219.970870,0.076171,0.111375
19,2,9,56926219.970870,0.076171,0.000000
20,0,0,561430340.834235,0.806976,-0.263558
20,0,1,561430340.834235,0.806976,-0.020895
20,0,2,561430340.834235,0.806976,0.841786
20,0,3,561430340.834235,0.806976,-0.012900
20,0,4,561430340.834235,0.806976,0.020812
20,0,5,561430340.834235,0.806976,-0.025074
20,0,6,561430340.834235,0.806976,0.043677
20,0,7,561430340.834235,0.806976,-0.446716
20,0,8,561430340.834235,0.806976,-0.137132
20,0,9,561430340.834235,0.806976,0.000000
20,1,0,62619241.355994,0.090006,-0.453914
20,1,1,62619241.355994,0.090006,0.116740
20,1,2,62619241.355994,0.090006,0.180361
20,1,3,62619241.355994,0.090006,0.016546
20,1,4,62619241.355994,0.090006,-0.135587
20,1,5,62619241.355994,0.090006,0.266629
20,1,6,62619241.355994,0.090006,-0.640900
20,1,7,62619241.355994,0.090006,0.459174
20,1,8,62619241.355994,0.090006,0.190951
20,1,9,62619241.355994,0.090006,-0.000000
20,2,0,54627938.520324,0.078520,-0.695644
20,2,1,54627938.520324,0.078520,-0.049776
20,2,2,54627938.520324,0.078520,-0.084025
20,2,3,54627938.520324,0.078520,0.002556
20,2,4,54627938.520324,0.078520,0.082992
20,2,5,54627938.520324,0.078520,-0.238132
20,2,6,54627938.520324,0.078520,0.586560
20,2,7,54627938.520324,0.078520,0.299445
20,2,8,54627938.520324,0.078520,0.096025
20,2,9,54627938.520324,0.078520,0.000000
21,0,0,606473779.182596,0.844252,-0.266606
21,0,1,606473779.182596,0.844252,-0.031503
21,0,2,606473779.182596,0.844252,0.845055
21,0,3,606473779.182596,0.844252,-0.007156
21,0,4,606473779.182596,0.844252,0.025664
21,0,5,606473779.182596,0.844252,-0.040541
21,0,6,606473779.182596,0.844252,0.044918
21,0,7,606473779.182596,0.844252,-0.438352
21,0,8,606473779.182596,0.844252,-0.131479
21,0,9,606473779.182596,0.844252,-0.000000
21,1,0,62445984.681384,0.086929,0.360194
21,1,1,62445984.681384,0.086929,-0.127222
21,1,2,62445984.681384,0.086929,-0.188692
21,1,3,62445984.681384,0.086929,-0.014074
21,1,4,62445984.681384,0.086929,0.148263
21,1,5,62445984.681384,0.086929,-0.302661
21,1,6,62445984.681384,0.086929,0.710469
21,1,7,62445984.681384,0.086929,-0.411587
21,1,8,62445984.681384,0.086929,-0.174689
21,1,9,62445984.681384,0.086929,0.000000
21,2,0,34198797.316715,0.047607,-0.777924
21,2,1,34198797.316715,0.047607,0.107838
21,2,2,34198797.316715,0.047607,-0.132724
21,2,3,34198797.316715,0.047607,-0.031325
21,2,4,34198797.316715,0.047607,-0.038865
21,2,5,34198797.316715,0.047607,0.007437
21,2,6,34198797.316715,0.047607,0.547238
21,2,7,34198797.316715,0.047607,0.239497
21,2,8,34198797.316715,0.047607,0.078828
21,2,9,34198797.316715,0.047607,0.000000
22,0,0,602904801.910008,0.751346,-0.244283
22,0,1,602904801.910008,0.751346,-0.028460
22,0,2,602904801.910008,0.751346,0.841205
22,0,3,602904801.910008,0.751346,-0.006783
22,0,4,602904801.910008,0.751346,0.022030
22,0,5,602904801.910008,0.751346,-0.035062
22,0,6,602904801.910008,0.751346,0.045609
22,0,7,602904801.910008,0.751346,-0.457564
22,0,8,602904801.910008,0.751346,-0.136692
22,0,9,602904801.910008,0.751346,-0.000000
22,1,0,137879183.157372,0.171826,0.827885
22,1,1,137879183.157372,0.171826,-0.076892
22,1,2,137879183.157372,0.171826,-0.074290
22,1,3,137879183.157372,0.171826,-0.002537
22,1,4,137879183.157372,0.171826,0.054864
22,1,5,137879183.157372,0.171826,-0.110021
22,1,6,137879183.157372,0.171826,0.046644
22,1,7,137879183.157372,0.171826,-0.512175
22,1,8,137879183.157372,0.171826,-0.153479
22,1,9,137879183.157372,0.171826,0.000000
22,2,0,52974065.819250,0.066017,0.214161
22,2,1,52974065.819250,0.066017,0.074831
22,2,2,52974065.819250,0.066017,0.209527
22,2,3,52974065.819250,0.066017,0.024963
22,2,4,52974065.819250,0.066017,-0.127172
22,2,5,52974065.819250,0.066017,0.279566
22,2,6,52974065.819250,0.066017,-0.886979
22,2,7,52974065.819250,0.066017,0.123808
22,2,8,52974065.819250,0.066017,0.087295
22,2,9,52974065.819250,0.066017,0.000000
23,0,0,638190593.256949,0.713826,-0.319093
23,0,1,638190593.256949,0.713826,-0.035888
23,0,2,638190593.256949,0.713826,0.831278
23,0,3,638190593.256949,0.713826,-0.004268
23,0,4,638190593.256949,0.713826,0.026123
23,0,5,638190593.256949,0.713826,-0.043999
23,0,6,638190593.256949,0.713826,0.094524
23,0,7,638190593.256949,0.713826,-0.422283
23,0,8,638190593.256949,0.713826,-0.126393
23,0,9,638190593.256949,0.713826,0.000000
23,1,0,178650908.927471,0.199824,-0.823979
23,1,1,178650908.927471,0.199824,0.014484
23,1,2,178650908.927471,0.199824,-0.054811
23,1,3,178650908.927471,0.199824,0.004283
23,1,4,178650908.927471,0.199824,-0.011056
23,1,5,178650908.927471,0.199824,0.023299
23,1,6,178650908.927471,0.199824,0.190833
23,1,7,178650908.927471,0.199824,0.508688
23,1,8,178650908.927471,0.199824,0.148260
23,1,9,178650908.927471,0.199824,-0.000000
23,2,0,69967334.257908,0.078260,-0.042938
23,2,1,69967334.257908,0.078260,0.151434
23,2,2,69967334.257908,0.078260,0.239225
23,2,3,69967334.257908,0.078260,0.018620
23,2,4,69967334.257908,0.078260,-0.152527
23,2,5,69967334.257908,0.078260,0.313892
23,2,6,69967334.257908,0.078260,-0.856922
23,2,7,69967334.257908,0.078260,0.225231
23,2,8,69967334.257908,0.078260,0.103985
23,2,9,69967334.257908,0.078260,0.000000
24,0,0,617112413.654721,0.739630,-0.344320
24,0,1,617112413.654721,0.739630,-0.026828
24,0,2,617112413.654721,0.739630,0.840000
24,0,3,617112413.654721,0.739630,-0.004531
24,0,4,617112413.654721,0.739630,0.016370
24,0,5,617112413.654721,0.739630,-0.024648
24,0,6,617112413.654721,0.739630,0.056588
24,0,7,617112413.654721,0.739630,-0.397081
24,0,8,617112413.654721,0.739630,-0.115550
24,0,9,617112413.654721,0.739630,0.000000
24,1,0,177911703.156723,0.213233,-0.811748
24,1,1,177911703.156723,0.213233,0.008221
24,1,2,177911703.156723,0.213233,-0.103860
24,1,3,177911703.156723,0.213233,0.007348
24,1,4,177911703.156723,0.213233,-0.004096
24,1,5,177911703.156723,0.213233,0.006430
24,1,6,177911703.156723,0.213233,0.279439
24,1,7,177911703.156723,0.213233,0.483613
24,1,8,177911703.156723,0.213233,0.134652
24,1,9,177911703.156723,0.213233,-0.000000
24,2,0,28063458.579589,0.033635,0.120067
24,2,1,28063458.579589,0.033635,-0.176229
24,2,2,28063458.579589,0.033635,-0.172640
24,2,3,28063458.579589,0.033635,-0.079687
24,2,4,28063458.579589,0.033635,0.153152
24,2,5,28063458.579589,0.033635,-0.321833
24,2,6,28063458.579589,0.033635,0.837915
24,2,7,28063458.579589,0.033635,-0.290307
24,2,8,28063458.579589,0.033635,-0.070439
24,2,9,28063458.579589,0.033635,0.000000
25,0,0,636482481.133021,0.724377,-0.291110
25,0,1,636482481.133021,0.724377,-0.027169
25,0,2,636482481.133021,0.724377,0.849693
25,0,3,636482481.133021,0.724377,-0.014320
25,0,4,636482481.133021,0.724377,0.013316
25,0,5,636482481.133021,0.724377,-0.023801
25,0,6,636482481.133021,0.724377,0.029905
25,0,7,636482481.133021,0.724377,-0.421181
25,0,8,636482481.133021,0.724377,-0.115332
25,0,9,636482481.133021,0.724377,0.000000
25,1,0,202346306.640756,0.230289,-0.832397
25,1,1,202346306.640756,0.230289,0.001210
25,1,2,202346306.640756,0.230289,-0.059602
25,1,3,202346306.640756,0.230289,0.023558
25,1,4,202346306.640756,0.230289,0.002293
25,1,5,202346306.640756,0.230289,0.002233
25,1,6,202346306.640756,0.230289,0.303977
25,1,7,202346306.640756,0.230289,0.444447
25,1,8,202346306.640756,0.230289,0.114280
25,1,9,202346306.640756,0.230289,-0.000000
25,2,0,28691778.157919,0.032654,0.135415
25,2,1,28691778.157919,0.032654,-0.180915
25,2,2,28691778.157919,0.032654,-0.166459
25,2,3,28691778.157919,0.032654,-0.064262
25,2,4,28691778.157919,0.032654,0.152225
25,2,5,28691778.157919,0.032654,-0.314792
25,2,6,28691778.157919,0.032654,0.831310
25,2,7,28691778.157919,0.032654,-0.311833
25,2,8,28691778.157919,0.032654,-0.080690
25,2,9,28691778.157919,0.032654,0.000000
26,0,0,709040560.565238,0.732716,-0.221306
26,0,1,709040560.565238,0.732716,-0.027659
26,0,2,709040560.565238,0.732716,0.846369
26,0,3,709040560.565238,0.732716,-0.015846
26,0,4,709040560.565238,0.732716,0.021786
26,0,5,709040560.565238,0.732716,-0.039848
26,0,6,709040560.565238,0.732716,0.026240
26,0,7,709040560.565238,0.732716,-0.463720
26,0,8,709040560.565238,0.732716,-0.126015
26,0,9,709040560.565238,0.732716,0.000000
26,1,0,220500506.847349,0.227863,-0.858110
26,1,1,220500506.847349,0.227863,0.004623
26,1,2,220500506.847349,0.227863,0.016999
26,1,3,220500506.847349,0.227863,0.021378
26,1,4,220500506.847349,0.227863,-0.013881
26,1,5,220500506.847349,0.227863,0.031019
26,1,6,220500506.847349,0.227863,0.268191
26,1,7,220500506.847349,0.227863,0.422157
26,1,8,220500506.847349,0.227863,0.107623
26,1,9,220500506.847349,0.227863,-0.000000
26,2,0,30676376.778570,0.031701,0.083110
26,2,1,30676376.778570,0.031701,-0.107048
26,2,2,30676376.778570,0.031701,-0.210785
26,2,3,30676376.778570,0.031701,-0.067850
26,2,4,30676376.778570,0.031701,0.128204
26,2,5,30676376.778570,0.031701,-0.284197
26,2,6,30676376.778570,0.031701,0.854212
26,2,7,30676376.778570,0.031701,-0.314976
26,2,8,30676376.778570,0.031701,-0.080670
26,2,9,30676376.778570,0.031701,0.000000
27,0,0,709290910.710542,0.738431,-0.222688
27,0,1,709290910.710542,0.738431,-0.028434
27,0,2,709290910.710542,0.738431,0.845945
27,0,3,709290910.710542,0.738431,-0.015861
27,0,4,709290910.710542,0.738431,0.023125
27,0,5,709290910.710542,0.738431,-0.042474
27,0,6,709290910.710542,0.738431,0.029609
27,0,7,709290910.710542,0.738431,-0.463313
27,0,8,709290910.710542,0.738431,-0.125908
27,0,9,709290910.710542,0.738431,0.000000
27,1,0,218170980.730157,0.227134,-0.858662
27,1,1,218170980.730157,0.227134,0.002701
27,1,2,218170980.730157,0.227134,0.020459
27,1,3,218170980.730157,0.227134,0.023043
27,1,4,218170980.730157,0.227134,-0.017545
27,1,5,218170980.730157,0.227134,0.039890
27,1,6,218170980.730157,0.227134,0.249589
27,1,7,218170980.730157,0.227134,0.430676
27,1,8,218170980.730157,0.227134,0.109849
27,1,9,218170980.730157,0.227134,-0.000000
27,2,0,23570215.835135,0.024539,0.086271
27,2,1,23570215.835135,0.024539,-0.224531
27,2,2,23570215.835135,0.024539,-0.186063
27,2,3,23570215.835135,0.024539,-0.058453
27,2,4,23570215.835135,0.024539,0.145293
27,2,5,23570215.835135,0.024539,-0.290629
27,2,6,23570215.835135,0.024539,0.852669
27,2,7,23570215.835135,0.024539,-0.259283
27,2,8,23570215.835135,0.024539,-0.065273
27,2,9,23570215.835135,0.024539,0.000000
28,0,0,518216378.941609,0.670260,-0.165328
28,0,1,518216378.941609,0.670260,-0.044346
28,0,2,518216378.941609,0.670260,0.845181
28,0,3,518216378.941609,0.670260,-0.017900
28,0,4,518216378.941609,0.670260,0.031537
28,0,5,518216378.941609,0.670260,-0.060720
28,0,6,518216378.941609,0.670260,0.023901
28,0,7,518216378.941609,0.670260,-0.483715
28,0,8,518216378.941609,0.670260,-0.129672
28,0,9,518216378.941609,0.670260,0.001062
28,1,0,217257145.511761,0.281000,-0.866803
28,1,1,217257145.511761,0.281000,-0.012935
28,1,2,217257145.511761,0.281000,0.074287
28,1,3,217257145.511761,0.281000,0.023611
28,1,4,217257145.511761,0.281000,-0.006649
28,1,5,217257145.511761,0.281000,0.019459
28,1,6,217257145.511761,0.281000,0.254083
28,1,7,217257145.511761,0.281000,0.408077
28,1,8,217257145.511761,0.281000,0.104375
28,1,9,217257145.511761,0.281000,0.002496
28,2,0,23428393.913143,0.030302,0.102206
28,2,1,23428393.913143,0.030302,-0.243209
28,2,2,23428393.913143,0.030302,-0.192424
28,2,3,23428393.913143,0.030302,-0.049234
28,2,4,23428393.913143,0.030302,0.170182
28,2,5,23428393.913143,0.030302,-0.330186
28,2,6,23428393.913143,0.030302,0.832479
28,2,7,23428393.913143,0.030302,-0.237170
28,2,8,23428393.913143,0.030302,-0.060304
28,2,9,23428393.913143,0.030302,0.007661
29,0,0,411083700.065206,0.644639,-0.045446
29,0,1,411083700.065206,0.644639,0.037461
29,0,2,411083700.065206,0.644639,-0.794521
29,0,3,411083700.065206,0.644639,0.005860
29,0,4,411083700.065206,0.644639,-0.037043
29,0,5,411083700.065206,0.644639,0.068092
29,0,6,411083700.065206,0.644639,0.038411
29,0,7,411083700.065206,0.644639,0.576100
29,0,8,411083700.065206,0.644639,0.160525
29,0,9,411083700.065206,0.644639,-0.009439
29,1,0,188139019.825686,0.295029,-0.883102
29,1,1,188139019.825686,0.295029,-0.027987
29,1,2,188139019.825686,0.295029,0.272485
29,1,3,188139019.825686,0.295029,0.037460
29,1,4,188139019.825686,0.295029,0.012125
29,1,5,188139019.825686,0.295029,-0.012627
29,1,6,188139019.825686,0.295029,0.251742
29,1,7,188139019.825686,0.295029,0.275180
29,1,8,188139019.825686,0.295029,0.064744
29,1,9,188139019.825686,0.295029,0.009980
29,2,0,23382710.168385,0.036667,-0.113351
29,2,1,23382710.168385,0.036667,0.246192
29,2,2,23382710.168385,0.036667,0.193642
29,2,3,23382710.168385,0.036667,0.059468
29,2,4,23382710.168385,0.036667,-0.168971
29,2,5,23382710.168385,0.036667,0.330519
29,2,6,23382710.168385,0.036667,-0.831273
29,2,7,23382710.168385,0.036667,0.231821
29,2,8,23382710.168385,0.036667,0.054326
29,2,9,23382710.168385,0.036667,-0.002374
30,0,0,457967469.987798,0.657918,-0.126607
30,0,1,457967469.987798,0.657918,0.044297
30,0,2,457967469.987798,0.657918,-0.760662
30,0,3,457967469.987798,0.657918,-0.002219
30,0,4,457967469.987798,0.657918,-0.031538
30,0,5,457967469.987798,0.657918,0.059952
30,0,6,457967469.987798,0.657918,0.045282
30,0,7,457967469.987798,0.657918,0.605229
30,0,8,457967469.987798,0.657918,0.174327
30,0,9,457967469.987798,0.657918,-0.008061
30,1,0,198282991.261026,0.284854,-0.875205
30,1,1,198282991.261026,0.284854,-0.023562
30,1,2,198282991.261026,0.284854,0.350319
30,1,3,198282991.261026,0.284854,0.025356
30,1,4,198282991.261026,0.284854,0.020397
30,1,5,198282991.261026,0.284854,-0.026222
30,1,6,198282991.261026,0.284854,0.230482
30,1,7,198282991.261026,0.284854,0.228747
30,1,8,198282991.261026,0.284854,0.058462
30,1,9,198282991.261026,0.284854,0.011226
30,2,0,24177526.426085,0.034734,-0.087437
30,2,1,24177526.426085,0.034734,0.242145
30,2,2,24177526.426085,0.034734,0.215067
30,2,3,24177526.426085,0.034734,0.027705
30,2,4,24177526.426085,0.034734,-0.137022
30,2,5,24177526.426085,0.034734,0.276074
30,2,6,24177526.426085,0.034734,-0.852916
30,2,7,24177526.426085,0.034734,0.242017
30,2,8,24177526.426085,0.034734,0.075286
30,2,9,24177526.426085,0.034734,-0.000918
31,0,0,456343020.965507,0.658687,-0.135532
31,0,1,456343020.965507,0.658687,0.045099
31,0,2,456343020.965507,0.658687,-0.756340
31,0,3,456343020.965507,0.658687,-0.001682
31,0,4,456343020.965507,0.658687,-0.032008
31,0,5,456343020.965507,0.658687,0.060621
31,0,6,456343020.965507,0.658687,0.044304
31,0,7,456343020.965507,0.658687,0.608376
31,0,8,456343020.965507,0.658687,0.175202
31,0,9,456343020.965507,0.658687,-0.008041
31,1,0,195494039.713917,0.282177,-0.871877
31,1,1,195494039.713917,0.282177,-0.033592
31,1,2,195494039.713917,0.282177,0.352453
31,1,3,195494039.713917,0.282177,0.030362
31,1,4,195494039.713917,0.282177,0.025198
31,1,5,195494039.713917,0.282177,-0.034259
31,1,6,195494039.713917,0.282177,0.247522
31,1,7,195494039.713917,0.282177,0.217511
31,1,8,195494039.713917,0.282177,0.055107
31,1,9,195494039.713917,0.282177,0.011575
31,2,0,23707474.903202,0.034219,-0.110330
31,2,1,23707474.903202,0.034219,0.282986
31,2,2,23707474.903202,0.034219,0.222565
31,2,3,23707474.903202,0.034219,-0.033184
31,2,4,23707474.903202,0.034219,-0.150106
31,2,5,23707474.903202,0.034219,0.309027
31,2,6,23707474.903202,0.034219,-0.824757
31,2,7,23707474.903202,0.034219,0.232163
31,2,8,23707474.903202,0.034219,0.070387
31,2,9,23707474.903202,0.034219,0.001248
32,0,0,482640734.519383,0.577208,-0.085376
32,0,1,482640734.519383,0.577208,-0.050781
32,0,2,482640734.519383,0.577208,0.808470
32,0,3,482640734.519383,0.577208,0.015733
32,0,4,482640734.519383,0.577208,0.041389
32,0,5,482640734.519383,0.577208,-0.155519
32,0,6,482640734.519383,0.577208,0.096954
32,0,7,482640734.519383,0.577208,-0.526910
32,0,8,482640734.519383,0.577208,-0.152497
32,0,9,482640734.519383,0.577208,0.008536
32,1,0,315720275.803616,0.377581,-0.815015
32,1,1,315720275.803616,0.377581,-0.010384
32,1,2,315720275.803616,0.377581,0.097373
32,1,3,315720275.803616,0.377581,0.043424
32,1,4,315720275.803616,0.377581,0.019061
32,1,5,315720275.803616,0.377581,-0.187702
32,1,6,315720275.803616,0.377581,0.367206
32,1,7,315720275.803616,0.377581,0.377974
32,1,8,315720275.803616,0.377581,0.104715
32,1,9,315720275.803616,0.377581,0.003348
32,2,0,21798581.410772,0.026070,0.365475
32,2,1,21798581.410772,0.026070,-0.142373
32,2,2,21798581.410772,0.026070,-0.050738
32,2,3,21798581.410772,0.026070,0.125527
32,2,4,21798581.410772,0.026070,0.169925
32,2,5,21798581.410772,0.026070,-0.858304
32,2,6,21798581.410772,0.026070,0.175292
32,2,7,21798581.410772,0.026070,0.154590
32,2,8,21798581.410772,0.026070,0.084176
32,2,9,21798581.410772,0.026070,-0.023570
33,0,0,386514756.927289,0.439071,-0.247228
33,0,1,386514756.927289,0.439071,-0.035130
33,0,2,386514756.927289,0.439071,0.813198
33,0,3,386514756.927289,0.439071,0.018766
33,0,4,386514756.927289,0.439071,0.039484
33,0,5,386514756.927289,0.439071,-0.179150
33,0,6,386514756.927289,0.439071,0.159134
33,0,7,386514756.927289,0.439071,-0.446006
33,0,8,386514756.927289,0.439071,-0.134091
33,0,9,386514756.927289,0.439071,0.011023
33,1,0,342506129.864020,0.389078,-0.687457
33,1,1,342506129.864020,0.389078,-0.011171
33,1,2,342506129.864020,0.389078,-0.129340
33,1,3,342506129.864020,0.389078,0.049458
33,1,4,342506129.864020,0.389078,0.018795
33,1,5,342506129.864020,0.389078,-0.268080
33,1,6,342506129.864020,0.389078,0.508925
33,1,7,342506129.864020,0.389078,0.404507
33,1,8,342506129.864020,0.389078,0.115111
33,1,9,342506129.864020,0.389078,-0.000747
33,2,0,128040899.024562,0.145451,-0.480758
33,2,1,128040899.024562,0.145451,0.016641
33,2,2,128040899.024562,0.145451,0.268201
33,2,3,128040899.024562,0.145451,-0.039893
33,2,4,128040899.024562,0.145451,-0.024943
33,2,5,128040899.024562,0.145451,0.453879
33,2,6,128040899.024562,0.145451,-0.613502
33,2,7,128040899.024562,0.145451,0.322695
33,2,8,128040899.024562,0.145451,0.088559
33,2,9,128040899.024562,0.145451,0.009120
34,0,0,521204135.334260,0.560816,-0.128204
34,0,1,521204135.334260,0.560816,-0.028426
34,0,2,521204135.334260,0.560816,0.847000
34,0,3,521204135.334260,0.560816,0.011143
34,0,4,521204135.334260,0.560816,0.028100
34,0,5,521204135.334260,0.560816,-0.091415
34,0,6,521204135.334260,0.560816,-0.023701
34,0,7,521204135.334260,0.560816,-0.486284
34,0,8,521204135.334260,0.560816,-0.137666
34,0,9,521204135.334260,0.560816,0.009453
34,1,0,285748696.426550,0.307466,-0.591995
34,1,1,285748696.426550,0.307466,-0.021063
34,1,2,285748696.426550,0.307466,0.002826
34,1,3,285748696.426550,0.307466,0.061318
34,1,4,285748696.426550,0.307466,0.029013
34,1,5,285748696.426550,0.307466,-0.396194
34,1,6,285748696.426550,0.307466,0.669157
34,1,7,285748696.426550,0.307466,0.191964
34,1,8,285748696.426550,0.307466,0.053804
34,1,9,285748696.426550,0.307466,0.001169
34,2,0,98482897.468067,0.105968,0.634817
34,2,1,98482897.468067,0.105968,-0.021965
34,2,2,98482897.468067,0.105968,-0.197267
34,2,3,98482897.468067,0.105968,0.014442
34,2,4,98482897.468067,0.105968,0.037398
34,2,5,98482897.468067,0.105968,-0.374845
34,2,6,98482897.468067,0.105968,0.468675
34,2,7,98482897.468067,0.105968,-0.423387
34,2,8,98482897.468067,0.105968,-0.128424
34,2,9,98482897.468067,0.105968,-0.009445
35,0,0,551418666.948816,0.572850,-0.113328
35,0,1,551418666.948816,0.572850,0.008692
35,0,2,551418666.948816,0.572850,-0.785021
35,0,3,551418666.948816,0.572850,0.004695
35,0,4,551418666.948816,0.572850,-0.007848
35,0,5,551418666.948816,0.572850,0.002446
35,0,6,551418666.948816,0.572850,0.185116
35,0,7,551418666.948816,0.572850,0.559104
35,0,8,551418666.948816,0.572850,0.154279
35,0,9,551418666.948816,0.572850,-0.008134
35,1,0,288943097.702780,0.300173,-0.596848
35,1,1,288943097.702780,0.300173,-0.038588
35,1,2,288943097.702780,0.300173,0.276242
35,1,3,288943097.702780,0.300173,0.068126
35,1,4,288943097.702780,0.300173,0.060509
35,1,5,288943097.702780,0.300173,-0.450274
35,1,6,288943097.702780,0.300173,0.591395
35,1,7,288943097.702780,0.300173,0.070560
35,1,8,288943097.702780,0.300173,0.012528
35,1,9,288943097.702780,0.300173,0.006350
35,2,0,103445219.786992,0.107466,-0.591810
35,2,1,103445219.786992,0.107466,-0.000159
35,2,2,103445219.786992,0.107466,0.277033
35,2,3,103445219.786992,0.107466,-0.009166
35,2,4,103445219.786992,0.107466,0.002073
35,2,5,103445219.786992,0.107466,0.316783
35,2,6,103445219.786992,0.107466,-0.536584
35,2,7,103445219.786992,0.107466,0.413646
35,2,8,103445219.786992,0.107466,0.115730
35,2,9,103445219.786992,0.107466,0.012455
36,0,0,560035441.005359,0.540510,-0.036409
36,0,1,560035441.005359,0.540510,0.006737
36,0,2,560035441.005359,0.540510,-0.812062
36,0,3,560035441.005359,0.540510,-0.000579
36,0,4,560035441.005359,0.540510,-0.007450
36,0,5,560035441.005359,0.540510,0.017455
36,0,6,560035441.005359,0.540510,0.148129
36,0,7,560035441.005359,0.540510,0.542501
36,0,8,560035441.005359,0.540510,0.150016
36,0,9,560035441.005359,0.540510,-0.008337
36,1,0,334552466.499857,0.322889,-0.695576
36,1,1,334552466.499857,0.322889,-0.022745
36,1,2,334552466.499857,0.322889,0.234416
36,1,3,334552466.499857,0.322889,0.064478
36,1,4,334552466.499857,0.322889,0.043928
36,1,5,334552466.499857,0.322889,-0.367259
36,1,6,334552466.499857,0.322889,0.541365
36,1,7,334552466.499857,0.322889,0.158774
36,1,8,334552466.499857,0.322889,0.037835
36,1,9,334552466.499857,0.322889,0.004784
36,2,0,121184278.688745,0.116959,-0.523221
36,2,1,121184278.688745,0.116959,0.028684
36,2,2,121184278.688745,0.116959,0.202955
36,2,3,121184278.688745,0.116959,-0.021638
36,2,4,121184278.688745,0.116959,-0.030969
36,2,5,121184278.688745,0.116959,0.427937
36,2,6,121184278.688745,0.116959,-0.583686
36,2,7,121184278.688745,0.116959,0.383472
36,2,8,121184278.688745,0.116959,0.108959
36,2,9,121184278.688745,0.116959,0.007507
37,0,0,436435789.026930,0.458782,-0.029207
37,0,1,436435789.026930,0.458782,-0.009466
37,0,2,436435789.026930,0.458782,0.827509
37,0,3,436435789.026930,0.458782,0.019191
37,0,4,436435789.026930,0.458782,0.003487
37,0,5,436435789.026930,0.458782,-0.014070
37,0,6,436435789.026930,0.458782,-0.139596
37,0,7,436435789.026930,0.458782,-0.522080
37,0,8,436435789.026930,0.458782,-0.146738
37,0,9,436435789.026930,0.458782,0.010971
37,1,0,360395350.634739,0.378848,-0.657577
37,1,1,360395350.634739,0.378848,-0.025835
37,1,2,360395350.634739,0.378848,0.167011
37,1,3,360395350.634739,0.378848,0.054022
37,1,4,360395350.634739,0.378848,0.050933
37,1,5,360395350.634739,0.378848,-0.376807
37,1,6,360395350.634739,0.378848,0.608375
37,1,7,360395350.634739,0.378848,0.142281
37,1,8,360395350.634739,0.378848,0.034068
37,1,9,360395350.634739,0.378848,0.003528
37,2,0,130666704.037312,0.137357,-0.562698
37,2,1,130666704.037312,0.137357,0.029965
37,2,2,130666704.037312,0.137357,0.197148
37,2,3,130666704.037312,0.137357,-0.007411
37,2,4,130666704.037312,0.137357,-0.031411
37,2,5,130666704.037312,0.137357,0.349103
37,2,6,130666704.037312,0.137357,-0.552966
37,2,7,130666704.037312,0.137357,0.446115
37,2,8,130666704.037312,0.137357,0.125946
37,2,9,130666704.037312,0.137357,0.006209
38,0,0,448910780.876845,0.474742,-0.034796
38,0,1,448910780.876845,0.474742,-0.001014
38,0,2,448910780.876845,0.474742,0.828607
38,0,3,448910780.876845,0.474742,0.025833
38,0,4,448910780.876845,0.474742,-0.016192
38,0,5,448910780.876845,0.474742,0.039078
38,0,6,448910780.876845,0.474742,-0.219025
38,0,7,448910780.876845,0.474742,-0.491563
38,0,8,448910780.876845,0.474742,-0.141503
38,0,9,448910780.876845,0.474742,0.010573
38,1,0,359787175.728292,0.380490,-0.666852
38,1,1,359787175.728292,0.380490,-0.025347
38,1,2,359787175.728292,0.380490,0.219308
38,1,3,359787175.728292,0.380490,0.056223
38,1,4,359787175.728292,0.380490,0.048568
38,1,5,359787175.728292,0.380490,-0.371499
38,1,6,359787175.728292,0.380490,0.590204
38,1,7,359787175.728292,0.380490,0.118128
38,1,8,359787175.728292,0.380490,0.026910
38,1,9,359787175.728292,0.380490,0.004356
38,2,0,113873186.934905,0.120426,-0.553055
38,2,1,113873186.934905,0.120426,0.023364
38,2,2,113873186.934905,0.120426,0.125871
38,2,3,113873186.934905,0.120426,-0.026794
38,2,4,113873186.934905,0.120426,-0.004016
38,2,5,113873186.934905,0.120426,0.355469
38,2,6,113873186.934905,0.120426,-0.546823
38,2,7,113873186.934905,0.120426,0.481416
38,2,8,113873186.934905,0.120426,0.140925
38,2,9,113873186.934905,0.120426,0.003642
39,0,0,522558111.170943,0.513189,-0.005303
39,0,1,522558111.170943,0.513189,-0.017884
39,0,2,522558111.170943,0.513189,-0.808048
39,0,3,522558111.170943,0.513189,-0.018792
39,0,4,522558111.170943,0.513189,0.034628
39,0,5,522558111.170943,0.513189,-0.074329
39,0,6,522558111.170943,0.513189,0.241463
39,0,7,522558111.170943,0.513189,0.509316
39,0,8,522558111.170943,0.513189,0.147806
39,0,9,522558111.170943,0.513189,-0.008857
39,1,0,360157373.457579,0.353700,-0.668428
39,1,1,360157373.457579,0.353700,-0.025566
39,1,2,360157373.457579,0.353700,0.269781
39,1,3,360157373.457579,0.353700,0.057978
39,1,4,360157373.457579,0.353700,0.047737
39,1,5,360157373.457579,0.353700,-0.367640
39,1,6,360157373.457579,0.353700,0.575293
39,1,7,360157373.457579,0.353700,0.087456
39,1,8,360157373.457579,0.353700,0.018232
39,1,9,360157373.457579,0.353700,0.005157
39,2,0,113993570.030679,0.111950,-0.552057
39,2,1,113993570.030679,0.111950,0.021326
39,2,2,113993570.030679,0.111950,0.133064
39,2,3,113993570.030679,0.111950,-0.025995
39,2,4,113993570.030679,0.111950,-0.002363
39,2,5,113993570.030679,0.111950,0.354873
39,2,6,113993570.030679,0.111950,-0.550340
39,2,7,113993570.030679,0.111950,0.477439
39,2,8,113993570.030679,0.111950,0.140060
39,2,9,113993570.030679,0.111950,0.003993
40,0,0,532968409.580228,0.521475,-0.018973
40,0,1,532968409.580228,0.521475,0.020798
40,0,2,532968409.580228,0.521475,0.817917
40,0,3,532968409.580228,0.521475,0.018077
40,0,4,532968409.580228,0.521475,-0.034438
40,0,5,532968409.580228,0.521475,0.068155
40,0,6,532968409.580228,0.521475,-0.239650
40,0,7,532968409.580228,0.521475,-0.495818
40,0,8,532968409.580228,0.521475,-0.143983
40,0,9,532968409.580228,0.521475,0.007916
40,1,0,351065288.164835,0.343494,-0.682391
40,1,1,351065288.164835,0.343494,-0.011659
40,1,2,351065288.164835,0.343494,0.253476
40,1,3,351065288.164835,0.343494,0.054521
40,1,4,351065288.164835,0.343494,0.038510
40,1,5,351065288.164835,0.343494,-0.358944
40,1,6,351065288.164835,0.343494,0.568852
40,1,7,351065288.164835,0.343494,0.111527
40,1,8,351065288.164835,0.343494,0.025059
40,1,9,351065288.164835,0.343494,0.001050
40,2,0,118589674.490810,0.116032,-0.527843
40,2,1,118589674.490810,0.116032,0.020292
40,2,2,118589674.490810,0.116032,0.117575
40,2,3,118589674.490810,0.116032,-0.031325
40,2,4,118589674.490810,0.116032,0.003190
40,2,5,118589674.490810,0.116032,0.344348
40,2,6,118589674.490810,0.116032,-0.568260
40,2,7,118589674.490810,0.116032,0.493464
40,2,8,118589674.490810,0.116032,0.145404
40,2,9,118589674.490810,0.116032,0.003154
41,0,0,495454637.860602,0.485913,-0.316961
41,0,1,495454637.860602,0.485913,-0.020976
41,0,2,495454637.860602,0.485913,-0.533748
41,0,3,495454637.860602,0.485913,0.007867
41,0,4,495454637.860602,0.485913,0.036279
41,0,5,495454637.860602,0.485913,-0.278285
41,0,6,495454637.860602,0.485913,0.607687
41,0,7,495454637.860602,0.485913,0.393328
41,0,8,495454637.860602,0.485913,0.106741
41,0,9,495454637.860602,0.485913,-0.001933
41,1,0,365723951.383262,0.358681,-0.510758
41,1,1,365723951.383262,0.358681,-0.001702
41,1,2,365723951.383262,0.358681,0.679322
41,1,3,365723951.383262,0.358681,0.059192
41,1,4,365723951.383262,0.358681,0.007138
41,1,5,365723951.383262,0.358681,-0.291542
41,1,6,365723951.383262,0.358681,0.359536
41,1,7,365723951.383262,0.358681,-0.235371
41,1,8,365723951.383262,0.358681,-0.066534
41,1,9,365723951.383262,0.358681,0.000720
41,2,0,140581430.884533,0.137874,-0.614127
41,2,1,140581430.884533,0.137874,0.013526
41,2,2,140581430.884533,0.137874,0.107034
41,2,3,140581430.884533,0.137874,-0.011319
41,2,4,140581430.884533,0.137874,0.028461
41,2,5,140581430.884533,0.137874,0.265277
41,2,6,140581430.884533,0.137874,-0.479352
41,2,7,140581430.884533,0.137874,0.535361
41,2,8,140581430.884533,0.137874,0.153312
41,2,9,140581430.884533,0.137874,0.001827
42,0,0,485396886.315672,0.442929,-0.324960
42,0,1,485396886.315672,0.442929,-0.034983
42,0,2,485396886.315672,0.442929,-0.380309
42,0,3,485396886.315672,0.442929,0.018853
42,0,4,485396886.315672,0.442929,0.040248
42,0,5,485396886.315672,0.442929,-0.374934
42,0,6,485396886.315672,0.442929,0.731554
42,0,7,485396886.315672,0.442929,0.256876
42,0,8,485396886.315672,0.442929,0.069517
42,0,9,485396886.315672,0.442929,-0.001862
42,1,0,407152692.085356,0.371531,-0.283975
42,1,1,407152692.085356,0.371531,-0.002581
42,1,2,407152692.085356,0.371531,0.764194
42,1,3,407152692.085356,0.371531,0.034722
42,1,4,407152692.085356,0.371531,-0.003194
42,1,5,407152692.085356,0.371531,-0.279252
42,1,6,407152692.085356,0.371531,0.280418
42,1,7,407152692.085356,0.371531,-0.408608
42,1,8,407152692.085356,0.371531,-0.102789
42,1,9,407152692.085356,0.371531,0.001066
42,2,0,186083095.289228,0.169803,-0.760199
42,2,1,186083095.289228,0.169803,0.008726
42,2,2,186083095.289228,0.169803,0.179289
42,2,3,186083095.289228,0.169803,0.058282
42,2,4,186083095.289228,0.169803,0.028295
42,2,5,186083095.289228,0.169803,0.215051
42,2,6,186083095.289228,0.169803,-0.314994
42,2,7,186083095.289228,0.169803,0.478545
42,2,8,186083095.289228,0.169803,0.105858
42,2,9,186083095.289228,0.169803,0.001147
43,0,0,516977940.550972,0.446030,-0.352063
43,0,1,516977940.550972,0.446030,-0.035882
43,0,2,516977940.550972,0.446030,-0.478596
43,0,3,516977940.550972,0.446030,0.015110
43,0,4,516977940.550972,0.446030,0.037501
43,0,5,516977940.550972,0.446030,-0.294767
43,0,6,516977940.550972,0.446030,0.635637
43,0,7,516977940.550972,0.446030,0.379561
43,0,8,516977940.550972,0.446030,0.095307
43,0,9,516977940.550972,0.446030,-0.001808
43,1,0,413460324.032798,0.356718,-0.277386
43,1,1,413460324.032798,0.356718,-0.006619
43,1,2,413460324.032798,0.356718,0.665558
43,1,3,413460324.032798,0.356718,0.032320
43,1,4,413460324.032798,0.356718,0.005324
43,1,5,413460324.032798,0.356718,-0.358873
43,1,6,413460324.032798,0.356718,0.429941
43,1,7,413460324.032798,0.356718,-0.395198
43,1,8,413460324.032798,0.356718,-0.095663
43,1,9,413460324.032798,0.356718,0.000597
43,2,0,211919632.733439,0.182837,-0.743090
43,2,1,211919632.733439,0.182837,0.010724
43,2,2,211919632.733439,0.182837,0.297296
43,2,3,211919632.733439,0.182837,0.040618
43,2,4,211919632.733439,0.182837,0.014670
43,2,5,211919632.733439,0.182837,0.222366
43,2,6,211919632.733439,0.182837,-0.350458
43,2,7,211919632.733439,0.182837,0.421996
43,2,8,211919632.733439,0.182837,0.084268
43,2,9,211919632.733439,0.182837,0.001611
44,0,0,503177324.243494,0.500469,-0.196209
44,0,1,503177324.243494,0.500469,-0.029686
44,0,2,503177324.243494,0.500469,-0.696834
44,0,3,503177324.243494,0.500469,0.002327
44,0,4,503177324.243494,0.500469,0.030472
44,0,5,503177324.243494,0.500469,-0.158380
44,0,6,503177324.243494,0.500469,0.463876
44,0,7,503177324.243494,0.500469,0.469144
44,0,8,503177324.243494,0.500469,0.117234
44,0,9,503177324.243494,0.500469,-0.001944
44,1,0,281541758.423523,0.280027,-0.091616
44,1,1,281541758.423523,0.280027,-0.012599
44,1,2,281541758.423523,0.280027,0.314506
44,1,3,281541758.423523,0.280027,-0.001125
44,1,4,281541758.423523,0.280027,-0.009797
44,1,5,281541758.423523,0.280027,-0.422783
44,1,6,281541758.423523,0.280027,0.730831
44,1,7,281541758.423523,0.280027,-0.413351
44,1,8,281541758.423523,0.280027,-0.093366
44,1,9,281541758.423523,0.280027,-0.000701
44,2,0,210489553.126074,0.209357,-0.855908
44,2,1,210489553.126074,0.209357,0.004327
44,2,2,210489553.126074,0.209357,0.400549
44,2,3,210489553.126074,0.209357,0.017968
44,2,4,210489553.126074,0.209357,0.001374
44,2,5,210489553.126074,0.209357,0.113151
44,2,6,210489553.126074,0.209357,-0.037943
44,2,7,210489553.126074,0.209357,0.298619
44,2,8,210489553.126074,0.209357,0.056744
44,2,9,210489553.126074,0.209357,0.001119
45,0,0,488435418.662230,0.499884,-0.102749
45,0,1,488435418.662230,0.499884,-0.043550
45,0,2,488435418.662230,0.499884,-0.774278
45,0,3,488435418.662230,0.499884,-0.005901
45,0,4,488435418.662230,0.499884,0.043444
45,0,5,488435418.662230,0.499884,-0.080011
45,0,6,488435418.662230,0.499884,0.329535
45,0,7,488435418.662230,0.499884,0.505240
45,0,8,488435418.662230,0.499884,0.125898
45,0,9,488435418.662230,0.499884,0.002373
45,1,0,250272768.903253,0.256139,0.846788
45,1,1,250272768.903253,0.256139,-0.002865
45,1,2,250272768.903253,0.256139,-0.384085
45,1,3,250272768.903253,0.256139,-0.016444
45,1,4,250272768.903253,0.256139,0.007127
45,1,5,250272768.903253,0.256139,0.080608
45,1,6,250272768.903253,0.256139,-0.291963
45,1,7,250272768.903253,0.256139,-0.204038
45,1,8,250272768.903253,0.256139,-0.041128
45,1,9,250272768.903253,0.256139,0.006001
45,2,0,228829780.459142,0.234193,-0.212407
45,2,1,228829780.459142,0.234193,0.052186
45,2,2,228829780.459142,0.234193,-0.045394
45,2,3,228829780.459142,0.234193,0.024148
45,2,4,228829780.459142,0.234193,-0.017948
45,2,5,228829780.459142,0.234193,0.435714
45,2,6,228829780.459142,0.234193,-0.752133
45,2,7,228829780.459142,0.234193,0.430678
45,2,8,228829780.459142,0.234193,0.090195
45,2,9,228829780.459142,0.234193,-0.005039
46,0,0,343225824.331014,0.406845,-0.128906
46,0,1,343225824.331014,0.406845,-0.048965
46,0,2,343225824.331014,0.406845,-0.753575
46,0,3,343225824.331014,0.406845,-0.003521
46,0,4,343225824.331014,0.406845,0.042376
46,0,5,343225824.331014,0.406845,-0.110915
46,0,6,343225824.331014,0.406845,0.398591
46,0,7,343225824.331014,0.406845,0.474587
46,0,8,343225824.331014,0.406845,0.121729
46,0,9,343225824.331014,0.406845,0.008598
46,1,0,259515370.466326,0.307619,0.858885
46,1,1,259515370.466326,0.307619,-0.006305
46,1,2,259515370.466326,0.307619,-0.407062
46,1,3,259515370.466326,0.307619,-0.018417
46,1,4,259515370.466326,0.307619,0.004607
46,1,5,259515370.466326,0.307619,0.029601
46,1,6,259515370.466326,0.307619,-0.165711
46,1,7,259515370.466326,0.307619,-0.255113
46,1,8,259515370.466326,0.307619,-0.051701
46,1,9,259515370.466326,0.307619,0.011217
46,2,0,228581504.453849,0.270951,-0.099639
46,2,1,228581504.453849,0.270951,0.045593
46,2,2,228581504.453849,0.270951,-0.159368
46,2,3,228581504.453849,0.270951,0.021459
46,2,4,228581504.453849,0.270951,-0.011801
46,2,5,228581504.453849,0.270951,0.431822
46,2,6,228581504.453849,0.270951,-0.757620
46,2,7,228581504.453849,0.270951,0.438857
46,2,8,228581504.453849,0.270951,0.094483
46,2,9,228581504.453849,0.270951,-0.003785
47,0,0,406037180.206863,0.479909,-0.048705
47,0,1,406037180.206863,0.479909,0.040667
47,0,2,406037180.206863,0.479909,0.833721
47,0,3,406037180.206863,0.479909,-0.000817
47,0,4,406037180.206863,0.479909,-0.033783
47,0,5,406037180.206863,0.479909,0.075363
47,0,6,406037180.206863,0.479909,-0.337935
47,0,7,406037180.206863,0.479909,-0.409345
47,0,8,406037180.206863,0.479909,-0.110567
47,0,9,406037180.206863,0.479909,-0.008599
47,1,0,230220687.678306,0.272105,0.119947
47,1,1,230220687.678306,0.272105,0.046244
47,1,2,230220687.678306,0.272105,-0.192148
47,1,3,230220687.678306,0.272105,0.017815
47,1,4,230220687.678306,0.272105,-0.013180
47,1,5,230220687.678306,0.272105,0.432902
47,1,6,230220687.678306,0.272105,-0.804913
47,1,7,230220687.678306,0.272105,0.325492
47,1,8,230220687.678306,0.272105,0.069461
47,1,9,230220687.678306,0.272105,-0.001620
47,2,0,197306564.540434,0.233203,0.868672
47,2,1,197306564.540434,0.233203,-0.016417
47,2,2,197306564.540434,0.233203,-0.189531
47,2,3,197306564.540434,0.233203,-0.020448
47,2,4,197306564.540434,0.233203,0.010416
47,2,5,197306564.540434,0.233203,-0.078697
47,2,6,197306564.540434,0.233203,-0.053882
47,2,7,197306564.540434,0.233203,-0.436168
47,2,8,197306564.540434,0.233203,-0.095958
47,2,9,197306564.540434,0.233203,0.012013
48,0,0,455363207.013563,0.537509,-0.110322
48,0,1,455363207.013563,0.537509,-0.019953
48,0,2,455363207.013563,0.537509,-0.798918
48,0,3,455363207.013563,0.537509,0.009959
48,0,4,455363207.013563,0.537509,0.016817
48,0,5,455363207.013563,0.537509,-0.021454
48,0,6,455363207.013563,0.537509,0.284805
48,0,7,455363207.013563,0.537509,0.499434
48,0,8,455363207.013563,0.537509,0.133149
48,0,9,455363207.013563,0.537509,0.006483
48,1,0,240590657.512610,0.283992,0.217993
48,1,1,240590657.512610,0.283992,-0.064773
48,1,2,240590657.512610,0.283992,-0.006493
48,1,3,240590657.512610,0.283992,-0.026227
48,1,4,240590657.512610,0.283992,0.031690
48,1,5,240590657.512610,0.283992,-0.441243
48,1,6,240590657.512610,0.283992,0.765487
48,1,7,240590657.512610,0.283992,-0.398195
48,1,8,240590657.512610,0.283992,-0.085290
48,1,9,240590657.512610,0.283992,0.007053
48,2,0,138652719.450253,0.163665,-0.828250
48,2,1,138652719.450253,0.163665,0.002348
48,2,2,138652719.450253,0.163665,0.383801
48,2,3,138652719.450253,0.163665,-0.004871
48,2,4,138652719.450253,0.163665,-0.021027
48,2,5,138652719.450253,0.163665,-0.108885
48,2,6,138652719.450253,0.163665,0.307299
48,2,7,138652719.450253,0.163665,0.239224
48,2,8,138652719.450253,0.163665,0.048719
48,2,9,138652719.450253,0.163665,-0.018358
49,0,0,447646068.207641,0.552955,-0.092852
49,0,1,447646068.207641,0.552955,-0.016731
49,0,2,447646068.207641,0.552955,-0.808654
49,0,3,447646068.207641,0.552955,0.017105
49,0,4,447646068.207641,0.552955,0.014062
49,0,5,447646068.207641,0.552955,0.001834
49,0,6,447646068.207641,0.552955,0.224025
49,0,7,447646068.207641,0.552955,0.517277
49,0,8,447646068.207641,0.552955,0.137397
49,0,9,447646068.207641,0.552955,0.006536
49,1,0,223185250.893719,0.275689,0.339676
49,1,1,223185250.893719,0.275689,-0.068558
49,1,2,223185250.893719,0.275689,-0.102415
49,1,3,223185250.893719,0.275689,-0.016349
49,1,4,223185250.893719,0.275689,0.031641
49,1,5,223185250.893719,0.275689,-0.441516
49,1,6,223185250.893719,0.275689,0.717530
49,1,7,223185250.893719,0.275689,-0.389673
49,1,8,223185250.893719,0.275689,-0.080217
49,1,9,223185250.893719,0.275689,0.009880
49,2,0,128083187.886253,0.158215,-0.776539
49,2,1,128083187.886253,0.158215,-0.015563
49,2,2,128083187.886253,0.158215,0.355344
49,2,3,128083187.886253,0.158215,-0.004315
49,2,4,128083187.886253,0.158215,-0.020756
49,2,5,128083187.886253,0.158215,-0.210613
49,2,6,128083187.886253,0.158215,0.415560
49,2,7,128083187.886253,0.158215,0.224124
49,2,8,128083187.886253,0.158215,0.049623
49,2,9,128083187.886253,0.158215,-0.016867
50,0,0,388561755.989944,0.515443,-0.110134
50,0,1,388561755.989944,0.515443,-0.015776
50,0,2,388561755.989944,0.515443,-0.809451
50,0,3,388561755.989944,0.515443,0.029214
50,0,4,388561755.989944,0.515443,0.009070
50,0,5,388561755.989944,0.515443,-0.001693
50,0,6,388561755.989944,0.515443,0.274637
50,0,7,388561755.989944,0.515443,0.489845
50,0,8,388561755.989944,0.515443,0.126650
50,0,9,388561755.989944,0.515443,0.007637
50,1,0,222981273.524264,0.295794,0.362483
50,1,1,222981273.524264,0.295794,-0.072543
50,1,2,222981273.524264,0.295794,-0.069342
50,1,3,222981273.524264,0.295794,-0.024438
50,1,4,222981273.524264,0.295794,0.038063
50,1,5,222981273.524264,0.295794,-0.451106
50,1,6,222981273.524264,0.295794,0.694619
50,1,7,222981273.524264,0.295794,-0.404422
50,1,8,222981273.524264,0.295794,-0.082767
50,1,9,222981273.524264,0.295794,0.009451
50,2,0,127109601.981796,0.168616,-0.765523
50,2,1,127109601.981796,0.168616,-0.015624
50,2,2,127109601.981796,0.168616,0.378685
50,2,3,127109601.981796,0.168616,-0.008654
50,2,4,127109601.981796,0.168616,-0.021394
50,2,5,127109601.981796,0.168616,-0.222544
50,2,6,127109601.981796,0.168616,0.418279
50,2,7,127109601.981796,0.168616,0.206795
50,2,8,127109601.981796,0.168616,0.047379
50,2,9,127109601.981796,0.168616,-0.017401
51,0,0,443185002.638944,0.545292,-0.047538
51,0,1,443185002.638944,0.545292,0.028371
51,0,2,443185002.638944,0.545292,-0.842520
51,0,3,443185002.638944,0.545292,0.033121
51,0,4,443185002.638944,0.545292,-0.044030
51,0,5,443185002.638944,0.545292,0.120556
51,0,6,443185002.638944,0.545292,0.138298
51,0,7,443185002.638944,0.545292,0.485325
51,0,8,443185002.638944,0.545292,0.121709
51,0,9,443185002.638944,0.545292,0.006708
51,1,0,220771740.053335,0.271636,0.337127
51,1,1,220771740.053335,0.271636,-0.067671
51,1,2,220771740.053335,0.271636,-0.173228
51,1,3,220771740.053335,0.271636,-0.018324
51,1,4,220771740.053335,0.271636,0.030319
51,1,5,220771740.053335,0.271636,-0.440368
51,1,6,220771740.053335,0.271636,0.731419
51,1,7,220771740.053335,0.271636,-0.341697
51,1,8,220771740.053335,0.271636,-0.068736
51,1,9,220771740.053335,0.271636,0.011160
51,2,0,136062694.307363,0.167411,-0.785040
51,2,1,136062694.307363,0.167411,-0.021864
51,2,2,136062694.307363,0.167411,0.257594
51,2,3,136062694.307363,0.167411,0.000322
51,2,4,136062694.307363,0.167411,-0.008093
51,2,5,136062694.307363,0.167411,-0.210543
51,2,6,136062694.307363,0.167411,0.433209
51,2,7,136062694.307363,0.167411,0.283814
51,2,8,136062694.307363,0.167411,0.063926
51,2,9,136062694.307363,0.167411,-0.013324
