t_idx,time_label,src_idx,src_label,dst_idx,jacobian_value
0,2020-01,0,00_ACC_Accounts_Payable,0,0.0
0,2020-01,0,00_ACC_Accounts_Payable,1,0.0
0,2020-01,0,00_ACC_Accounts_Payable,2,0.0
0,2020-01,0,00_ACC_Accounts_Payable,3,0.0
0,2020-01,0,00_ACC_Accounts_Payable,4,0.0
0,2020-01,0,00_ACC_Accounts_Payable,5,0.0
0,2020-01,0,00_ACC_Accounts_Payable,6,0.0
0,2020-01,0,00_ACC_Accounts_Payable,7,0.0
0,2020-01,0,00_ACC_Accounts_Payable,8,0.0
0,2020-01,0,00_ACC_Accounts_Payable,9,0.0
0,2020-01,1,01_ACC_Accounts_Receivable,0,0.0
0,2020-01,1,01_ACC_Accounts_Receivable,1,0.0
0,2020-01,1,01_ACC_Accounts_Receivable,2,0.0
0,2020-01,1,01_ACC_Accounts_Receivable,3,0.344328
0,2020-01,1,01_ACC_Accounts_Receivable,4,0.0
0,2020-01,1,01_ACC_Accounts_Receivable,5,0.0
0,2020-01,1,01_ACC_Accounts_Receivable,6,0.0
0,2020-01,1,01_ACC_Accounts_Receivable,7,0.0
0,2020-01,1,01_ACC_Accounts_Receivable,8,0.0
0,2020-01,1,01_ACC_Accounts_Receivable,9,0.0
0,2020-01,2,02_ACC_COGS,0,0.0
0,2020-01,2,02_ACC_COGS,1,0.0
0,2020-01,2,02_ACC_COGS,2,0.0
0,2020-01,2,02_ACC_COGS,3,0.0
0,2020-01,2,02_ACC_COGS,4,0.0
0,2020-01,2,02_ACC_COGS,5,0.0
0,2020-01,2,02_ACC_COGS,6,0.0
0,2020-01,2,02_ACC_COGS,7,0.0
0,2020-01,2,02_ACC_COGS,8,0.0
0,2020-01,2,02_ACC_COGS,9,0.0
0,2020-01,3,03_ACC_Cash,0,0.0
0,2020-01,3,03_ACC_Cash,1,0.193057
0,2020-01,3,03_ACC_Cash,2,0.0
0,2020-01,3,03_ACC_Cash,3,0.0
0,2020-01,3,03_ACC_Cash,4,0.0
0,2020-01,3,03_ACC_Cash,5,0.090593
0,2020-01,3,03_ACC_Cash,6,0.031911
0,2020-01,3,03_ACC_Cash,7,0.0
0,2020-01,3,03_ACC_Cash,8,0.028766
0,2020-01,3,03_ACC_Cash,9,0.0
0,2020-01,4,04_ACC_Inventory,0,0.0
0,2020-01,4,04_ACC_Inventory,1,0.0
0,2020-01,4,04_ACC_Inventory,2,0.0
0,2020-01,4,04_ACC_Inventory,3,0.0
0,2020-01,4,04_ACC_Inventory,4,0.0
0,2020-01,4,04_ACC_Inventory,5,0.0
0,2020-01,4,04_ACC_Inventory,6,0.0
0,2020-01,4,04_ACC_Inventory,7,0.0
0,2020-01,4,04_ACC_Inventory,8,0.0
0,2020-01,4,04_ACC_Inventory,9,0.0
0,2020-01,5,05_ACC_Payroll_Exp,0,0.0
0,2020-01,5,05_ACC_Payroll_Exp,1,0.0
0,2020-01,5,05_ACC_Payroll_Exp,2,0.0
0,2020-01,5,05_ACC_Payroll_Exp,3,0.0
0,2020-01,5,05_ACC_Payroll_Exp,4,0.0
0,2020-01,5,05_ACC_Payroll_Exp,5,0.0
0,2020-01,5,05_ACC_Payroll_Exp,6,0.0
0,2020-01,5,05_ACC_Payroll_Exp,7,0.0
0,2020-01,5,05_ACC_Payroll_Exp,8,0.0
0,2020-01,5,05_ACC_Payroll_Exp,9,0.0
0,2020-01,6,06_ACC_Rent_Exp,0,0.0
0,2020-01,6,06_ACC_Rent_Exp,1,0.0
0,2020-01,6,06_ACC_Rent_Exp,2,0.0
0,2020-01,6,06_ACC_Rent_Exp,3,0.0
0,2020-01,6,06_ACC_Rent_Exp,4,0.0
0,2020-01,6,06_ACC_Rent_Exp,5,0.0
0,2020-01,6,06_ACC_Rent_Exp,6,0.0
0,2020-01,6,06_ACC_Rent_Exp,7,0.0
0,2020-01,6,06_ACC_Rent_Exp,8,0.0
0,2020-01,6,06_ACC_Rent_Exp,9,0.0
0,2020-01,7,07_ACC_Sales_Revenue,0,0.0
0,2020-01,7,07_ACC_Sales_Revenue,1,0.344328
0,2020-01,7,07_ACC_Sales_Revenue,2,0.0
0,2020-01,7,07_ACC_Sales_Revenue,3,0.0
0,2020-01,7,07_ACC_Sales_Revenue,4,0.0
0,2020-01,7,07_ACC_Sales_Revenue,5,0.161577
0,2020-01,7,07_ACC_Sales_Revenue,6,0.056915
0,2020-01,7,07_ACC_Sales_Revenue,7,0.0
0,2020-01,7,07_ACC_Sales_Revenue,8,0.051306
0,2020-01,7,07_ACC_Sales_Revenue,9,0.0
0,2020-01,8,08_ACC_Travel_Exp,0,0.0
0,2020-01,8,08_ACC_Travel_Exp,1,0.0
0,2020-01,8,08_ACC_Travel_Exp,2,0.0
0,2020-01,8,08_ACC_Travel_Exp,3,0.0
0,2020-01,8,08_ACC_Travel_Exp,4,0.0
0,2020-01,8,08_ACC_Travel_Exp,5,0.0
0,2020-01,8,08_ACC_Travel_Exp,6,0.0
0,2020-01,8,08_ACC_Travel_Exp,7,0.0
0,2020-01,8,08_ACC_Travel_Exp,8,0.0
0,2020-01,8,08_ACC_Travel_Exp,9,0.0
0,2020-01,9,09_ACC_Equity_Capital,0,0.0
0,2020-01,9,09_ACC_Equity_Capital,1,0.0
0,2020-01,9,09_ACC_Equity_Capital,2,0.0
0,2020-01,9,09_ACC_Equity_Capital,3,0.0
0,2020-01,9,09_ACC_Equity_Capital,4,0.0
0,2020-01,9,09_ACC_Equity_Capital,5,0.0
0,2020-01,9,09_ACC_Equity_Capital,6,0.0
0,2020-01,9,09_ACC_Equity_Capital,7,0.0
0,2020-01,9,09_ACC_Equity_Capital,8,0.0
0,2020-01,9,09_ACC_Equity_Capital,9,0.0
1,2020-02,0,00_ACC_Accounts_Payable,0,0.0
1,2020-02,0,00_ACC_Accounts_Payable,1,0.0
1,2020-02,0,00_ACC_Accounts_Payable,2,0.0
1,2020-02,0,00_ACC_Accounts_Payable,3,0.0
1,2020-02,0,00_ACC_Accounts_Payable,4,0.0
1,2020-02,0,00_ACC_Accounts_Payable,5,0.0
1,2020-02,0,00_ACC_Accounts_Payable,6,0.0
1,2020-02,0,00_ACC_Accounts_Payable,7,0.0
1,2020-02,0,00_ACC_Accounts_Payable,8,0.0
1,2020-02,0,00_ACC_Accounts_Payable,9,0.0
1,2020-02,1,01_ACC_Accounts_Receivable,0,0.0
1,2020-02,1,01_ACC_Accounts_Receivable,1,0.0
1,2020-02,1,01_ACC_Accounts_Receivable,2,0.0
1,2020-02,1,01_ACC_Accounts_Receivable,3,0.268744
1,2020-02,1,01_ACC_Accounts_Receivable,4,0.179393
1,2020-02,1,01_ACC_Accounts_Receivable,5,0.0
1,2020-02,1,01_ACC_Accounts_Receivable,6,0.0
1,2020-02,1,01_ACC_Accounts_Receivable,7,0.0
1,2020-02,1,01_ACC_Accounts_Receivable,8,0.0
1,2020-02,1,01_ACC_Accounts_Receivable,9,0.0
1,2020-02,2,02_ACC_COGS,0,0.0
1,2020-02,2,02_ACC_COGS,1,0.0
1,2020-02,2,02_ACC_COGS,2,0.0
1,2020-02,2,02_ACC_COGS,3,0.0
1,2020-02,2,02_ACC_COGS,4,0.0
1,2020-02,2,02_ACC_COGS,5,0.0
1,2020-02,2,02_ACC_COGS,6,0.0
1,2020-02,2,02_ACC_COGS,7,0.0
1,2020-02,2,02_ACC_COGS,8,0.0
1,2020-02,2,02_ACC_COGS,9,0.0
1,2020-02,3,03_ACC_Cash,0,0.078503
1,2020-02,3,03_ACC_Cash,1,0.117604
1,2020-02,3,03_ACC_Cash,2,0.179393
1,2020-02,3,03_ACC_Cash,3,0.0
1,2020-02,3,03_ACC_Cash,4,0.0
1,2020-02,3,03_ACC_Cash,5,0.04027
1,2020-02,3,03_ACC_Cash,6,0.01185
1,2020-02,3,03_ACC_Cash,7,0.0
1,2020-02,3,03_ACC_Cash,8,0.020517
1,2020-02,3,03_ACC_Cash,9,0.0
1,2020-02,4,04_ACC_Inventory,0,0.0
1,2020-02,4,04_ACC_Inventory,1,0.0
1,2020-02,4,04_ACC_Inventory,2,0.0
1,2020-02,4,04_ACC_Inventory,3,0.0
1,2020-02,4,04_ACC_Inventory,4,0.0
1,2020-02,4,04_ACC_Inventory,5,0.0
1,2020-02,4,04_ACC_Inventory,6,0.0
1,2020-02,4,04_ACC_Inventory,7,0.0
1,2020-02,4,04_ACC_Inventory,8,0.0
1,2020-02,4,04_ACC_Inventory,9,0.0
1,2020-02,5,05_ACC_Payroll_Exp,0,0.0
1,2020-02,5,05_ACC_Payroll_Exp,1,0.0
1,2020-02,5,05_ACC_Payroll_Exp,2,0.0
1,2020-02,5,05_ACC_Payroll_Exp,3,0.0
1,2020-02,5,05_ACC_Payroll_Exp,4,0.0
1,2020-02,5,05_ACC_Payroll_Exp,5,0.0
1,2020-02,5,05_ACC_Payroll_Exp,6,0.0
1,2020-02,5,05_ACC_Payroll_Exp,7,0.0
1,2020-02,5,05_ACC_Payroll_Exp,8,0.0
1,2020-02,5,05_ACC_Payroll_Exp,9,0.0
1,2020-02,6,06_ACC_Rent_Exp,0,0.0
1,2020-02,6,06_ACC_Rent_Exp,1,0.0
1,2020-02,6,06_ACC_Rent_Exp,2,0.0
1,2020-02,6,06_ACC_Rent_Exp,3,0.0
1,2020-02,6,06_ACC_Rent_Exp,4,0.0
1,2020-02,6,06_ACC_Rent_Exp,5,0.0
1,2020-02,6,06_ACC_Rent_Exp,6,0.0
1,2020-02,6,06_ACC_Rent_Exp,7,0.0
1,2020-02,6,06_ACC_Rent_Exp,8,0.0
1,2020-02,6,06_ACC_Rent_Exp,9,0.0
1,2020-02,7,07_ACC_Sales_Revenue,0,0.179393
1,2020-02,7,07_ACC_Sales_Revenue,1,0.268744
1,2020-02,7,07_ACC_Sales_Revenue,2,0.0
1,2020-02,7,07_ACC_Sales_Revenue,3,0.0
1,2020-02,7,07_ACC_Sales_Revenue,4,0.0
1,2020-02,7,07_ACC_Sales_Revenue,5,0.092024
1,2020-02,7,07_ACC_Sales_Revenue,6,0.027079
1,2020-02,7,07_ACC_Sales_Revenue,7,0.0
1,2020-02,7,07_ACC_Sales_Revenue,8,0.046885
1,2020-02,7,07_ACC_Sales_Revenue,9,0.0
1,2020-02,8,08_ACC_Travel_Exp,0,0.0
1,2020-02,8,08_ACC_Travel_Exp,1,0.0
1,2020-02,8,08_ACC_Travel_Exp,2,0.0
1,2020-02,8,08_ACC_Travel_Exp,3,0.0
1,2020-02,8,08_ACC_Travel_Exp,4,0.0
1,2020-02,8,08_ACC_Travel_Exp,5,0.0
1,2020-02,8,08_ACC_Travel_Exp,6,0.0
1,2020-02,8,08_ACC_Travel_Exp,7,0.0
1,2020-02,8,08_ACC_Travel_Exp,8,0.0
1,2020-02,8,08_ACC_Travel_Exp,9,0.0
1,2020-02,9,09_ACC_Equity_Capital,0,0.0
1,2020-02,9,09_ACC_Equity_Capital,1,0.0
1,2020-02,9,09_ACC_Equity_Capital,2,0.0
1,2020-02,9,09_ACC_Equity_Capital,3,0.0
1,2020-02,9,09_ACC_Equity_Capital,4,0.0
1,2020-02,9,09_ACC_Equity_Capital,5,0.0
1,2020-02,9,09_ACC_Equity_Capital,6,0.0
1,2020-02,9,09_ACC_Equity_Capital,7,0.0
1,2020-02,9,09_ACC_Equity_Capital,8,0.0
1,2020-02,9,09_ACC_Equity_Capital,9,0.0
2,2020-03,0,00_ACC_Accounts_Payable,0,0.0
2,2020-03,0,00_ACC_Accounts_Payable,1,0.0
2,2020-03,0,00_ACC_Accounts_Payable,2,0.0
2,2020-03,0,00_ACC_Accounts_Payable,3,0.0
2,2020-03,0,00_ACC_Accounts_Payable,4,0.0
2,2020-03,0,00_ACC_Accounts_Payable,5,0.0
2,2020-03,0,00_ACC_Accounts_Payable,6,0.0
2,2020-03,0,00_ACC_Accounts_Payable,7,0.0
2,2020-03,0,00_ACC_Accounts_Payable,8,0.0
2,2020-03,0,00_ACC_Accounts_Payable,9,0.0
2,2020-03,1,01_ACC_Accounts_Receivable,0,0.0
2,2020-03,1,01_ACC_Accounts_Receivable,1,0.0
2,2020-03,1,01_ACC_Accounts_Receivable,2,0.0
2,2020-03,1,01_ACC_Accounts_Receivable,3,0.0
2,2020-03,1,01_ACC_Accounts_Receivable,4,0.338119
2,2020-03,1,01_ACC_Accounts_Receivable,5,0.0
2,2020-03,1,01_ACC_Accounts_Receivable,6,0.0
2,2020-03,1,01_ACC_Accounts_Receivable,7,0.0
2,2020-03,1,01_ACC_Accounts_Receivable,8,0.0
2,2020-03,1,01_ACC_Accounts_Receivable,9,0.0
2,2020-03,2,02_ACC_COGS,0,0.0
2,2020-03,2,02_ACC_COGS,1,0.0
2,2020-03,2,02_ACC_COGS,2,0.0
2,2020-03,2,02_ACC_COGS,3,0.0
2,2020-03,2,02_ACC_COGS,4,0.0
2,2020-03,2,02_ACC_COGS,5,0.0
2,2020-03,2,02_ACC_COGS,6,0.0
2,2020-03,2,02_ACC_COGS,7,0.0
2,2020-03,2,02_ACC_COGS,8,0.0
2,2020-03,2,02_ACC_COGS,9,0.0
2,2020-03,3,03_ACC_Cash,0,0.0
2,2020-03,3,03_ACC_Cash,1,0.0
2,2020-03,3,03_ACC_Cash,2,0.338119
2,2020-03,3,03_ACC_Cash,3,0.0
2,2020-03,3,03_ACC_Cash,4,0.0
2,2020-03,3,03_ACC_Cash,5,0.0
2,2020-03,3,03_ACC_Cash,6,0.0
2,2020-03,3,03_ACC_Cash,7,0.0
2,2020-03,3,03_ACC_Cash,8,0.0
2,2020-03,3,03_ACC_Cash,9,0.0
2,2020-03,4,04_ACC_Inventory,0,0.0
2,2020-03,4,04_ACC_Inventory,1,0.0
2,2020-03,4,04_ACC_Inventory,2,0.0
2,2020-03,4,04_ACC_Inventory,3,0.0
2,2020-03,4,04_ACC_Inventory,4,0.0
2,2020-03,4,04_ACC_Inventory,5,0.0
2,2020-03,4,04_ACC_Inventory,6,0.0
2,2020-03,4,04_ACC_Inventory,7,0.0
2,2020-03,4,04_ACC_Inventory,8,0.0
2,2020-03,4,04_ACC_Inventory,9,0.0
2,2020-03,5,05_ACC_Payroll_Exp,0,0.0
2,2020-03,5,05_ACC_Payroll_Exp,1,0.0
2,2020-03,5,05_ACC_Payroll_Exp,2,0.0
2,2020-03,5,05_ACC_Payroll_Exp,3,0.0
2,2020-03,5,05_ACC_Payroll_Exp,4,0.0
2,2020-03,5,05_ACC_Payroll_Exp,5,0.0
2,2020-03,5,05_ACC_Payroll_Exp,6,0.0
2,2020-03,5,05_ACC_Payroll_Exp,7,0.0
2,2020-03,5,05_ACC_Payroll_Exp,8,0.0
2,2020-03,5,05_ACC_Payroll_Exp,9,0.0
2,2020-03,6,06_ACC_Rent_Exp,0,0.0
2,2020-03,6,06_ACC_Rent_Exp,1,0.0
2,2020-03,6,06_ACC_Rent_Exp,2,0.0
2,2020-03,6,06_ACC_Rent_Exp,3,0.0
2,2020-03,6,06_ACC_Rent_Exp,4,0.0
2,2020-03,6,06_ACC_Rent_Exp,5,0.0
2,2020-03,6,06_ACC_Rent_Exp,6,0.0
2,2020-03,6,06_ACC_Rent_Exp,7,0.0
2,2020-03,6,06_ACC_Rent_Exp,8,0.0
2,2020-03,6,06_ACC_Rent_Exp,9,0.0
2,2020-03,7,07_ACC_Sales_Revenue,0,0.338119
2,2020-03,7,07_ACC_Sales_Revenue,1,0.0
2,2020-03,7,07_ACC_Sales_Revenue,2,0.0
2,2020-03,7,07_ACC_Sales_Revenue,3,0.0
2,2020-03,7,07_ACC_Sales_Revenue,4,0.0
2,2020-03,7,07_ACC_Sales_Revenue,5,0.168943
2,2020-03,7,07_ACC_Sales_Revenue,6,0.066329
2,2020-03,7,07_ACC_Sales_Revenue,7,0.0
2,2020-03,7,07_ACC_Sales_Revenue,8,0.040733
2,2020-03,7,07_ACC_Sales_Revenue,9,0.0
2,2020-03,8,08_ACC_Travel_Exp,0,0.0
2,2020-03,8,08_ACC_Travel_Exp,1,0.0
2,2020-03,8,08_ACC_Travel_Exp,2,0.0
2,2020-03,8,08_ACC_Travel_Exp,3,0.0
2,2020-03,8,08_ACC_Travel_Exp,4,0.0
2,2020-03,8,08_ACC_Travel_Exp,5,0.0
2,2020-03,8,08_ACC_Travel_Exp,6,0.0
2,2020-03,8,08_ACC_Travel_Exp,7,0.0
2,2020-03,8,08_ACC_Travel_Exp,8,0.0
2,2020-03,8,08_ACC_Travel_Exp,9,0.0
2,2020-03,9,09_ACC_Equity_Capital,0,0.0
2,2020-03,9,09_ACC_Equity_Capital,1,0.0
2,2020-03,9,09_ACC_Equity_Capital,2,0.0
2,2020-03,9,09_ACC_Equity_Capital,3,0.0
2,2020-03,9,09_ACC_Equity_Capital,4,0.0
2,2020-03,9,09_ACC_Equity_Capital,5,0.0
2,2020-03,9,09_ACC_Equity_Capital,6,0.0
2,2020-03,9,09_ACC_Equity_Capital,7,0.0
2,2020-03,9,09_ACC_Equity_Capital,8,0.0
2,2020-03,9,09_ACC_Equity_Capital,9,0.0
3,2020-04,0,00_ACC_Accounts_Payable,0,0.0
3,2020-04,0,00_ACC_Accounts_Payable,1,0.0
3,2020-04,0,00_ACC_Accounts_Payable,2,0.0
3,2020-04,0,00_ACC_Accounts_Payable,3,0.0
3,2020-04,0,00_ACC_Accounts_Payable,4,0.0
3,2020-04,0,00_ACC_Accounts_Payable,5,0.0
3,2020-04,0,00_ACC_Accounts_Payable,6,0.0
3,2020-04,0,00_ACC_Accounts_Payable,7,0.0
3,2020-04,0,00_ACC_Accounts_Payable,8,0.0
3,2020-04,0,00_ACC_Accounts_Payable,9,0.0
3,2020-04,1,01_ACC_Accounts_Receivable,0,0.0
3,2020-04,1,01_ACC_Accounts_Receivable,1,0.0
3,2020-04,1,01_ACC_Accounts_Receivable,2,0.0
3,2020-04,1,01_ACC_Accounts_Receivable,3,0.0
3,2020-04,1,01_ACC_Accounts_Receivable,4,0.364364
3,2020-04,1,01_ACC_Accounts_Receivable,5,0.0
3,2020-04,1,01_ACC_Accounts_Receivable,6,0.0
3,2020-04,1,01_ACC_Accounts_Receivable,7,0.0
3,2020-04,1,01_ACC_Accounts_Receivable,8,0.0
3,2020-04,1,01_ACC_Accounts_Receivable,9,0.0
3,2020-04,2,02_ACC_COGS,0,0.0
3,2020-04,2,02_ACC_COGS,1,0.0
3,2020-04,2,02_ACC_COGS,2,0.0
3,2020-04,2,02_ACC_COGS,3,0.0
3,2020-04,2,02_ACC_COGS,4,0.0
3,2020-04,2,02_ACC_COGS,5,0.0
3,2020-04,2,02_ACC_COGS,6,0.0
3,2020-04,2,02_ACC_COGS,7,0.0
3,2020-04,2,02_ACC_COGS,8,0.0
3,2020-04,2,02_ACC_COGS,9,0.0
3,2020-04,3,03_ACC_Cash,0,0.0
3,2020-04,3,03_ACC_Cash,1,0.0
3,2020-04,3,03_ACC_Cash,2,0.364364
3,2020-04,3,03_ACC_Cash,3,0.0
3,2020-04,3,03_ACC_Cash,4,0.0
3,2020-04,3,03_ACC_Cash,5,0.0
3,2020-04,3,03_ACC_Cash,6,0.0
3,2020-04,3,03_ACC_Cash,7,0.0
3,2020-04,3,03_ACC_Cash,8,0.0
3,2020-04,3,03_ACC_Cash,9,0.0
3,2020-04,4,04_ACC_Inventory,0,0.0
3,2020-04,4,04_ACC_Inventory,1,0.0
3,2020-04,4,04_ACC_Inventory,2,0.0
3,2020-04,4,04_ACC_Inventory,3,0.0
3,2020-04,4,04_ACC_Inventory,4,0.0
3,2020-04,4,04_ACC_Inventory,5,0.0
3,2020-04,4,04_ACC_Inventory,6,0.0
3,2020-04,4,04_ACC_Inventory,7,0.0
3,2020-04,4,04_ACC_Inventory,8,0.0
3,2020-04,4,04_ACC_Inventory,9,0.0
3,2020-04,5,05_ACC_Payroll_Exp,0,0.0
3,2020-04,5,05_ACC_Payroll_Exp,1,0.0
3,2020-04,5,05_ACC_Payroll_Exp,2,0.0
3,2020-04,5,05_ACC_Payroll_Exp,3,0.0
3,2020-04,5,05_ACC_Payroll_Exp,4,0.0
3,2020-04,5,05_ACC_Payroll_Exp,5,0.0
3,2020-04,5,05_ACC_Payroll_Exp,6,0.0
3,2020-04,5,05_ACC_Payroll_Exp,7,0.0
3,2020-04,5,05_ACC_Payroll_Exp,8,0.0
3,2020-04,5,05_ACC_Payroll_Exp,9,0.0
3,2020-04,6,06_ACC_Rent_Exp,0,0.0
3,2020-04,6,06_ACC_Rent_Exp,1,0.0
3,2020-04,6,06_ACC_Rent_Exp,2,0.0
3,2020-04,6,06_ACC_Rent_Exp,3,0.0
3,2020-04,6,06_ACC_Rent_Exp,4,0.0
3,2020-04,6,06_ACC_Rent_Exp,5,0.0
3,2020-04,6,06_ACC_Rent_Exp,6,0.0
3,2020-04,6,06_ACC_Rent_Exp,7,0.0
3,2020-04,6,06_ACC_Rent_Exp,8,0.0
3,2020-04,6,06_ACC_Rent_Exp,9,0.0
3,2020-04,7,07_ACC_Sales_Revenue,0,0.364364
3,2020-04,7,07_ACC_Sales_Revenue,1,0.0
3,2020-04,7,07_ACC_Sales_Revenue,2,0.0
3,2020-04,7,07_ACC_Sales_Revenue,3,0.0
3,2020-04,7,07_ACC_Sales_Revenue,4,0.0
3,2020-04,7,07_ACC_Sales_Revenue,5,0.154913
3,2020-04,7,07_ACC_Sales_Revenue,6,0.043637
3,2020-04,7,07_ACC_Sales_Revenue,7,0.0
3,2020-04,7,07_ACC_Sales_Revenue,8,0.051211
3,2020-04,7,07_ACC_Sales_Revenue,9,0.0
3,2020-04,8,08_ACC_Travel_Exp,0,0.0
3,2020-04,8,08_ACC_Travel_Exp,1,0.0
3,2020-04,8,08_ACC_Travel_Exp,2,0.0
3,2020-04,8,08_ACC_Travel_Exp,3,0.0
3,2020-04,8,08_ACC_Travel_Exp,4,0.0
3,2020-04,8,08_ACC_Travel_Exp,5,0.0
3,2020-04,8,08_ACC_Travel_Exp,6,0.0
3,2020-04,8,08_ACC_Travel_Exp,7,0.0
3,2020-04,8,08_ACC_Travel_Exp,8,0.0
3,2020-04,8,08_ACC_Travel_Exp,9,0.0
3,2020-04,9,09_ACC_Equity_Capital,0,0.0
3,2020-04,9,09_ACC_Equity_Capital,1,0.0
3,2020-04,9,09_ACC_Equity_Capital,2,0.0
3,2020-04,9,09_ACC_Equity_Capital,3,0.0
3,2020-04,9,09_ACC_Equity_Capital,4,0.0
3,2020-04,9,09_ACC_Equity_Capital,5,0.0
3,2020-04,9,09_ACC_Equity_Capital,6,0.0
3,2020-04,9,09_ACC_Equity_Capital,7,0.0
3,2020-04,9,09_ACC_Equity_Capital,8,0.0
3,2020-04,9,09_ACC_Equity_Capital,9,0.0
4,2020-05,0,00_ACC_Accounts_Payable,0,0.0
4,2020-05,0,00_ACC_Accounts_Payable,1,0.0
4,2020-05,0,00_ACC_Accounts_Payable,2,0.0
4,2020-05,0,00_ACC_Accounts_Payable,3,0.0
4,2020-05,0,00_ACC_Accounts_Payable,4,0.0
4,2020-05,0,00_ACC_Accounts_Payable,5,0.0
4,2020-05,0,00_ACC_Accounts_Payable,6,0.0
4,2020-05,0,00_ACC_Accounts_Payable,7,0.0
4,2020-05,0,00_ACC_Accounts_Payable,8,0.0
4,2020-05,0,00_ACC_Accounts_Payable,9,0.0
4,2020-05,1,01_ACC_Accounts_Receivable,0,0.0
4,2020-05,1,01_ACC_Accounts_Receivable,1,0.0
4,2020-05,1,01_ACC_Accounts_Receivable,2,0.0
4,2020-05,1,01_ACC_Accounts_Receivable,3,0.185837
4,2020-05,1,01_ACC_Accounts_Receivable,4,0.31047
4,2020-05,1,01_ACC_Accounts_Receivable,5,0.0
4,2020-05,1,01_ACC_Accounts_Receivable,6,0.0
4,2020-05,1,01_ACC_Accounts_Receivable,7,0.0
4,2020-05,1,01_ACC_Accounts_Receivable,8,0.0
4,2020-05,1,01_ACC_Accounts_Receivable,9,0.0
4,2020-05,2,02_ACC_COGS,0,0.0
4,2020-05,2,02_ACC_COGS,1,0.0
4,2020-05,2,02_ACC_COGS,2,0.0
4,2020-05,2,02_ACC_COGS,3,0.0
4,2020-05,2,02_ACC_COGS,4,0.0
4,2020-05,2,02_ACC_COGS,5,0.0
4,2020-05,2,02_ACC_COGS,6,0.0
4,2020-05,2,02_ACC_COGS,7,0.0
4,2020-05,2,02_ACC_COGS,8,0.0
4,2020-05,2,02_ACC_COGS,9,0.0
4,2020-05,3,03_ACC_Cash,0,0.09395
4,2020-05,3,03_ACC_Cash,1,0.056235
4,2020-05,3,03_ACC_Cash,2,0.31047
4,2020-05,3,03_ACC_Cash,3,0.0
4,2020-05,3,03_ACC_Cash,4,0.0
4,2020-05,3,03_ACC_Cash,5,0.019696
4,2020-05,3,03_ACC_Cash,6,0.005847
4,2020-05,3,03_ACC_Cash,7,0.0
4,2020-05,3,03_ACC_Cash,8,0.010109
4,2020-05,3,03_ACC_Cash,9,0.0
4,2020-05,4,04_ACC_Inventory,0,0.0
4,2020-05,4,04_ACC_Inventory,1,0.0
4,2020-05,4,04_ACC_Inventory,2,0.0
4,2020-05,4,04_ACC_Inventory,3,0.0
4,2020-05,4,04_ACC_Inventory,4,0.0
4,2020-05,4,04_ACC_Inventory,5,0.0
4,2020-05,4,04_ACC_Inventory,6,0.0
4,2020-05,4,04_ACC_Inventory,7,0.0
4,2020-05,4,04_ACC_Inventory,8,0.0
4,2020-05,4,04_ACC_Inventory,9,0.0
4,2020-05,5,05_ACC_Payroll_Exp,0,0.0
4,2020-05,5,05_ACC_Payroll_Exp,1,0.0
4,2020-05,5,05_ACC_Payroll_Exp,2,0.0
4,2020-05,5,05_ACC_Payroll_Exp,3,0.0
4,2020-05,5,05_ACC_Payroll_Exp,4,0.0
4,2020-05,5,05_ACC_Payroll_Exp,5,0.0
4,2020-05,5,05_ACC_Payroll_Exp,6,0.0
4,2020-05,5,05_ACC_Payroll_Exp,7,0.0
4,2020-05,5,05_ACC_Payroll_Exp,8,0.0
4,2020-05,5,05_ACC_Payroll_Exp,9,0.0
4,2020-05,6,06_ACC_Rent_Exp,0,0.0
4,2020-05,6,06_ACC_Rent_Exp,1,0.0
4,2020-05,6,06_ACC_Rent_Exp,2,0.0
4,2020-05,6,06_ACC_Rent_Exp,3,0.0
4,2020-05,6,06_ACC_Rent_Exp,4,0.0
4,2020-05,6,06_ACC_Rent_Exp,5,0.0
4,2020-05,6,06_ACC_Rent_Exp,6,0.0
4,2020-05,6,06_ACC_Rent_Exp,7,0.0
4,2020-05,6,06_ACC_Rent_Exp,8,0.0
4,2020-05,6,06_ACC_Rent_Exp,9,0.0
4,2020-05,7,07_ACC_Sales_Revenue,0,0.31047
4,2020-05,7,07_ACC_Sales_Revenue,1,0.185837
4,2020-05,7,07_ACC_Sales_Revenue,2,0.0
4,2020-05,7,07_ACC_Sales_Revenue,3,0.0
4,2020-05,7,07_ACC_Sales_Revenue,4,0.0
4,2020-05,7,07_ACC_Sales_Revenue,5,0.065089
4,2020-05,7,07_ACC_Sales_Revenue,6,0.019323
4,2020-05,7,07_ACC_Sales_Revenue,7,0.0
4,2020-05,7,07_ACC_Sales_Revenue,8,0.033405
4,2020-05,7,07_ACC_Sales_Revenue,9,0.0
4,2020-05,8,08_ACC_Travel_Exp,0,0.0
4,2020-05,8,08_ACC_Travel_Exp,1,0.0
4,2020-05,8,08_ACC_Travel_Exp,2,0.0
4,2020-05,8,08_ACC_Travel_Exp,3,0.0
4,2020-05,8,08_ACC_Travel_Exp,4,0.0
4,2020-05,8,08_ACC_Travel_Exp,5,0.0
4,2020-05,8,08_ACC_Travel_Exp,6,0.0
4,2020-05,8,08_ACC_Travel_Exp,7,0.0
4,2020-05,8,08_ACC_Travel_Exp,8,0.0
4,2020-05,8,08_ACC_Travel_Exp,9,0.0
4,2020-05,9,09_ACC_Equity_Capital,0,0.0
4,2020-05,9,09_ACC_Equity_Capital,1,0.0
4,2020-05,9,09_ACC_Equity_Capital,2,0.0
4,2020-05,9,09_ACC_Equity_Capital,3,0.0
4,2020-05,9,09_ACC_Equity_Capital,4,0.0
4,2020-05,9,09_ACC_Equity_Capital,5,0.0
4,2020-05,9,09_ACC_Equity_Capital,6,0.0
4,2020-05,9,09_ACC_Equity_Capital,7,0.0
4,2020-05,9,09_ACC_Equity_Capital,8,0.0
4,2020-05,9,09_ACC_Equity_Capital,9,0.0
5,2020-06,0,00_ACC_Accounts_Payable,0,0.0
5,2020-06,0,00_ACC_Accounts_Payable,1,0.0
5,2020-06,0,00_ACC_Accounts_Payable,2,0.0
5,2020-06,0,00_ACC_Accounts_Payable,3,0.0
5,2020-06,0,00_ACC_Accounts_Payable,4,0.0
5,2020-06,0,00_ACC_Accounts_Payable,5,0.0
5,2020-06,0,00_ACC_Accounts_Payable,6,0.0
5,2020-06,0,00_ACC_Accounts_Payable,7,0.0
5,2020-06,0,00_ACC_Accounts_Payable,8,0.0
5,2020-06,0,00_ACC_Accounts_Payable,9,0.0
5,2020-06,1,01_ACC_Accounts_Receivable,0,0.0
5,2020-06,1,01_ACC_Accounts_Receivable,1,0.0
5,2020-06,1,01_ACC_Accounts_Receivable,2,0.0
5,2020-06,1,01_ACC_Accounts_Receivable,3,0.0
5,2020-06,1,01_ACC_Accounts_Receivable,4,0.246897
5,2020-06,1,01_ACC_Accounts_Receivable,5,0.0
5,2020-06,1,01_ACC_Accounts_Receivable,6,0.0
5,2020-06,1,01_ACC_Accounts_Receivable,7,0.0
5,2020-06,1,01_ACC_Accounts_Receivable,8,0.0
5,2020-06,1,01_ACC_Accounts_Receivable,9,0.0
5,2020-06,2,02_ACC_COGS,0,0.0
5,2020-06,2,02_ACC_COGS,1,0.0
5,2020-06,2,02_ACC_COGS,2,0.0
5,2020-06,2,02_ACC_COGS,3,0.0
5,2020-06,2,02_ACC_COGS,4,0.0
5,2020-06,2,02_ACC_COGS,5,0.0
5,2020-06,2,02_ACC_COGS,6,0.0
5,2020-06,2,02_ACC_COGS,7,0.0
5,2020-06,2,02_ACC_COGS,8,0.0
5,2020-06,2,02_ACC_COGS,9,0.0
5,2020-06,3,03_ACC_Cash,0,0.0
5,2020-06,3,03_ACC_Cash,1,0.0
5,2020-06,3,03_ACC_Cash,2,0.246897
5,2020-06,3,03_ACC_Cash,3,0.0
5,2020-06,3,03_ACC_Cash,4,0.0
5,2020-06,3,03_ACC_Cash,5,0.0
5,2020-06,3,03_ACC_Cash,6,0.0
5,2020-06,3,03_ACC_Cash,7,0.0
5,2020-06,3,03_ACC_Cash,8,0.0
5,2020-06,3,03_ACC_Cash,9,0.0
5,2020-06,4,04_ACC_Inventory,0,0.0
5,2020-06,4,04_ACC_Inventory,1,0.0
5,2020-06,4,04_ACC_Inventory,2,0.0
5,2020-06,4,04_ACC_Inventory,3,0.0
5,2020-06,4,04_ACC_Inventory,4,0.0
5,2020-06,4,04_ACC_Inventory,5,0.0
5,2020-06,4,04_ACC_Inventory,6,0.0
5,2020-06,4,04_ACC_Inventory,7,0.0
5,2020-06,4,04_ACC_Inventory,8,0.0
5,2020-06,4,04_ACC_Inventory,9,0.0
5,2020-06,5,05_ACC_Payroll_Exp,0,0.0
5,2020-06,5,05_ACC_Payroll_Exp,1,0.0
5,2020-06,5,05_ACC_Payroll_Exp,2,0.0
5,2020-06,5,05_ACC_Payroll_Exp,3,0.0
5,2020-06,5,05_ACC_Payroll_Exp,4,0.0
5,2020-06,5,05_ACC_Payroll_Exp,5,0.0
5,2020-06,5,05_ACC_Payroll_Exp,6,0.0
5,2020-06,5,05_ACC_Payroll_Exp,7,0.0
5,2020-06,5,05_ACC_Payroll_Exp,8,0.0
5,2020-06,5,05_ACC_Payroll_Exp,9,0.0
5,2020-06,6,06_ACC_Rent_Exp,0,0.0
5,2020-06,6,06_ACC_Rent_Exp,1,0.0
5,2020-06,6,06_ACC_Rent_Exp,2,0.0
5,2020-06,6,06_ACC_Rent_Exp,3,0.0
5,2020-06,6,06_ACC_Rent_Exp,4,0.0
5,2020-06,6,06_ACC_Rent_Exp,5,0.0
5,2020-06,6,06_ACC_Rent_Exp,6,0.0
5,2020-06,6,06_ACC_Rent_Exp,7,0.0
5,2020-06,6,06_ACC_Rent_Exp,8,0.0
5,2020-06,6,06_ACC_Rent_Exp,9,0.0
5,2020-06,7,07_ACC_Sales_Revenue,0,0.246897
5,2020-06,7,07_ACC_Sales_Revenue,1,0.0
5,2020-06,7,07_ACC_Sales_Revenue,2,0.0
5,2020-06,7,07_ACC_Sales_Revenue,3,0.0
5,2020-06,7,07_ACC_Sales_Revenue,4,0.0
5,2020-06,7,07_ACC_Sales_Revenue,5,0.201685
5,2020-06,7,07_ACC_Sales_Revenue,6,0.058319
5,2020-06,7,07_ACC_Sales_Revenue,7,0.0
5,2020-06,7,07_ACC_Sales_Revenue,8,0.107224
5,2020-06,7,07_ACC_Sales_Revenue,9,0.0
5,2020-06,8,08_ACC_Travel_Exp,0,0.0
5,2020-06,8,08_ACC_Travel_Exp,1,0.0
5,2020-06,8,08_ACC_Travel_Exp,2,0.0
5,2020-06,8,08_ACC_Travel_Exp,3,0.0
5,2020-06,8,08_ACC_Travel_Exp,4,0.0
5,2020-06,8,08_ACC_Travel_Exp,5,0.0
5,2020-06,8,08_ACC_Travel_Exp,6,0.0
5,2020-06,8,08_ACC_Travel_Exp,7,0.0
5,2020-06,8,08_ACC_Travel_Exp,8,0.0
5,2020-06,8,08_ACC_Travel_Exp,9,0.0
5,2020-06,9,09_ACC_Equity_Capital,0,0.0
5,2020-06,9,09_ACC_Equity_Capital,1,0.0
5,2020-06,9,09_ACC_Equity_Capital,2,0.0
5,2020-06,9,09_ACC_Equity_Capital,3,0.0
5,2020-06,9,09_ACC_Equity_Capital,4,0.0
5,2020-06,9,09_ACC_Equity_Capital,5,0.0
5,2020-06,9,09_ACC_Equity_Capital,6,0.0
5,2020-06,9,09_ACC_Equity_Capital,7,0.0
5,2020-06,9,09_ACC_Equity_Capital,8,0.0
5,2020-06,9,09_ACC_Equity_Capital,9,0.0
6,2020-07,0,00_ACC_Accounts_Payable,0,0.0
6,2020-07,0,00_ACC_Accounts_Payable,1,0.0
6,2020-07,0,00_ACC_Accounts_Payable,2,0.0
6,2020-07,0,00_ACC_Accounts_Payable,3,0.0
6,2020-07,0,00_ACC_Accounts_Payable,4,0.0
6,2020-07,0,00_ACC_Accounts_Payable,5,0.0
6,2020-07,0,00_ACC_Accounts_Payable,6,0.0
6,2020-07,0,00_ACC_Accounts_Payable,7,0.0
6,2020-07,0,00_ACC_Accounts_Payable,8,0.0
6,2020-07,0,00_ACC_Accounts_Payable,9,0.0
6,2020-07,1,01_ACC_Accounts_Receivable,0,0.0
6,2020-07,1,01_ACC_Accounts_Receivable,1,0.0
6,2020-07,1,01_ACC_Accounts_Receivable,2,0.0
6,2020-07,1,01_ACC_Accounts_Receivable,3,0.0
6,2020-07,1,01_ACC_Accounts_Receivable,4,0.346918
6,2020-07,1,01_ACC_Accounts_Receivable,5,0.0
6,2020-07,1,01_ACC_Accounts_Receivable,6,0.0
6,2020-07,1,01_ACC_Accounts_Receivable,7,0.0
6,2020-07,1,01_ACC_Accounts_Receivable,8,0.0
6,2020-07,1,01_ACC_Accounts_Receivable,9,0.0
6,2020-07,2,02_ACC_COGS,0,0.0
6,2020-07,2,02_ACC_COGS,1,0.0
6,2020-07,2,02_ACC_COGS,2,0.0
6,2020-07,2,02_ACC_COGS,3,0.0
6,2020-07,2,02_ACC_COGS,4,0.0
6,2020-07,2,02_ACC_COGS,5,0.0
6,2020-07,2,02_ACC_COGS,6,0.0
6,2020-07,2,02_ACC_COGS,7,0.0
6,2020-07,2,02_ACC_COGS,8,0.0
6,2020-07,2,02_ACC_COGS,9,0.0
6,2020-07,3,03_ACC_Cash,0,0.0
6,2020-07,3,03_ACC_Cash,1,0.0
6,2020-07,3,03_ACC_Cash,2,0.346918
6,2020-07,3,03_ACC_Cash,3,0.0
6,2020-07,3,03_ACC_Cash,4,0.0
6,2020-07,3,03_ACC_Cash,5,0.0
6,2020-07,3,03_ACC_Cash,6,0.0
6,2020-07,3,03_ACC_Cash,7,0.0
6,2020-07,3,03_ACC_Cash,8,0.0
6,2020-07,3,03_ACC_Cash,9,0.0
6,2020-07,4,04_ACC_Inventory,0,0.0
6,2020-07,4,04_ACC_Inventory,1,0.0
6,2020-07,4,04_ACC_Inventory,2,0.0
6,2020-07,4,04_ACC_Inventory,3,0.0
6,2020-07,4,04_ACC_Inventory,4,0.0
6,2020-07,4,04_ACC_Inventory,5,0.0
6,2020-07,4,04_ACC_Inventory,6,0.0
6,2020-07,4,04_ACC_Inventory,7,0.0
6,2020-07,4,04_ACC_Inventory,8,0.0
6,2020-07,4,04_ACC_Inventory,9,0.0
6,2020-07,5,05_ACC_Payroll_Exp,0,0.0
6,2020-07,5,05_ACC_Payroll_Exp,1,0.0
6,2020-07,5,05_ACC_Payroll_Exp,2,0.0
6,2020-07,5,05_ACC_Payroll_Exp,3,0.0
6,2020-07,5,05_ACC_Payroll_Exp,4,0.0
6,2020-07,5,05_ACC_Payroll_Exp,5,0.0
6,2020-07,5,05_ACC_Payroll_Exp,6,0.0
6,2020-07,5,05_ACC_Payroll_Exp,7,0.0
6,2020-07,5,05_ACC_Payroll_Exp,8,0.0
6,2020-07,5,05_ACC_Payroll_Exp,9,0.0
6,2020-07,6,06_ACC_Rent_Exp,0,0.0
6,2020-07,6,06_ACC_Rent_Exp,1,0.0
6,2020-07,6,06_ACC_Rent_Exp,2,0.0
6,2020-07,6,06_ACC_Rent_Exp,3,0.0
6,2020-07,6,06_ACC_Rent_Exp,4,0.0
6,2020-07,6,06_ACC_Rent_Exp,5,0.0
6,2020-07,6,06_ACC_Rent_Exp,6,0.0
6,2020-07,6,06_ACC_Rent_Exp,7,0.0
6,2020-07,6,06_ACC_Rent_Exp,8,0.0
6,2020-07,6,06_ACC_Rent_Exp,9,0.0
6,2020-07,7,07_ACC_Sales_Revenue,0,0.346918
6,2020-07,7,07_ACC_Sales_Revenue,1,0.0
6,2020-07,7,07_ACC_Sales_Revenue,2,0.0
6,2020-07,7,07_ACC_Sales_Revenue,3,0.0
6,2020-07,7,07_ACC_Sales_Revenue,4,0.0
6,2020-07,7,07_ACC_Sales_Revenue,5,0.152609
6,2020-07,7,07_ACC_Sales_Revenue,6,0.049036
6,2020-07,7,07_ACC_Sales_Revenue,7,0.0
6,2020-07,7,07_ACC_Sales_Revenue,8,0.065562
6,2020-07,7,07_ACC_Sales_Revenue,9,0.0
6,2020-07,8,08_ACC_Travel_Exp,0,0.0
6,2020-07,8,08_ACC_Travel_Exp,1,0.0
6,2020-07,8,08_ACC_Travel_Exp,2,0.0
6,2020-07,8,08_ACC_Travel_Exp,3,0.0
6,2020-07,8,08_ACC_Travel_Exp,4,0.0
6,2020-07,8,08_ACC_Travel_Exp,5,0.0
6,2020-07,8,08_ACC_Travel_Exp,6,0.0
6,2020-07,8,08_ACC_Travel_Exp,7,0.0
6,2020-07,8,08_ACC_Travel_Exp,8,0.0
6,2020-07,8,08_ACC_Travel_Exp,9,0.0
6,2020-07,9,09_ACC_Equity_Capital,0,0.0
6,2020-07,9,09_ACC_Equity_Capital,1,0.0
6,2020-07,9,09_ACC_Equity_Capital,2,0.0
6,2020-07,9,09_ACC_Equity_Capital,3,0.0
6,2020-07,9,09_ACC_Equity_Capital,4,0.0
6,2020-07,9,09_ACC_Equity_Capital,5,0.0
6,2020-07,9,09_ACC_Equity_Capital,6,0.0
6,2020-07,9,09_ACC_Equity_Capital,7,0.0
6,2020-07,9,09_ACC_Equity_Capital,8,0.0
6,2020-07,9,09_ACC_Equity_Capital,9,0.0
7,2020-08,0,00_ACC_Accounts_Payable,0,0.0
7,2020-08,0,00_ACC_Accounts_Payable,1,0.0
7,2020-08,0,00_ACC_Accounts_Payable,2,0.0
7,2020-08,0,00_ACC_Accounts_Payable,3,0.0
7,2020-08,0,00_ACC_Accounts_Payable,4,0.0
7,2020-08,0,00_ACC_Accounts_Payable,5,0.0
7,2020-08,0,00_ACC_Accounts_Payable,6,0.0
7,2020-08,0,00_ACC_Accounts_Payable,7,0.0
7,2020-08,0,00_ACC_Accounts_Payable,8,0.0
7,2020-08,0,00_ACC_Accounts_Payable,9,0.0
7,2020-08,1,01_ACC_Accounts_Receivable,0,0.0
7,2020-08,1,01_ACC_Accounts_Receivable,1,0.0
7,2020-08,1,01_ACC_Accounts_Receivable,2,0.0
7,2020-08,1,01_ACC_Accounts_Receivable,3,0.0
7,2020-08,1,01_ACC_Accounts_Receivable,4,0.398096
7,2020-08,1,01_ACC_Accounts_Receivable,5,0.0
7,2020-08,1,01_ACC_Accounts_Receivable,6,0.0
7,2020-08,1,01_ACC_Accounts_Receivable,7,0.0
7,2020-08,1,01_ACC_Accounts_Receivable,8,0.0
7,2020-08,1,01_ACC_Accounts_Receivable,9,0.0
7,2020-08,2,02_ACC_COGS,0,0.0
7,2020-08,2,02_ACC_COGS,1,0.0
7,2020-08,2,02_ACC_COGS,2,0.0
7,2020-08,2,02_ACC_COGS,3,0.0
7,2020-08,2,02_ACC_COGS,4,0.0
7,2020-08,2,02_ACC_COGS,5,0.0
7,2020-08,2,02_ACC_COGS,6,0.0
7,2020-08,2,02_ACC_COGS,7,0.0
7,2020-08,2,02_ACC_COGS,8,0.0
7,2020-08,2,02_ACC_COGS,9,0.0
7,2020-08,3,03_ACC_Cash,0,0.0
7,2020-08,3,03_ACC_Cash,1,0.0
7,2020-08,3,03_ACC_Cash,2,0.398096
7,2020-08,3,03_ACC_Cash,3,0.0
7,2020-08,3,03_ACC_Cash,4,0.0
7,2020-08,3,03_ACC_Cash,5,0.0
7,2020-08,3,03_ACC_Cash,6,0.0
7,2020-08,3,03_ACC_Cash,7,0.0
7,2020-08,3,03_ACC_Cash,8,0.0
7,2020-08,3,03_ACC_Cash,9,0.0
7,2020-08,4,04_ACC_Inventory,0,0.0
7,2020-08,4,04_ACC_Inventory,1,0.0
7,2020-08,4,04_ACC_Inventory,2,0.0
7,2020-08,4,04_ACC_Inventory,3,0.0
7,2020-08,4,04_ACC_Inventory,4,0.0
7,2020-08,4,04_ACC_Inventory,5,0.0
7,2020-08,4,04_ACC_Inventory,6,0.0
7,2020-08,4,04_ACC_Inventory,7,0.0
7,2020-08,4,04_ACC_Inventory,8,0.0
7,2020-08,4,04_ACC_Inventory,9,0.0
7,2020-08,5,05_ACC_Payroll_Exp,0,0.0
7,2020-08,5,05_ACC_Payroll_Exp,1,0.0
7,2020-08,5,05_ACC_Payroll_Exp,2,0.0
7,2020-08,5,05_ACC_Payroll_Exp,3,0.0
7,2020-08,5,05_ACC_Payroll_Exp,4,0.0
7,2020-08,5,05_ACC_Payroll_Exp,5,0.0
7,2020-08,5,05_ACC_Payroll_Exp,6,0.0
7,2020-08,5,05_ACC_Payroll_Exp,7,0.0
7,2020-08,5,05_ACC_Payroll_Exp,8,0.0
7,2020-08,5,05_ACC_Payroll_Exp,9,0.0
7,2020-08,6,06_ACC_Rent_Exp,0,0.0
7,2020-08,6,06_ACC_Rent_Exp,1,0.0
7,2020-08,6,06_ACC_Rent_Exp,2,0.0
7,2020-08,6,06_ACC_Rent_Exp,3,0.0
7,2020-08,6,06_ACC_Rent_Exp,4,0.0
7,2020-08,6,06_ACC_Rent_Exp,5,0.0
7,2020-08,6,06_ACC_Rent_Exp,6,0.0
7,2020-08,6,06_ACC_Rent_Exp,7,0.0
7,2020-08,6,06_ACC_Rent_Exp,8,0.0
7,2020-08,6,06_ACC_Rent_Exp,9,0.0
7,2020-08,7,07_ACC_Sales_Revenue,0,0.398096
7,2020-08,7,07_ACC_Sales_Revenue,1,0.0
7,2020-08,7,07_ACC_Sales_Revenue,2,0.0
7,2020-08,7,07_ACC_Sales_Revenue,3,0.0
7,2020-08,7,07_ACC_Sales_Revenue,4,0.0
7,2020-08,7,07_ACC_Sales_Revenue,5,0.124165
7,2020-08,7,07_ACC_Sales_Revenue,6,0.032518
7,2020-08,7,07_ACC_Sales_Revenue,7,0.0
7,2020-08,7,07_ACC_Sales_Revenue,8,0.059345
7,2020-08,7,07_ACC_Sales_Revenue,9,0.0
7,2020-08,8,08_ACC_Travel_Exp,0,0.0
7,2020-08,8,08_ACC_Travel_Exp,1,0.0
7,2020-08,8,08_ACC_Travel_Exp,2,0.0
7,2020-08,8,08_ACC_Travel_Exp,3,0.0
7,2020-08,8,08_ACC_Travel_Exp,4,0.0
7,2020-08,8,08_ACC_Travel_Exp,5,0.0
7,2020-08,8,08_ACC_Travel_Exp,6,0.0
7,2020-08,8,08_ACC_Travel_Exp,7,0.0
7,2020-08,8,08_ACC_Travel_Exp,8,0.0
7,2020-08,8,08_ACC_Travel_Exp,9,0.0
7,2020-08,9,09_ACC_Equity_Capital,0,0.0
7,2020-08,9,09_ACC_Equity_Capital,1,0.0
7,2020-08,9,09_ACC_Equity_Capital,2,0.0
7,2020-08,9,09_ACC_Equity_Capital,3,0.0
7,2020-08,9,09_ACC_Equity_Capital,4,0.0
7,2020-08,9,09_ACC_Equity_Capital,5,0.0
7,2020-08,9,09_ACC_Equity_Capital,6,0.0
7,2020-08,9,09_ACC_Equity_Capital,7,0.0
7,2020-08,9,09_ACC_Equity_Capital,8,0.0
7,2020-08,9,09_ACC_Equity_Capital,9,0.0
8,2020-09,0,00_ACC_Accounts_Payable,0,0.0
8,2020-09,0,00_ACC_Accounts_Payable,1,0.0
8,2020-09,0,00_ACC_Accounts_Payable,2,0.0
8,2020-09,0,00_ACC_Accounts_Payable,3,0.0
8,2020-09,0,00_ACC_Accounts_Payable,4,0.0
8,2020-09,0,00_ACC_Accounts_Payable,5,0.0
8,2020-09,0,00_ACC_Accounts_Payable,6,0.0
8,2020-09,0,00_ACC_Accounts_Payable,7,0.0
8,2020-09,0,00_ACC_Accounts_Payable,8,0.0
8,2020-09,0,00_ACC_Accounts_Payable,9,0.0
8,2020-09,1,01_ACC_Accounts_Receivable,0,0.0
8,2020-09,1,01_ACC_Accounts_Receivable,1,0.0
8,2020-09,1,01_ACC_Accounts_Receivable,2,0.0
8,2020-09,1,01_ACC_Accounts_Receivable,3,0.0
8,2020-09,1,01_ACC_Accounts_Receivable,4,0.413685
8,2020-09,1,01_ACC_Accounts_Receivable,5,0.0
8,2020-09,1,01_ACC_Accounts_Receivable,6,0.0
8,2020-09,1,01_ACC_Accounts_Receivable,7,0.0
8,2020-09,1,01_ACC_Accounts_Receivable,8,0.0
8,2020-09,1,01_ACC_Accounts_Receivable,9,0.0
8,2020-09,2,02_ACC_COGS,0,0.0
8,2020-09,2,02_ACC_COGS,1,0.0
8,2020-09,2,02_ACC_COGS,2,0.0
8,2020-09,2,02_ACC_COGS,3,0.0
8,2020-09,2,02_ACC_COGS,4,0.0
8,2020-09,2,02_ACC_COGS,5,0.0
8,2020-09,2,02_ACC_COGS,6,0.0
8,2020-09,2,02_ACC_COGS,7,0.0
8,2020-09,2,02_ACC_COGS,8,0.0
8,2020-09,2,02_ACC_COGS,9,0.0
8,2020-09,3,03_ACC_Cash,0,0.0
8,2020-09,3,03_ACC_Cash,1,0.0
8,2020-09,3,03_ACC_Cash,2,0.413685
8,2020-09,3,03_ACC_Cash,3,0.0
8,2020-09,3,03_ACC_Cash,4,0.0
8,2020-09,3,03_ACC_Cash,5,0.0
8,2020-09,3,03_ACC_Cash,6,0.0
8,2020-09,3,03_ACC_Cash,7,0.0
8,2020-09,3,03_ACC_Cash,8,0.0
8,2020-09,3,03_ACC_Cash,9,0.0
8,2020-09,4,04_ACC_Inventory,0,0.0
8,2020-09,4,04_ACC_Inventory,1,0.0
8,2020-09,4,04_ACC_Inventory,2,0.0
8,2020-09,4,04_ACC_Inventory,3,0.0
8,2020-09,4,04_ACC_Inventory,4,0.0
8,2020-09,4,04_ACC_Inventory,5,0.0
8,2020-09,4,04_ACC_Inventory,6,0.0
8,2020-09,4,04_ACC_Inventory,7,0.0
8,2020-09,4,04_ACC_Inventory,8,0.0
8,2020-09,4,04_ACC_Inventory,9,0.0
8,2020-09,5,05_ACC_Payroll_Exp,0,0.0
8,2020-09,5,05_ACC_Payroll_Exp,1,0.0
8,2020-09,5,05_ACC_Payroll_Exp,2,0.0
8,2020-09,5,05_ACC_Payroll_Exp,3,0.0
8,2020-09,5,05_ACC_Payroll_Exp,4,0.0
8,2020-09,5,05_ACC_Payroll_Exp,5,0.0
8,2020-09,5,05_ACC_Payroll_Exp,6,0.0
8,2020-09,5,05_ACC_Payroll_Exp,7,0.0
8,2020-09,5,05_ACC_Payroll_Exp,8,0.0
8,2020-09,5,05_ACC_Payroll_Exp,9,0.0
8,2020-09,6,06_ACC_Rent_Exp,0,0.0
8,2020-09,6,06_ACC_Rent_Exp,1,0.0
8,2020-09,6,06_ACC_Rent_Exp,2,0.0
8,2020-09,6,06_ACC_Rent_Exp,3,0.0
8,2020-09,6,06_ACC_Rent_Exp,4,0.0
8,2020-09,6,06_ACC_Rent_Exp,5,0.0
8,2020-09,6,06_ACC_Rent_Exp,6,0.0
8,2020-09,6,06_ACC_Rent_Exp,7,0.0
8,2020-09,6,06_ACC_Rent_Exp,8,0.0
8,2020-09,6,06_ACC_Rent_Exp,9,0.0
8,2020-09,7,07_ACC_Sales_Revenue,0,0.413685
8,2020-09,7,07_ACC_Sales_Revenue,1,0.0
8,2020-09,7,07_ACC_Sales_Revenue,2,0.0
8,2020-09,7,07_ACC_Sales_Revenue,3,0.0
8,2020-09,7,07_ACC_Sales_Revenue,4,0.0
8,2020-09,7,07_ACC_Sales_Revenue,5,0.132641
8,2020-09,7,07_ACC_Sales_Revenue,6,0.021028
8,2020-09,7,07_ACC_Sales_Revenue,7,0.0
8,2020-09,7,07_ACC_Sales_Revenue,8,0.046771
8,2020-09,7,07_ACC_Sales_Revenue,9,0.0
8,2020-09,8,08_ACC_Travel_Exp,0,0.0
8,2020-09,8,08_ACC_Travel_Exp,1,0.0
8,2020-09,8,08_ACC_Travel_Exp,2,0.0
8,2020-09,8,08_ACC_Travel_Exp,3,0.0
8,2020-09,8,08_ACC_Travel_Exp,4,0.0
8,2020-09,8,08_ACC_Travel_Exp,5,0.0
8,2020-09,8,08_ACC_Travel_Exp,6,0.0
8,2020-09,8,08_ACC_Travel_Exp,7,0.0
8,2020-09,8,08_ACC_Travel_Exp,8,0.0
8,2020-09,8,08_ACC_Travel_Exp,9,0.0
8,2020-09,9,09_ACC_Equity_Capital,0,0.0
8,2020-09,9,09_ACC_Equity_Capital,1,0.0
8,2020-09,9,09_ACC_Equity_Capital,2,0.0
8,2020-09,9,09_ACC_Equity_Capital,3,0.0
8,2020-09,9,09_ACC_Equity_Capital,4,0.0
8,2020-09,9,09_ACC_Equity_Capital,5,0.0
8,2020-09,9,09_ACC_Equity_Capital,6,0.0
8,2020-09,9,09_ACC_Equity_Capital,7,0.0
8,2020-09,9,09_ACC_Equity_Capital,8,0.0
8,2020-09,9,09_ACC_Equity_Capital,9,0.0
9,2020-10,0,00_ACC_Accounts_Payable,0,0.0
9,2020-10,0,00_ACC_Accounts_Payable,1,0.0
9,2020-10,0,00_ACC_Accounts_Payable,2,0.0
9,2020-10,0,00_ACC_Accounts_Payable,3,0.0
9,2020-10,0,00_ACC_Accounts_Payable,4,0.0
9,2020-10,0,00_ACC_Accounts_Payable,5,0.0
9,2020-10,0,00_ACC_Accounts_Payable,6,0.0
9,2020-10,0,00_ACC_Accounts_Payable,7,0.0
9,2020-10,0,00_ACC_Accounts_Payable,8,0.0
9,2020-10,0,00_ACC_Accounts_Payable,9,0.0
9,2020-10,1,01_ACC_Accounts_Receivable,0,0.0
9,2020-10,1,01_ACC_Accounts_Receivable,1,0.0
9,2020-10,1,01_ACC_Accounts_Receivable,2,0.0
9,2020-10,1,01_ACC_Accounts_Receivable,3,0.0
9,2020-10,1,01_ACC_Accounts_Receivable,4,0.384039
9,2020-10,1,01_ACC_Accounts_Receivable,5,0.0
9,2020-10,1,01_ACC_Accounts_Receivable,6,0.0
9,2020-10,1,01_ACC_Accounts_Receivable,7,0.0
9,2020-10,1,01_ACC_Accounts_Receivable,8,0.0
9,2020-10,1,01_ACC_Accounts_Receivable,9,0.0
9,2020-10,2,02_ACC_COGS,0,0.0
9,2020-10,2,02_ACC_COGS,1,0.0
9,2020-10,2,02_ACC_COGS,2,0.0
9,2020-10,2,02_ACC_COGS,3,0.0
9,2020-10,2,02_ACC_COGS,4,0.0
9,2020-10,2,02_ACC_COGS,5,0.0
9,2020-10,2,02_ACC_COGS,6,0.0
9,2020-10,2,02_ACC_COGS,7,0.0
9,2020-10,2,02_ACC_COGS,8,0.0
9,2020-10,2,02_ACC_COGS,9,0.0
9,2020-10,3,03_ACC_Cash,0,0.0
9,2020-10,3,03_ACC_Cash,1,0.0
9,2020-10,3,03_ACC_Cash,2,0.384039
9,2020-10,3,03_ACC_Cash,3,0.0
9,2020-10,3,03_ACC_Cash,4,0.0
9,2020-10,3,03_ACC_Cash,5,0.0
9,2020-10,3,03_ACC_Cash,6,0.0
9,2020-10,3,03_ACC_Cash,7,0.0
9,2020-10,3,03_ACC_Cash,8,0.0
9,2020-10,3,03_ACC_Cash,9,0.0
9,2020-10,4,04_ACC_Inventory,0,0.0
9,2020-10,4,04_ACC_Inventory,1,0.0
9,2020-10,4,04_ACC_Inventory,2,0.0
9,2020-10,4,04_ACC_Inventory,3,0.0
9,2020-10,4,04_ACC_Inventory,4,0.0
9,2020-10,4,04_ACC_Inventory,5,0.0
9,2020-10,4,04_ACC_Inventory,6,0.0
9,2020-10,4,04_ACC_Inventory,7,0.0
9,2020-10,4,04_ACC_Inventory,8,0.0
9,2020-10,4,04_ACC_Inventory,9,0.0
9,2020-10,5,05_ACC_Payroll_Exp,0,0.0
9,2020-10,5,05_ACC_Payroll_Exp,1,0.0
9,2020-10,5,05_ACC_Payroll_Exp,2,0.0
9,2020-10,5,05_ACC_Payroll_Exp,3,0.0
9,2020-10,5,05_ACC_Payroll_Exp,4,0.0
9,2020-10,5,05_ACC_Payroll_Exp,5,0.0
9,2020-10,5,05_ACC_Payroll_Exp,6,0.0
9,2020-10,5,05_ACC_Payroll_Exp,7,0.0
9,2020-10,5,05_ACC_Payroll_Exp,8,0.0
9,2020-10,5,05_ACC_Payroll_Exp,9,0.0
9,2020-10,6,06_ACC_Rent_Exp,0,0.0
9,2020-10,6,06_ACC_Rent_Exp,1,0.0
9,2020-10,6,06_ACC_Rent_Exp,2,0.0
9,2020-10,6,06_ACC_Rent_Exp,3,0.0
9,2020-10,6,06_ACC_Rent_Exp,4,0.0
9,2020-10,6,06_ACC_Rent_Exp,5,0.0
9,2020-10,6,06_ACC_Rent_Exp,6,0.0
9,2020-10,6,06_ACC_Rent_Exp,7,0.0
9,2020-10,6,06_ACC_Rent_Exp,8,0.0
9,2020-10,6,06_ACC_Rent_Exp,9,0.0
9,2020-10,7,07_ACC_Sales_Revenue,0,0.384039
9,2020-10,7,07_ACC_Sales_Revenue,1,0.0
9,2020-10,7,07_ACC_Sales_Revenue,2,0.0
9,2020-10,7,07_ACC_Sales_Revenue,3,0.0
9,2020-10,7,07_ACC_Sales_Revenue,4,0.0
9,2020-10,7,07_ACC_Sales_Revenue,5,0.13349
9,2020-10,7,07_ACC_Sales_Revenue,6,0.046353
9,2020-10,7,07_ACC_Sales_Revenue,7,0.0
9,2020-10,7,07_ACC_Sales_Revenue,8,0.050243
9,2020-10,7,07_ACC_Sales_Revenue,9,0.0
9,2020-10,8,08_ACC_Travel_Exp,0,0.0
9,2020-10,8,08_ACC_Travel_Exp,1,0.0
9,2020-10,8,08_ACC_Travel_Exp,2,0.0
9,2020-10,8,08_ACC_Travel_Exp,3,0.0
9,2020-10,8,08_ACC_Travel_Exp,4,0.0
9,2020-10,8,08_ACC_Travel_Exp,5,0.0
9,2020-10,8,08_ACC_Travel_Exp,6,0.0
9,2020-10,8,08_ACC_Travel_Exp,7,0.0
9,2020-10,8,08_ACC_Travel_Exp,8,0.0
9,2020-10,8,08_ACC_Travel_Exp,9,0.0
9,2020-10,9,09_ACC_Equity_Capital,0,0.0
9,2020-10,9,09_ACC_Equity_Capital,1,0.0
9,2020-10,9,09_ACC_Equity_Capital,2,0.0
9,2020-10,9,09_ACC_Equity_Capital,3,0.0
9,2020-10,9,09_ACC_Equity_Capital,4,0.0
9,2020-10,9,09_ACC_Equity_Capital,5,0.0
9,2020-10,9,09_ACC_Equity_Capital,6,0.0
9,2020-10,9,09_ACC_Equity_Capital,7,0.0
9,2020-10,9,09_ACC_Equity_Capital,8,0.0
9,2020-10,9,09_ACC_Equity_Capital,9,0.0
10,2020-11,0,00_ACC_Accounts_Payable,0,0.0
10,2020-11,0,00_ACC_Accounts_Payable,1,0.0
10,2020-11,0,00_ACC_Accounts_Payable,2,0.0
10,2020-11,0,00_ACC_Accounts_Payable,3,0.0
10,2020-11,0,00_ACC_Accounts_Payable,4,0.0
10,2020-11,0,00_ACC_Accounts_Payable,5,0.0
10,2020-11,0,00_ACC_Accounts_Payable,6,0.0
10,2020-11,0,00_ACC_Accounts_Payable,7,0.0
10,2020-11,0,00_ACC_Accounts_Payable,8,0.0
10,2020-11,0,00_ACC_Accounts_Payable,9,0.0
10,2020-11,1,01_ACC_Accounts_Receivable,0,0.0
10,2020-11,1,01_ACC_Accounts_Receivable,1,0.0
10,2020-11,1,01_ACC_Accounts_Receivable,2,0.0
10,2020-11,1,01_ACC_Accounts_Receivable,3,0.0
10,2020-11,1,01_ACC_Accounts_Receivable,4,0.382516
10,2020-11,1,01_ACC_Accounts_Receivable,5,0.0
10,2020-11,1,01_ACC_Accounts_Receivable,6,0.0
10,2020-11,1,01_ACC_Accounts_Receivable,7,0.0
10,2020-11,1,01_ACC_Accounts_Receivable,8,0.0
10,2020-11,1,01_ACC_Accounts_Receivable,9,0.0
10,2020-11,2,02_ACC_COGS,0,0.0
10,2020-11,2,02_ACC_COGS,1,0.0
10,2020-11,2,02_ACC_COGS,2,0.0
10,2020-11,2,02_ACC_COGS,3,0.0
10,2020-11,2,02_ACC_COGS,4,0.0
10,2020-11,2,02_ACC_COGS,5,0.0
10,2020-11,2,02_ACC_COGS,6,0.0
10,2020-11,2,02_ACC_COGS,7,0.0
10,2020-11,2,02_ACC_COGS,8,0.0
10,2020-11,2,02_ACC_COGS,9,0.0
10,2020-11,3,03_ACC_Cash,0,0.0
10,2020-11,3,03_ACC_Cash,1,0.0
10,2020-11,3,03_ACC_Cash,2,0.382516
10,2020-11,3,03_ACC_Cash,3,0.0
10,2020-11,3,03_ACC_Cash,4,0.0
10,2020-11,3,03_ACC_Cash,5,0.0
10,2020-11,3,03_ACC_Cash,6,0.0
10,2020-11,3,03_ACC_Cash,7,0.0
10,2020-11,3,03_ACC_Cash,8,0.0
10,2020-11,3,03_ACC_Cash,9,0.0
10,2020-11,4,04_ACC_Inventory,0,0.0
10,2020-11,4,04_ACC_Inventory,1,0.0
10,2020-11,4,04_ACC_Inventory,2,0.0
10,2020-11,4,04_ACC_Inventory,3,0.0
10,2020-11,4,04_ACC_Inventory,4,0.0
10,2020-11,4,04_ACC_Inventory,5,0.0
10,2020-11,4,04_ACC_Inventory,6,0.0
10,2020-11,4,04_ACC_Inventory,7,0.0
10,2020-11,4,04_ACC_Inventory,8,0.0
10,2020-11,4,04_ACC_Inventory,9,0.0
10,2020-11,5,05_ACC_Payroll_Exp,0,0.0
10,2020-11,5,05_ACC_Payroll_Exp,1,0.0
10,2020-11,5,05_ACC_Payroll_Exp,2,0.0
10,2020-11,5,05_ACC_Payroll_Exp,3,0.0
10,2020-11,5,05_ACC_Payroll_Exp,4,0.0
10,2020-11,5,05_ACC_Payroll_Exp,5,0.0
10,2020-11,5,05_ACC_Payroll_Exp,6,0.0
10,2020-11,5,05_ACC_Payroll_Exp,7,0.0
10,2020-11,5,05_ACC_Payroll_Exp,8,0.0
10,2020-11,5,05_ACC_Payroll_Exp,9,0.0
10,2020-11,6,06_ACC_Rent_Exp,0,0.0
10,2020-11,6,06_ACC_Rent_Exp,1,0.0
10,2020-11,6,06_ACC_Rent_Exp,2,0.0
10,2020-11,6,06_ACC_Rent_Exp,3,0.0
10,2020-11,6,06_ACC_Rent_Exp,4,0.0
10,2020-11,6,06_ACC_Rent_Exp,5,0.0
10,2020-11,6,06_ACC_Rent_Exp,6,0.0
10,2020-11,6,06_ACC_Rent_Exp,7,0.0
10,2020-11,6,06_ACC_Rent_Exp,8,0.0
10,2020-11,6,06_ACC_Rent_Exp,9,0.0
10,2020-11,7,07_ACC_Sales_Revenue,0,0.382516
10,2020-11,7,07_ACC_Sales_Revenue,1,0.0
10,2020-11,7,07_ACC_Sales_Revenue,2,0.0
10,2020-11,7,07_ACC_Sales_Revenue,3,0.0
10,2020-11,7,07_ACC_Sales_Revenue,4,0.0
10,2020-11,7,07_ACC_Sales_Revenue,5,0.144858
10,2020-11,7,07_ACC_Sales_Revenue,6,0.048952
10,2020-11,7,07_ACC_Sales_Revenue,7,0.0
10,2020-11,7,07_ACC_Sales_Revenue,8,0.037798
10,2020-11,7,07_ACC_Sales_Revenue,9,0.0
10,2020-11,8,08_ACC_Travel_Exp,0,0.0
10,2020-11,8,08_ACC_Travel_Exp,1,0.0
10,2020-11,8,08_ACC_Travel_Exp,2,0.0
10,2020-11,8,08_ACC_Travel_Exp,3,0.0
10,2020-11,8,08_ACC_Travel_Exp,4,0.0
10,2020-11,8,08_ACC_Travel_Exp,5,0.0
10,2020-11,8,08_ACC_Travel_Exp,6,0.0
10,2020-11,8,08_ACC_Travel_Exp,7,0.0
10,2020-11,8,08_ACC_Travel_Exp,8,0.0
10,2020-11,8,08_ACC_Travel_Exp,9,0.0
10,2020-11,9,09_ACC_Equity_Capital,0,0.0
10,2020-11,9,09_ACC_Equity_Capital,1,0.0
10,2020-11,9,09_ACC_Equity_Capital,2,0.0
10,2020-11,9,09_ACC_Equity_Capital,3,0.0
10,2020-11,9,09_ACC_Equity_Capital,4,0.0
10,2020-11,9,09_ACC_Equity_Capital,5,0.0
10,2020-11,9,09_ACC_Equity_Capital,6,0.0
10,2020-11,9,09_ACC_Equity_Capital,7,0.0
10,2020-11,9,09_ACC_Equity_Capital,8,0.0
10,2020-11,9,09_ACC_Equity_Capital,9,0.0
11,2020-12,0,00_ACC_Accounts_Payable,0,0.0
11,2020-12,0,00_ACC_Accounts_Payable,1,0.0
11,2020-12,0,00_ACC_Accounts_Payable,2,0.0
11,2020-12,0,00_ACC_Accounts_Payable,3,0.0
11,2020-12,0,00_ACC_Accounts_Payable,4,0.0
11,2020-12,0,00_ACC_Accounts_Payable,5,0.0
11,2020-12,0,00_ACC_Accounts_Payable,6,0.0
11,2020-12,0,00_ACC_Accounts_Payable,7,0.0
11,2020-12,0,00_ACC_Accounts_Payable,8,0.0
11,2020-12,0,00_ACC_Accounts_Payable,9,0.0
11,2020-12,1,01_ACC_Accounts_Receivable,0,0.0
11,2020-12,1,01_ACC_Accounts_Receivable,1,0.0
11,2020-12,1,01_ACC_Accounts_Receivable,2,0.0
11,2020-12,1,01_ACC_Accounts_Receivable,3,0.0
11,2020-12,1,01_ACC_Accounts_Receivable,4,0.33148
11,2020-12,1,01_ACC_Accounts_Receivable,5,0.0
11,2020-12,1,01_ACC_Accounts_Receivable,6,0.0
11,2020-12,1,01_ACC_Accounts_Receivable,7,0.0
11,2020-12,1,01_ACC_Accounts_Receivable,8,0.0
11,2020-12,1,01_ACC_Accounts_Receivable,9,0.0
11,2020-12,2,02_ACC_COGS,0,0.0
11,2020-12,2,02_ACC_COGS,1,0.0
11,2020-12,2,02_ACC_COGS,2,0.0
11,2020-12,2,02_ACC_COGS,3,0.0
11,2020-12,2,02_ACC_COGS,4,0.0
11,2020-12,2,02_ACC_COGS,5,0.0
11,2020-12,2,02_ACC_COGS,6,0.0
11,2020-12,2,02_ACC_COGS,7,0.0
11,2020-12,2,02_ACC_COGS,8,0.0
11,2020-12,2,02_ACC_COGS,9,0.0
11,2020-12,3,03_ACC_Cash,0,0.0
11,2020-12,3,03_ACC_Cash,1,0.0
11,2020-12,3,03_ACC_Cash,2,0.33148
11,2020-12,3,03_ACC_Cash,3,0.0
11,2020-12,3,03_ACC_Cash,4,0.0
11,2020-12,3,03_ACC_Cash,5,0.0
11,2020-12,3,03_ACC_Cash,6,0.0
11,2020-12,3,03_ACC_Cash,7,0.0
11,2020-12,3,03_ACC_Cash,8,0.0
11,2020-12,3,03_ACC_Cash,9,0.0
11,2020-12,4,04_ACC_Inventory,0,0.0
11,2020-12,4,04_ACC_Inventory,1,0.0
11,2020-12,4,04_ACC_Inventory,2,0.0
11,2020-12,4,04_ACC_Inventory,3,0.0
11,2020-12,4,04_ACC_Inventory,4,0.0
11,2020-12,4,04_ACC_Inventory,5,0.0
11,2020-12,4,04_ACC_Inventory,6,0.0
11,2020-12,4,04_ACC_Inventory,7,0.0
11,2020-12,4,04_ACC_Inventory,8,0.0
11,2020-12,4,04_ACC_Inventory,9,0.0
11,2020-12,5,05_ACC_Payroll_Exp,0,0.0
11,2020-12,5,05_ACC_Payroll_Exp,1,0.0
11,2020-12,5,05_ACC_Payroll_Exp,2,0.0
11,2020-12,5,05_ACC_Payroll_Exp,3,0.0
11,2020-12,5,05_ACC_Payroll_Exp,4,0.0
11,2020-12,5,05_ACC_Payroll_Exp,5,0.0
11,2020-12,5,05_ACC_Payroll_Exp,6,0.0
11,2020-12,5,05_ACC_Payroll_Exp,7,0.0
11,2020-12,5,05_ACC_Payroll_Exp,8,0.0
11,2020-12,5,05_ACC_Payroll_Exp,9,0.0
11,2020-12,6,06_ACC_Rent_Exp,0,0.0
11,2020-12,6,06_ACC_Rent_Exp,1,0.0
11,2020-12,6,06_ACC_Rent_Exp,2,0.0
11,2020-12,6,06_ACC_Rent_Exp,3,0.0
11,2020-12,6,06_ACC_Rent_Exp,4,0.0
11,2020-12,6,06_ACC_Rent_Exp,5,0.0
11,2020-12,6,06_ACC_Rent_Exp,6,0.0
11,2020-12,6,06_ACC_Rent_Exp,7,0.0
11,2020-12,6,06_ACC_Rent_Exp,8,0.0
11,2020-12,6,06_ACC_Rent_Exp,9,0.0
11,2020-12,7,07_ACC_Sales_Revenue,0,0.33148
11,2020-12,7,07_ACC_Sales_Revenue,1,0.0
11,2020-12,7,07_ACC_Sales_Revenue,2,0.0
11,2020-12,7,07_ACC_Sales_Revenue,3,0.0
11,2020-12,7,07_ACC_Sales_Revenue,4,0.0
11,2020-12,7,07_ACC_Sales_Revenue,5,0.207461
11,2020-12,7,07_ACC_Sales_Revenue,6,0.019025
11,2020-12,7,07_ACC_Sales_Revenue,7,0.0
11,2020-12,7,07_ACC_Sales_Revenue,8,0.056159
11,2020-12,7,07_ACC_Sales_Revenue,9,0.0
11,2020-12,8,08_ACC_Travel_Exp,0,0.0
11,2020-12,8,08_ACC_Travel_Exp,1,0.0
11,2020-12,8,08_ACC_Travel_Exp,2,0.0
11,2020-12,8,08_ACC_Travel_Exp,3,0.0
11,2020-12,8,08_ACC_Travel_Exp,4,0.0
11,2020-12,8,08_ACC_Travel_Exp,5,0.0
11,2020-12,8,08_ACC_Travel_Exp,6,0.0
11,2020-12,8,08_ACC_Travel_Exp,7,0.0
11,2020-12,8,08_ACC_Travel_Exp,8,0.0
11,2020-12,8,08_ACC_Travel_Exp,9,0.0
11,2020-12,9,09_ACC_Equity_Capital,0,0.0
11,2020-12,9,09_ACC_Equity_Capital,1,0.0
11,2020-12,9,09_ACC_Equity_Capital,2,0.0
11,2020-12,9,09_ACC_Equity_Capital,3,0.0
11,2020-12,9,09_ACC_Equity_Capital,4,0.0
11,2020-12,9,09_ACC_Equity_Capital,5,0.0
11,2020-12,9,09_ACC_Equity_Capital,6,0.0
11,2020-12,9,09_ACC_Equity_Capital,7,0.0
11,2020-12,9,09_ACC_Equity_Capital,8,0.0
11,2020-12,9,09_ACC_Equity_Capital,9,0.0
