t_idx,time_label,node_idx,node_label,z_score_X,z_score_v,local_kl_drift,micro_anomaly_flag
0,2000-10,0,US_Economy,0.0,0.0,0.0,0
0,2000-10,1,Copper,0.0,0.0,0.0,0
0,2000-10,2,Oil,0.0,0.0,0.0,0
0,2000-10,3,SP500,0.0,0.0,0.0,0
0,2000-10,4,US10Y,0.0,0.0,0.0,0
0,2000-10,5,US_Inflation,0.0,0.0,0.0,0
0,2000-10,6,US_Production,0.0,0.0,0.0,0
0,2000-10,7,US_Unemployment,0.0,0.0,0.0,0
1,2000-11,0,US_Economy,0.0,0.0,,0
1,2000-11,1,Copper,0.0,0.0,0.0,0
1,2000-11,2,Oil,0.0,0.0,0.0,0
1,2000-11,3,SP500,0.0,0.0,0.0,0
1,2000-11,4,US10Y,0.0,0.0,0.0,0
1,2000-11,5,US_Inflation,0.0,0.0,0.0,0
1,2000-11,6,US_Production,0.0,0.0,0.0,0
1,2000-11,7,US_Unemployment,0.0,0.0,0.0,0
2,2000-12,0,US_Economy,0.5701,1.3817,,0
2,2000-12,1,Copper,5.9239,6.0227,0.0,1
2,2000-12,2,Oil,4.7758,35.8,0.0,1
2,2000-12,3,SP500,0.8695,1.5041,0.0,0
2,2000-12,4,US10Y,13.3613,13.2857,0.0,1
2,2000-12,5,US_Inflation,1.2083,1.3333,0.0,0
2,2000-12,6,US_Production,0.1029,0.2171,0.0,0
2,2000-12,7,US_Unemployment,1.0,1.0,0.0,0
3,2001-01,0,US_Economy,0.7586,0.2535,,0
3,2001-01,1,Copper,0.1105,0.0744,0.0,0
3,2001-01,2,Oil,0.6468,1.7733,0.0,0
3,2001-01,3,SP500,0.7224,0.1179,0.0,0
3,2001-01,4,US10Y,1.943,2.488,0.0,0
3,2001-01,5,US_Inflation,1.9392,2.4802,0.0,0
3,2001-01,6,US_Production,0.4608,0.219,0.0,0
3,2001-01,7,US_Unemployment,1.9445,2.4749,0.0,0
4,2001-02,0,US_Economy,0.8111,2.5565,,0
4,2001-02,1,Copper,0.5864,0.5926,0.0,0
4,2001-02,2,Oil,0.9569,0.6158,0.0,0
4,2001-02,3,SP500,0.6453,2.3919,0.0,0
4,2001-02,4,US10Y,0.2339,0.1064,0.0,0
4,2001-02,5,US_Inflation,1.4186,1.4655,0.0,0
4,2001-02,6,US_Production,0.3727,0.1366,0.0,0
4,2001-02,7,US_Unemployment,2.7441,3.2717,0.0,1
5,2001-03,0,US_Economy,0.426,0.5034,,0
5,2001-03,1,Copper,0.0508,0.0153,0.0,0
5,2001-03,2,Oil,0.2551,0.0107,0.0,0
5,2001-03,3,SP500,0.4748,0.4975,0.0,0
5,2001-03,4,US10Y,0.4857,0.5263,0.0,0
5,2001-03,5,US_Inflation,0.1662,0.4385,0.0,0
5,2001-03,6,US_Production,1.1994,1.6328,0.0,0
5,2001-03,7,US_Unemployment,0.2067,0.2914,0.0,0
6,2001-04,0,US_Economy,3.7607,1.6454,,1
6,2001-04,1,Copper,1.3885,1.3697,0.0,0
6,2001-04,2,Oil,0.0204,0.1409,0.0,0
6,2001-04,3,SP500,1.9356,1.623,0.0,0
6,2001-04,4,US10Y,1.9891,1.918,0.0,0
6,2001-04,5,US_Inflation,0.7397,0.7881,0.0,0
6,2001-04,6,US_Production,0.1226,0.0906,0.0,0
6,2001-04,7,US_Unemployment,0.3761,0.2641,0.0,0
7,2001-05,0,US_Economy,0.6819,0.932,,0
7,2001-05,1,Copper,0.0196,0.0432,0.0,0
7,2001-05,2,Oil,0.1426,0.307,0.0,0
7,2001-05,3,SP500,0.6594,0.9499,0.0,0
7,2001-05,4,US10Y,0.0516,0.1369,0.0,0
7,2001-05,5,US_Inflation,1.4457,1.6783,0.0,0
7,2001-05,6,US_Production,0.1966,0.0032,0.0,0
7,2001-05,7,US_Unemployment,1.4585,1.3789,0.0,0
8,2001-06,0,US_Economy,0.6194,0.4859,,0
8,2001-06,1,Copper,0.7814,0.7839,0.0,0
8,2001-06,2,Oil,1.1055,0.9129,0.0,0
8,2001-06,3,SP500,0.5989,0.4381,0.0,0
8,2001-06,4,US10Y,1.2232,1.4438,0.0,0
8,2001-06,5,US_Inflation,1.2773,1.1251,0.0,0
8,2001-06,6,US_Production,0.311,0.1785,0.0,0
8,2001-06,7,US_Unemployment,1.7216,1.5686,0.0,0
9,2001-07,0,US_Economy,0.5072,0.1341,,0
9,2001-07,1,Copper,1.2575,1.2421,0.0,0
9,2001-07,2,Oil,1.3919,0.4227,0.0,0
9,2001-07,3,SP500,0.5267,0.1204,0.0,0
9,2001-07,4,US10Y,0.352,0.2756,0.0,0
9,2001-07,5,US_Inflation,1.0157,1.4401,0.0,0
9,2001-07,6,US_Production,0.1895,0.0058,0.0,0
9,2001-07,7,US_Unemployment,0.7699,0.7407,0.0,0
10,2001-08,0,US_Economy,0.5772,0.692,,0
10,2001-08,1,Copper,0.4912,0.498,0.0,0
10,2001-08,2,Oil,0.1572,0.1522,0.0,0
10,2001-08,3,SP500,0.5391,0.7085,0.0,0
10,2001-08,4,US10Y,0.9256,0.8401,0.0,0
10,2001-08,5,US_Inflation,0.7575,0.9004,0.0,0
10,2001-08,6,US_Production,1.2721,1.7826,0.0,0
10,2001-08,7,US_Unemployment,0.7503,0.8947,0.0,0
11,2001-09,0,US_Economy,0.6564,0.2043,,0
11,2001-09,1,Copper,0.0063,0.0307,0.0,0
11,2001-09,2,Oil,1.4196,1.1005,0.0,0
11,2001-09,3,SP500,0.5954,0.156,0.0,0
11,2001-09,4,US10Y,0.2439,0.1933,0.0,0
11,2001-09,5,US_Inflation,1.3631,1.6964,0.0,0
11,2001-09,6,US_Production,0.5939,0.865,0.0,0
11,2001-09,7,US_Unemployment,1.2062,1.3082,0.0,0
12,2001-10,0,US_Economy,0.3304,1.2066,,0
12,2001-10,1,Copper,0.3479,0.3232,0.0,0
12,2001-10,2,Oil,0.2355,0.3602,0.0,0
12,2001-10,3,SP500,0.0954,1.1956,0.0,0
12,2001-10,4,US10Y,0.4226,0.3792,0.0,0
12,2001-10,5,US_Inflation,2.5627,2.4085,0.0,0
12,2001-10,6,US_Production,0.7376,0.82,0.0,0
12,2001-10,7,US_Unemployment,0.7874,0.9113,0.0,0
13,2001-11,0,US_Economy,0.302,0.6158,,0
13,2001-11,1,Copper,3.0523,3.0016,0.0,1
13,2001-11,2,Oil,0.31,0.1534,0.0,0
13,2001-11,3,SP500,0.2961,0.6045,0.0,0
13,2001-11,4,US10Y,1.0411,0.9609,0.0,0
13,2001-11,5,US_Inflation,0.6424,0.8158,0.0,0
13,2001-11,6,US_Production,1.0785,1.1007,0.0,0
13,2001-11,7,US_Unemployment,0.6451,0.6509,0.0,0
14,2001-12,0,US_Economy,0.4195,0.9057,,0
14,2001-12,1,Copper,3.73,3.7674,0.0,1
14,2001-12,2,Oil,1.2778,0.5678,0.0,0
14,2001-12,3,SP500,0.3634,0.9455,0.0,0
14,2001-12,4,US10Y,1.423,1.3155,0.0,0
14,2001-12,5,US_Inflation,0.2123,0.0568,0.0,0
14,2001-12,6,US_Production,2.006,2.0928,0.0,0
14,2001-12,7,US_Unemployment,0.1587,0.0854,0.0,0
15,2002-01,0,US_Economy,0.3685,0.3058,,0
15,2002-01,1,Copper,2.2354,2.3039,0.0,0
15,2002-01,2,Oil,0.6951,0.4012,0.0,0
15,2002-01,3,SP500,0.3359,0.2995,0.0,0
15,2002-01,4,US10Y,1.9343,2.3365,0.0,0
15,2002-01,5,US_Inflation,0.6935,0.7548,0.0,0
15,2002-01,6,US_Production,2.755,2.1106,0.0,0
15,2002-01,7,US_Unemployment,1.102,1.1107,0.0,0
16,2002-02,0,US_Economy,0.3384,0.0208,,0
16,2002-02,1,Copper,1.2974,1.2758,0.0,0
16,2002-02,2,Oil,0.8169,1.2368,0.0,0
16,2002-02,3,SP500,0.3209,0.0033,0.0,0
16,2002-02,4,US10Y,0.4016,0.3088,0.0,0
16,2002-02,5,US_Inflation,0.2746,0.1025,0.0,0
16,2002-02,6,US_Production,2.8299,2.0384,0.0,0
16,2002-02,7,US_Unemployment,0.0616,0.1365,0.0,0
17,2002-03,0,US_Economy,0.2435,0.7964,,0
17,2002-03,1,Copper,0.7663,0.7409,0.0,0
17,2002-03,2,Oil,0.046,0.7418,0.0,0
17,2002-03,3,SP500,0.2629,0.7572,0.0,0
17,2002-03,4,US10Y,2.0603,1.8872,0.0,0
17,2002-03,5,US_Inflation,0.493,0.382,0.0,0
17,2002-03,6,US_Production,1.8095,1.5775,0.0,0
17,2002-03,7,US_Unemployment,0.0618,0.0,0.0,0
18,2002-04,0,US_Economy,0.4288,1.6764,,0
18,2002-04,1,Copper,1.0235,0.9832,0.0,0
18,2002-04,2,Oil,1.0545,1.6061,0.0,0
18,2002-04,3,SP500,0.3724,1.6301,0.0,0
18,2002-04,4,US10Y,1.4775,1.6415,0.0,0
18,2002-04,5,US_Inflation,0.6504,0.4933,0.0,0
18,2002-04,6,US_Production,0.7474,0.7039,0.0,0
18,2002-04,7,US_Unemployment,1.3058,1.2979,0.0,0
19,2002-05,0,US_Economy,1.0716,1.0783,,0
19,2002-05,1,Copper,0.7054,0.6911,0.0,0
19,2002-05,2,Oil,1.2362,1.208,0.0,0
19,2002-05,3,SP500,1.7347,1.155,0.0,0
19,2002-05,4,US10Y,0.1092,0.1568,0.0,0
19,2002-05,5,US_Inflation,1.2979,1.1799,0.0,0
19,2002-05,6,US_Production,0.3601,0.3534,0.0,0
19,2002-05,7,US_Unemployment,1.6996,1.8076,0.0,0
20,2002-06,0,US_Economy,0.5857,0.9715,,0
20,2002-06,1,Copper,0.3053,0.2971,0.0,0
20,2002-06,2,Oil,2.7504,1.4412,0.0,0
20,2002-06,3,SP500,0.5679,1.0447,0.0,0
20,2002-06,4,US10Y,0.7002,0.5203,0.0,0
20,2002-06,5,US_Inflation,0.1245,0.0768,0.0,0
20,2002-06,6,US_Production,1.2499,0.8058,0.0,0
20,2002-06,7,US_Unemployment,0.5706,0.5477,0.0,0
21,2002-07,0,US_Economy,0.3566,0.0095,,0
21,2002-07,1,Copper,1.1931,1.1578,0.0,0
21,2002-07,2,Oil,0.7654,0.6493,0.0,0
21,2002-07,3,SP500,0.3081,0.0451,0.0,0
21,2002-07,4,US10Y,0.1895,0.1404,0.0,0
21,2002-07,5,US_Inflation,0.6258,0.6176,0.0,0
21,2002-07,6,US_Production,2.2463,2.1834,0.0,0
21,2002-07,7,US_Unemployment,0.0435,0.1026,0.0,0
22,2002-08,0,US_Economy,3.8491,1.3785,,1
22,2002-08,1,Copper,1.1452,1.1909,0.0,0
22,2002-08,2,Oil,0.1973,0.7093,0.0,0
22,2002-08,3,SP500,6.4644,1.3556,0.0,1
22,2002-08,4,US10Y,0.3493,0.3169,0.0,0
22,2002-08,5,US_Inflation,0.2338,0.0849,0.0,0
22,2002-08,6,US_Production,0.1712,0.2513,0.0,0
22,2002-08,7,US_Unemployment,0.7019,0.5711,0.0,0
23,2002-09,0,US_Economy,0.7116,1.7042,,0
23,2002-09,1,Copper,0.1219,0.1321,0.0,0
23,2002-09,2,Oil,0.7467,0.7997,0.0,0
23,2002-09,3,SP500,0.5955,1.6847,0.0,0
23,2002-09,4,US10Y,0.0252,0.0359,0.0,0
23,2002-09,5,US_Inflation,0.3245,0.4977,0.0,0
23,2002-09,6,US_Production,0.4018,0.3961,0.0,0
23,2002-09,7,US_Unemployment,0.9811,0.8944,0.0,0
24,2002-10,0,US_Economy,2.0717,2.3051,,0
24,2002-10,1,Copper,0.2826,0.2576,0.0,0
24,2002-10,2,Oil,1.0614,0.9365,0.0,0
24,2002-10,3,SP500,0.9061,2.345,0.0,0
24,2002-10,4,US10Y,1.474,1.698,0.0,0
24,2002-10,5,US_Inflation,0.3763,0.299,0.0,0
24,2002-10,6,US_Production,0.6498,0.7084,0.0,0
24,2002-10,7,US_Unemployment,0.0036,0.0578,0.0,0
25,2002-11,0,US_Economy,0.4809,0.268,,0
25,2002-11,1,Copper,0.0647,0.045,0.0,0
25,2002-11,2,Oil,0.6836,0.6171,0.0,0
25,2002-11,3,SP500,0.4565,0.2946,0.0,0
25,2002-11,4,US10Y,0.0408,0.0678,0.0,0
25,2002-11,5,US_Inflation,0.4388,0.6381,0.0,0
25,2002-11,6,US_Production,1.3565,1.5634,0.0,0
25,2002-11,7,US_Unemployment,1.7994,1.7321,0.0,0
26,2002-12,0,US_Economy,0.6285,1.3114,,0
26,2002-12,1,Copper,0.3542,0.3444,0.0,0
26,2002-12,2,Oil,0.2591,0.0931,0.0,0
26,2002-12,3,SP500,0.5549,1.2971,0.0,0
26,2002-12,4,US10Y,0.5271,0.4416,0.0,0
26,2002-12,5,US_Inflation,0.009,0.1286,0.0,0
26,2002-12,6,US_Production,2.8382,2.3384,0.0,0
26,2002-12,7,US_Unemployment,0.7067,0.7071,0.0,0
27,2003-01,0,US_Economy,0.0844,0.5478,,0
27,2003-01,1,Copper,0.5362,0.4946,0.0,0
27,2003-01,2,Oil,1.9849,3.0227,0.0,1
27,2003-01,3,SP500,0.2128,0.4513,0.0,0
27,2003-01,4,US10Y,0.2918,0.2784,0.0,0
27,2003-01,5,US_Inflation,1.5811,1.7999,0.0,0
27,2003-01,6,US_Production,1.6834,2.4353,0.0,0
27,2003-01,7,US_Unemployment,2.0633,2.0241,0.0,0
28,2003-02,0,US_Economy,0.4452,0.0655,,0
28,2003-02,1,Copper,0.9267,0.9064,0.0,0
28,2003-02,2,Oil,0.7863,1.4437,0.0,0
28,2003-02,3,SP500,0.4148,0.12,0.0,0
28,2003-02,4,US10Y,0.8388,0.7135,0.0,0
28,2003-02,5,US_Inflation,0.8201,0.5817,0.0,0
28,2003-02,6,US_Production,0.9915,1.0763,0.0,0
28,2003-02,7,US_Unemployment,2.4885,2.014,0.0,0
29,2003-03,0,US_Economy,0.4298,0.1289,,0
29,2003-03,1,Copper,0.7787,0.7992,0.0,0
29,2003-03,2,Oil,1.6575,2.9256,0.0,0
29,2003-03,3,SP500,0.3936,0.2477,0.0,0
29,2003-03,4,US10Y,0.2651,0.2464,0.0,0
29,2003-03,5,US_Inflation,3.1069,2.755,0.0,1
29,2003-03,6,US_Production,0.4899,0.5598,0.0,0
29,2003-03,7,US_Unemployment,0.6331,0.6016,0.0,0
30,2003-04,0,US_Economy,0.2753,0.7875,,0
30,2003-04,1,Copper,1.489,1.5161,0.0,0
30,2003-04,2,Oil,0.1003,0.306,0.0,0
30,2003-04,3,SP500,0.3209,0.7842,0.0,0
30,2003-04,4,US10Y,1.69,1.3808,0.0,0
30,2003-04,5,US_Inflation,2.1151,2.8823,0.0,0
30,2003-04,6,US_Production,0.1868,0.373,0.0,0
30,2003-04,7,US_Unemployment,0.472,0.5477,0.0,0
31,2003-05,0,US_Economy,0.5087,0.3062,,0
31,2003-05,1,Copper,0.7497,0.6968,0.0,0
31,2003-05,2,Oil,1.8183,2.5847,0.0,0
31,2003-05,3,SP500,0.4843,0.4373,0.0,0
31,2003-05,4,US10Y,3.2451,3.2007,0.0,1
31,2003-05,5,US_Inflation,0.8426,1.2483,0.0,0
31,2003-05,6,US_Production,0.8407,0.9719,0.0,0
31,2003-05,7,US_Unemployment,0.0313,0.0475,0.0,0
32,2003-06,0,US_Economy,0.4873,0.5778,,0
32,2003-06,1,Copper,1.0474,1.0369,0.0,0
32,2003-06,2,Oil,0.8426,0.9559,0.0,0
32,2003-06,3,SP500,0.4324,0.5325,0.0,0
32,2003-06,4,US10Y,0.7177,0.7658,0.0,0
32,2003-06,5,US_Inflation,0.9632,1.2982,0.0,0
32,2003-06,6,US_Production,0.3821,0.27,0.0,0
32,2003-06,7,US_Unemployment,0.4154,0.5488,0.0,0
33,2003-07,0,US_Economy,0.4125,0.0008,,0
33,2003-07,1,Copper,0.7124,0.6751,0.0,0
33,2003-07,2,Oil,0.0905,0.2471,0.0,0
33,2003-07,3,SP500,0.3887,0.0332,0.0,0
33,2003-07,4,US10Y,3.8605,3.8262,0.0,1
33,2003-07,5,US_Inflation,0.8777,0.8852,0.0,0
33,2003-07,6,US_Production,0.8428,0.6395,0.0,0
33,2003-07,7,US_Unemployment,1.8037,2.0855,0.0,0
34,2003-08,0,US_Economy,0.4371,0.0917,,0
34,2003-08,1,Copper,1.3151,1.2757,0.0,0
34,2003-08,2,Oil,0.2414,0.0041,0.0,0
34,2003-08,3,SP500,0.398,0.0804,0.0,0
34,2003-08,4,US10Y,0.5974,0.7626,0.0,0
34,2003-08,5,US_Inflation,0.5755,0.4085,0.0,0
34,2003-08,6,US_Production,1.4918,1.1807,0.0,0
34,2003-08,7,US_Unemployment,0.0234,0.0475,0.0,0
35,2003-09,0,US_Economy,0.4066,0.4854,,0
35,2003-09,1,Copper,0.6112,0.6033,0.0,0
35,2003-09,2,Oil,0.9929,0.7487,0.0,0
35,2003-09,3,SP500,0.4142,0.4382,0.0,0
35,2003-09,4,US10Y,1.7528,2.1138,0.0,0
35,2003-09,5,US_Inflation,0.559,0.4987,0.0,0
35,2003-09,6,US_Production,1.245,1.2613,0.0,0
35,2003-09,7,US_Unemployment,0.5605,0.5774,0.0,0
36,2003-10,0,US_Economy,0.0195,0.9547,,0
36,2003-10,1,Copper,2.547,2.4949,0.0,0
36,2003-10,2,Oil,1.7585,0.5498,0.0,0
36,2003-10,3,SP500,0.0813,0.9329,0.0,0
36,2003-10,4,US10Y,0.4867,0.4612,0.0,0
36,2003-10,5,US_Inflation,1.9651,1.8286,0.0,0
36,2003-10,6,US_Production,0.7774,0.7757,0.0,0
36,2003-10,7,US_Unemployment,0.6521,0.5774,0.0,0
37,2003-11,0,US_Economy,0.8235,0.9678,,0
37,2003-11,1,Copper,2.7801,2.9518,0.0,0
37,2003-11,2,Oil,0.0422,0.2763,0.0,0
37,2003-11,3,SP500,0.8931,1.0191,0.0,0
37,2003-11,4,US10Y,0.0598,0.0154,0.0,0
37,2003-11,5,US_Inflation,0.6205,0.6942,0.0,0
37,2003-11,6,US_Production,0.9212,0.7053,0.0,0
37,2003-11,7,US_Unemployment,0.646,0.5226,0.0,0
38,2003-12,0,US_Economy,0.6251,1.0754,,0
38,2003-12,1,Copper,2.4037,2.4197,0.0,0
38,2003-12,2,Oil,0.1529,0.1489,0.0,0
38,2003-12,3,SP500,0.6765,1.0685,0.0,0
38,2003-12,4,US10Y,0.1432,0.0839,0.0,0
38,2003-12,5,US_Inflation,0.7879,0.8124,0.0,0
38,2003-12,6,US_Production,0.9037,0.9009,0.0,0
38,2003-12,7,US_Unemployment,0.8478,0.8081,0.0,0
39,2004-01,0,US_Economy,0.9425,1.2283,,0
39,2004-01,1,Copper,0.5454,0.5612,0.0,0
39,2004-01,2,Oil,0.581,0.3876,0.0,0
39,2004-01,3,SP500,0.9973,1.2001,0.0,0
39,2004-01,4,US10Y,0.3374,0.2373,0.0,0
39,2004-01,5,US_Inflation,0.6964,0.5389,0.0,0
39,2004-01,6,US_Production,0.2575,0.1115,0.0,0
39,2004-01,7,US_Unemployment,0.6676,0.6965,0.0,0
40,2004-02,0,US_Economy,0.3962,0.244,,0
40,2004-02,1,Copper,1.2283,1.2372,0.0,0
40,2004-02,2,Oil,0.2989,0.0055,0.0,0
40,2004-02,3,SP500,0.4161,0.2401,0.0,0
40,2004-02,4,US10Y,0.1523,0.1639,0.0,0
40,2004-02,5,US_Inflation,0.9081,0.7795,0.0,0
40,2004-02,6,US_Production,1.0841,0.9518,0.0,0
40,2004-02,7,US_Unemployment,0.8453,0.7977,0.0,0
41,2004-03,0,US_Economy,0.9813,0.8679,,0
41,2004-03,1,Copper,2.4991,2.4324,0.0,0
41,2004-03,2,Oil,0.6588,0.7412,0.0,0
41,2004-03,3,SP500,1.0668,0.9291,0.0,0
41,2004-03,4,US10Y,0.6428,0.4998,0.0,0
41,2004-03,5,US_Inflation,0.2517,0.0961,0.0,0
41,2004-03,6,US_Production,2.2568,2.0487,0.0,0
41,2004-03,7,US_Unemployment,2.9095,2.6099,0.0,0
42,2004-04,0,US_Economy,0.1449,0.0205,,0
42,2004-04,1,Copper,3.3324,3.7118,0.0,1
42,2004-04,2,Oil,0.609,0.5627,0.0,0
42,2004-04,3,SP500,0.1096,0.0514,0.0,0
42,2004-04,4,US10Y,2.1036,2.0804,0.0,0
42,2004-04,5,US_Inflation,0.0963,0.2247,0.0,0
42,2004-04,6,US_Production,1.072,1.3595,0.0,0
42,2004-04,7,US_Unemployment,2.5198,2.849,0.0,0
43,2004-05,0,US_Economy,1.3865,1.2216,,0
43,2004-05,1,Copper,1.4457,1.5619,0.0,0
43,2004-05,2,Oil,0.1762,0.0964,0.0,0
43,2004-05,3,SP500,1.4111,1.1963,0.0,0
43,2004-05,4,US10Y,0.3753,0.4197,0.0,0
43,2004-05,5,US_Inflation,1.1585,1.1016,0.0,0
43,2004-05,6,US_Production,0.7047,0.4513,0.0,0
43,2004-05,7,US_Unemployment,1.4435,1.2285,0.0,0
44,2004-06,0,US_Economy,0.1161,0.0602,,0
44,2004-06,1,Copper,0.9756,0.8873,0.0,0
44,2004-06,2,Oil,1.5712,2.6572,0.0,0
44,2004-06,3,SP500,0.078,0.2773,0.0,0
44,2004-06,4,US10Y,1.0166,1.0579,0.0,0
44,2004-06,5,US_Inflation,0.4207,0.4964,0.0,0
44,2004-06,6,US_Production,2.5575,2.6465,0.0,0
44,2004-06,7,US_Unemployment,0.0392,0.0431,0.0,0
45,2004-07,0,US_Economy,1.4322,1.4768,,0
45,2004-07,1,Copper,1.1022,1.1037,0.0,0
45,2004-07,2,Oil,7.979,4.3848,0.0,1
45,2004-07,3,SP500,1.6863,1.8174,0.0,0
45,2004-07,4,US10Y,0.8057,0.6278,0.0,0
45,2004-07,5,US_Inflation,1.5548,1.4701,0.0,0
45,2004-07,6,US_Production,1.4271,2.1928,0.0,0
45,2004-07,7,US_Unemployment,0.5339,0.4369,0.0,0
46,2004-08,0,US_Economy,1.5207,1.0611,,0
46,2004-08,1,Copper,0.6665,0.6292,0.0,0
46,2004-08,2,Oil,0.7194,2.0531,0.0,0
46,2004-08,3,SP500,2.2406,1.2522,0.0,0
46,2004-08,4,US10Y,0.2255,0.2554,0.0,0
46,2004-08,5,US_Inflation,0.0049,0.1757,0.0,0
46,2004-08,6,US_Production,0.7499,0.8203,0.0,0
46,2004-08,7,US_Unemployment,0.0738,0.0,0.0,0
47,2004-09,0,US_Economy,0.2181,0.4239,,0
47,2004-09,1,Copper,0.5512,0.5208,0.0,0
47,2004-09,2,Oil,0.6856,1.4622,0.0,0
47,2004-09,3,SP500,0.0062,0.2326,0.0,0
47,2004-09,4,US10Y,0.3871,0.3919,0.0,0
47,2004-09,5,US_Inflation,1.3038,1.497,0.0,0
47,2004-09,6,US_Production,0.1814,0.0435,0.0,0
47,2004-09,7,US_Unemployment,0.5557,0.5774,0.0,0
48,2004-10,0,US_Economy,0.1941,0.0054,,0
48,2004-10,1,Copper,0.9167,0.8599,0.0,0
48,2004-10,2,Oil,0.6561,1.0427,0.0,0
48,2004-10,3,SP500,0.1461,0.0895,0.0,0
48,2004-10,4,US10Y,0.4698,0.4309,0.0,0
48,2004-10,5,US_Inflation,1.2089,1.0,0.0,0
48,2004-10,6,US_Production,1.1535,0.9515,0.0,0
48,2004-10,7,US_Unemployment,0.5032,0.5774,0.0,0
49,2004-11,0,US_Economy,0.5361,0.8315,,0
49,2004-11,1,Copper,0.9333,0.9173,0.0,0
49,2004-11,2,Oil,0.8153,1.1321,0.0,0
49,2004-11,3,SP500,0.5594,0.9517,0.0,0
49,2004-11,4,US10Y,0.5609,0.4621,0.0,0
49,2004-11,5,US_Inflation,0.547,0.603,0.0,0
49,2004-11,6,US_Production,0.7113,0.8099,0.0,0
49,2004-11,7,US_Unemployment,1.25,1.2568,0.0,0
50,2004-12,0,US_Economy,0.4513,0.4087,,0
50,2004-12,1,Copper,0.3739,0.3496,0.0,0
50,2004-12,2,Oil,1.4494,0.5992,0.0,0
50,2004-12,3,SP500,0.3723,0.2754,0.0,0
50,2004-12,4,US10Y,0.2318,0.2092,0.0,0
50,2004-12,5,US_Inflation,3.8391,2.9294,0.0,1
50,2004-12,6,US_Production,0.9545,0.7137,0.0,0
50,2004-12,7,US_Unemployment,0.4841,0.509,0.0,0
51,2005-01,0,US_Economy,1.7409,2.2503,,0
51,2005-01,1,Copper,0.3984,0.3519,0.0,0
51,2005-01,2,Oil,1.0586,2.4149,0.0,0
51,2005-01,3,SP500,1.6418,2.3973,0.0,0
51,2005-01,4,US10Y,0.2388,0.206,0.0,0
51,2005-01,5,US_Inflation,0.0596,0.1433,0.0,0
51,2005-01,6,US_Production,0.5497,0.6151,0.0,0
51,2005-01,7,US_Unemployment,0.6906,0.6016,0.0,0
52,2005-02,0,US_Economy,2.6846,1.9979,,0
52,2005-02,1,Copper,0.4324,0.4145,0.0,0
52,2005-02,2,Oil,0.3089,0.2823,0.0,0
52,2005-02,3,SP500,2.4003,1.7462,0.0,0
52,2005-02,4,US10Y,0.2225,0.182,0.0,0
52,2005-02,5,US_Inflation,1.654,2.4748,0.0,0
52,2005-02,6,US_Production,0.6593,0.431,0.0,0
52,2005-02,7,US_Unemployment,1.1991,1.1569,0.0,0
53,2005-03,0,US_Economy,1.2195,1.4462,,0
53,2005-03,1,Copper,0.2065,0.1819,0.0,0
53,2005-03,2,Oil,0.2278,0.0356,0.0,0
53,2005-03,3,SP500,1.1231,1.268,0.0,0
53,2005-03,4,US10Y,1.6633,1.4008,0.0,0
53,2005-03,5,US_Inflation,0.1813,0.2883,0.0,0
53,2005-03,6,US_Production,1.1013,1.0802,0.0,0
53,2005-03,7,US_Unemployment,1.676,1.6994,0.0,0
54,2005-04,0,US_Economy,0.5557,0.2898,,0
54,2005-04,1,Copper,0.0258,0.0176,0.0,0
54,2005-04,2,Oil,0.8635,1.7233,0.0,0
54,2005-04,3,SP500,0.2529,0.01,0.0,0
54,2005-04,4,US10Y,1.7268,1.9039,0.0,0
54,2005-04,5,US_Inflation,0.1379,0.2695,0.0,0
54,2005-04,6,US_Production,0.4534,0.4152,0.0,0
54,2005-04,7,US_Unemployment,1.4498,1.2675,0.0,0
55,2005-05,0,US_Economy,2.4793,1.8727,,0
55,2005-05,1,Copper,0.0232,0.0042,0.0,0
55,2005-05,2,Oil,0.4597,1.0395,0.0,0
55,2005-05,3,SP500,1.7559,1.57,0.0,0
55,2005-05,4,US10Y,0.0072,0.0748,0.0,0
55,2005-05,5,US_Inflation,1.4309,1.5628,0.0,0
55,2005-05,6,US_Production,0.1095,0.1468,0.0,0
55,2005-05,7,US_Unemployment,0.7973,0.742,0.0,0
56,2005-06,0,US_Economy,0.6956,0.7667,,0
56,2005-06,1,Copper,0.6318,0.6003,0.0,0
56,2005-06,2,Oil,0.7975,1.1112,0.0,0
56,2005-06,3,SP500,0.8211,0.9158,0.0,0
56,2005-06,4,US10Y,0.4318,0.4862,0.0,0
56,2005-06,5,US_Inflation,0.5771,0.5732,0.0,0
56,2005-06,6,US_Production,0.6474,0.5381,0.0,0
56,2005-06,7,US_Unemployment,0.0081,0.0556,0.0,0
57,2005-07,0,US_Economy,0.6764,1.0959,,0
57,2005-07,1,Copper,0.7627,0.7185,0.0,0
57,2005-07,2,Oil,0.4377,0.5523,0.0,0
57,2005-07,3,SP500,0.7076,1.0864,0.0,0
57,2005-07,4,US10Y,1.6814,1.6525,0.0,0
57,2005-07,5,US_Inflation,1.9314,2.3681,0.0,0
57,2005-07,6,US_Production,1.8832,1.357,0.0,0
57,2005-07,7,US_Unemployment,0.7064,0.7233,0.0,0
58,2005-08,0,US_Economy,1.171,1.5884,,0
58,2005-08,1,Copper,1.4859,1.5491,0.0,0
58,2005-08,2,Oil,0.3307,0.7761,0.0,0
58,2005-08,3,SP500,1.2574,1.634,0.0,0
58,2005-08,4,US10Y,0.6971,0.6455,0.0,0
58,2005-08,5,US_Inflation,0.0144,0.1493,0.0,0
58,2005-08,6,US_Production,1.0382,1.3797,0.0,0
58,2005-08,7,US_Unemployment,0.7803,0.7233,0.0,0
59,2005-09,0,US_Economy,0.0798,0.2865,,0
59,2005-09,1,Copper,1.1848,1.1436,0.0,0
59,2005-09,2,Oil,0.8774,2.1041,0.0,0
59,2005-09,3,SP500,0.4489,0.5781,0.0,0
59,2005-09,4,US10Y,0.8854,0.7815,0.0,0
59,2005-09,5,US_Inflation,2.9141,2.5331,0.0,0
59,2005-09,6,US_Production,4.7704,4.2858,0.0,1
59,2005-09,7,US_Unemployment,1.3362,1.3093,0.0,0
60,2005-10,0,US_Economy,0.9239,0.8266,,0
60,2005-10,1,Copper,0.1557,0.1524,0.0,0
60,2005-10,2,Oil,1.9883,0.4937,0.0,0
60,2005-10,3,SP500,0.8785,0.7268,0.0,0
60,2005-10,4,US10Y,1.5956,1.4512,0.0,0
60,2005-10,5,US_Inflation,1.8357,3.8236,0.0,1
60,2005-10,6,US_Production,1.5952,3.9975,0.0,1
60,2005-10,7,US_Unemployment,0.6811,0.6749,0.0,0
61,2005-11,0,US_Economy,2.138,1.761,,0
61,2005-11,1,Copper,0.9554,0.9627,0.0,0
61,2005-11,2,Oil,0.6332,0.765,0.0,0
61,2005-11,3,SP500,1.8524,1.5961,0.0,0
61,2005-11,4,US10Y,0.8666,0.8854,0.0,0
61,2005-11,5,US_Inflation,1.4051,1.2756,0.0,0
61,2005-11,6,US_Production,0.1342,0.0864,0.0,0
61,2005-11,7,US_Unemployment,0.0206,0.0519,0.0,0
62,2005-12,0,US_Economy,0.7387,0.8429,,0
62,2005-12,1,Copper,1.3796,1.4819,0.0,0
62,2005-12,2,Oil,3.4571,0.9883,0.0,1
62,2005-12,3,SP500,0.8425,0.9572,0.0,0
62,2005-12,4,US10Y,0.7238,0.6346,0.0,0
62,2005-12,5,US_Inflation,0.7145,1.122,0.0,0
62,2005-12,6,US_Production,0.3356,0.5561,0.0,0
62,2005-12,7,US_Unemployment,0.7673,0.7233,0.0,0
63,2006-01,0,US_Economy,0.3764,0.7156,,0
63,2006-01,1,Copper,1.2998,1.2693,0.0,0
63,2006-01,2,Oil,0.5774,0.7083,0.0,0
63,2006-01,3,SP500,0.4659,0.77,0.0,0
63,2006-01,4,US10Y,0.0695,0.1223,0.0,0
63,2006-01,5,US_Inflation,1.0985,1.1407,0.0,0
63,2006-01,6,US_Production,0.2136,0.2792,0.0,0
63,2006-01,7,US_Unemployment,0.7106,0.6121,0.0,0
64,2006-02,0,US_Economy,0.7965,0.8524,,0
64,2006-02,1,Copper,0.2945,0.3028,0.0,0
64,2006-02,2,Oil,0.1187,0.1334,0.0,0
64,2006-02,3,SP500,0.8363,0.836,0.0,0
64,2006-02,4,US10Y,0.8983,0.8536,0.0,0
64,2006-02,5,US_Inflation,1.5837,1.0966,0.0,0
64,2006-02,6,US_Production,0.1224,0.0831,0.0,0
64,2006-02,7,US_Unemployment,2.3048,2.0587,0.0,0
65,2006-03,0,US_Economy,0.2425,0.5134,,0
65,2006-03,1,Copper,4.1689,3.9462,0.0,1
65,2006-03,2,Oil,0.5295,0.8911,0.0,0
65,2006-03,3,SP500,0.1276,0.3672,0.0,0
65,2006-03,4,US10Y,0.1409,0.0682,0.0,0
65,2006-03,5,US_Inflation,0.2307,0.2305,0.0,0
65,2006-03,6,US_Production,0.4934,0.2008,0.0,0
65,2006-03,7,US_Unemployment,1.1191,1.2247,0.0,0
66,2006-04,0,US_Economy,0.2158,0.0037,,0
66,2006-04,1,Copper,4.018,5.0041,0.0,1
66,2006-04,2,Oil,0.2476,0.0171,0.0,0
66,2006-04,3,SP500,0.2602,0.0392,0.0,0
66,2006-04,4,US10Y,0.5545,0.6182,0.0,0
66,2006-04,5,US_Inflation,0.7276,0.6532,0.0,0
66,2006-04,6,US_Production,0.3069,0.042,0.0,0
66,2006-04,7,US_Unemployment,0.5396,0.6121,0.0,0
67,2006-05,0,US_Economy,1.4525,1.739,,0
67,2006-05,1,Copper,2.1569,3.0549,0.0,1
67,2006-05,2,Oil,0.7038,1.3018,0.0,0
67,2006-05,3,SP500,1.4378,1.4864,0.0,0
67,2006-05,4,US10Y,1.0065,1.1141,0.0,0
67,2006-05,5,US_Inflation,0.6174,0.38,0.0,0
67,2006-05,6,US_Production,0.1267,0.2464,0.0,0
67,2006-05,7,US_Unemployment,0.7092,0.7071,0.0,0
68,2006-06,0,US_Economy,2.0679,1.2792,,0
68,2006-06,1,Copper,2.9608,2.8892,0.0,0
68,2006-06,2,Oil,0.4501,0.6306,0.0,0
68,2006-06,3,SP500,2.0413,1.1887,0.0,0
68,2006-06,4,US10Y,0.863,0.8448,0.0,0
68,2006-06,5,US_Inflation,0.1918,0.1405,0.0,0
68,2006-06,6,US_Production,0.5547,0.2558,0.0,0
68,2006-06,7,US_Unemployment,0.6488,0.7071,0.0,0
69,2006-07,0,US_Economy,0.114,0.1259,,0
69,2006-07,1,Copper,1.4157,1.4491,0.0,0
69,2006-07,2,Oil,0.4117,0.3872,0.0,0
69,2006-07,3,SP500,0.0898,0.1566,0.0,0
69,2006-07,4,US10Y,0.2313,0.1781,0.0,0
69,2006-07,5,US_Inflation,0.6427,0.5027,0.0,0
69,2006-07,6,US_Production,0.2267,0.3091,0.0,0
69,2006-07,7,US_Unemployment,0.5226,0.6361,0.0,0
70,2006-08,0,US_Economy,0.1755,0.497,,0
70,2006-08,1,Copper,1.1522,0.9135,0.0,0
70,2006-08,2,Oil,0.8919,0.8569,0.0,0
70,2006-08,3,SP500,0.286,0.6186,0.0,0
70,2006-08,4,US10Y,1.3017,1.1436,0.0,0
70,2006-08,5,US_Inflation,0.2933,0.1749,0.0,0
70,2006-08,6,US_Production,0.7169,0.4115,0.0,0
70,2006-08,7,US_Unemployment,0.7043,0.7518,0.0,0
71,2006-09,0,US_Economy,0.2767,0.0889,,0
71,2006-09,1,Copper,0.4305,0.4404,0.0,0
71,2006-09,2,Oil,0.7075,0.4437,0.0,0
71,2006-09,3,SP500,0.2054,0.0413,0.0,0
71,2006-09,4,US10Y,0.4045,0.4706,0.0,0
71,2006-09,5,US_Inflation,3.096,1.7091,0.0,1
71,2006-09,6,US_Production,0.6961,0.5435,0.0,0
71,2006-09,7,US_Unemployment,1.4033,1.4458,0.0,0
72,2006-10,0,US_Economy,0.1003,0.4599,,0
72,2006-10,1,Copper,0.014,0.0603,0.0,0
72,2006-10,2,Oil,0.5627,1.9687,0.0,0
72,2006-10,3,SP500,0.0678,0.2332,0.0,0
72,2006-10,4,US10Y,1.0713,1.1528,0.0,0
72,2006-10,5,US_Inflation,0.4103,0.3693,0.0,0
72,2006-10,6,US_Production,0.1546,0.0986,0.0,0
72,2006-10,7,US_Unemployment,0.8899,0.8793,0.0,0
73,2006-11,0,US_Economy,0.6512,0.695,,0
73,2006-11,1,Copper,1.1524,0.8561,0.0,0
73,2006-11,2,Oil,0.2546,0.0742,0.0,0
73,2006-11,3,SP500,0.6727,0.7411,0.0,0
73,2006-11,4,US10Y,1.0018,0.9023,0.0,0
73,2006-11,5,US_Inflation,0.7841,1.2086,0.0,0
73,2006-11,6,US_Production,0.5692,0.5476,0.0,0
73,2006-11,7,US_Unemployment,1.3915,1.4458,0.0,0
74,2006-12,0,US_Economy,0.2787,0.133,,0
74,2006-12,1,Copper,0.0029,0.0266,0.0,0
74,2006-12,2,Oil,0.6631,0.6027,0.0,0
74,2006-12,3,SP500,0.269,0.1173,0.0,0
74,2006-12,4,US10Y,0.8258,0.8368,0.0,0
74,2006-12,5,US_Inflation,0.9498,1.0335,0.0,0
74,2006-12,6,US_Production,3.0886,3.4855,0.0,1
74,2006-12,7,US_Unemployment,1.2189,1.3421,0.0,0
75,2007-01,0,US_Economy,0.2087,0.0463,,0
75,2007-01,1,Copper,0.2009,0.2418,0.0,0
75,2007-01,2,Oil,0.7681,0.0907,0.0,0
75,2007-01,3,SP500,0.1569,0.027,0.0,0
75,2007-01,4,US10Y,2.0473,1.9014,0.0,0
75,2007-01,5,US_Inflation,0.8289,0.9724,0.0,0
75,2007-01,6,US_Production,2.5554,3.2862,0.0,1
75,2007-01,7,US_Unemployment,1.8138,1.8371,0.0,0
76,2007-02,0,US_Economy,1.3478,1.6002,,0
76,2007-02,1,Copper,1.2764,1.3256,0.0,0
76,2007-02,2,Oil,4.592,1.8394,0.0,1
76,2007-02,3,SP500,1.5811,2.0906,0.0,0
76,2007-02,4,US10Y,1.6339,1.8471,0.0,0
76,2007-02,5,US_Inflation,0.6898,0.6243,0.0,0
76,2007-02,6,US_Production,1.9359,2.3305,0.0,0
76,2007-02,7,US_Unemployment,1.6129,1.857,0.0,0
77,2007-03,0,US_Economy,2.0418,1.7417,,0
77,2007-03,1,Copper,0.786,0.7044,0.0,0
77,2007-03,2,Oil,0.1319,0.0377,0.0,0
77,2007-03,3,SP500,2.3392,1.8023,0.0,0
77,2007-03,4,US10Y,0.8035,0.7089,0.0,0
77,2007-03,5,US_Inflation,0.4998,0.2733,0.0,0
77,2007-03,6,US_Production,1.1547,1.243,0.0,0
77,2007-03,7,US_Unemployment,0.0161,0.0917,0.0,0
78,2007-04,0,US_Economy,0.8193,1.4512,,0
78,2007-04,1,Copper,1.1474,1.183,0.0,0
78,2007-04,2,Oil,0.5101,1.0169,0.0,0
78,2007-04,3,SP500,0.9153,1.6035,0.0,0
78,2007-04,4,US10Y,2.045,2.1115,0.0,0
78,2007-04,5,US_Inflation,0.4879,0.6448,0.0,0
78,2007-04,6,US_Production,0.9173,0.7084,0.0,0
78,2007-04,7,US_Unemployment,1.1881,1.1547,0.0,0
79,2007-05,0,US_Economy,0.5082,0.5803,,0
79,2007-05,1,Copper,1.1458,0.9662,0.0,0
79,2007-05,2,Oil,0.4835,0.3495,0.0,0
79,2007-05,3,SP500,0.4872,0.5269,0.0,0
79,2007-05,4,US10Y,0.3351,0.3442,0.0,0
79,2007-05,5,US_Inflation,0.4985,0.3438,0.0,0
79,2007-05,6,US_Production,0.942,0.8477,0.0,0
79,2007-05,7,US_Unemployment,1.141,1.1569,0.0,0
80,2007-06,0,US_Economy,1.7489,2.8288,,0
80,2007-06,1,Copper,0.5902,0.5606,0.0,0
80,2007-06,2,Oil,4.4081,2.2927,0.0,1
80,2007-06,3,SP500,1.8274,3.0064,0.0,1
80,2007-06,4,US10Y,1.7899,1.7835,0.0,0
80,2007-06,5,US_Inflation,0.4155,0.5094,0.0,0
80,2007-06,6,US_Production,0.01,0.0602,0.0,0
80,2007-06,7,US_Unemployment,1.674,1.6036,0.0,0
81,2007-07,0,US_Economy,1.4053,0.8562,,0
81,2007-07,1,Copper,0.361,0.3236,0.0,0
81,2007-07,2,Oil,0.5485,1.5956,0.0,0
81,2007-07,3,SP500,1.1058,0.5469,0.0,0
81,2007-07,4,US10Y,2.1411,2.6645,0.0,0
81,2007-07,5,US_Inflation,0.0542,0.139,0.0,0
81,2007-07,6,US_Production,0.179,0.2175,0.0,0
81,2007-07,7,US_Unemployment,0.5778,0.5735,0.0,0
82,2007-08,0,US_Economy,5.3357,2.3475,,1
82,2007-08,1,Copper,0.1558,0.1251,0.0,0
82,2007-08,2,Oil,0.25,0.7135,0.0,0
82,2007-08,3,SP500,4.9492,2.0901,0.0,1
82,2007-08,4,US10Y,1.1278,0.9989,0.0,0
82,2007-08,5,US_Inflation,0.0719,0.3223,0.0,0
82,2007-08,6,US_Production,0.4755,0.4444,0.0,0
82,2007-08,7,US_Unemployment,0.9786,0.9798,0.0,0
83,2007-09,0,US_Economy,0.3898,1.0647,,0
83,2007-09,1,Copper,1.2506,1.1172,0.0,0
83,2007-09,2,Oil,0.0174,0.7847,0.0,0
83,2007-09,3,SP500,0.2858,0.8907,0.0,0
83,2007-09,4,US10Y,0.7209,0.8386,0.0,0
83,2007-09,5,US_Inflation,0.9663,1.1663,0.0,0
83,2007-09,6,US_Production,0.1293,0.0701,0.0,0
83,2007-09,7,US_Unemployment,0.9851,0.9921,0.0,0
84,2007-10,0,US_Economy,0.5369,0.7454,,0
84,2007-10,1,Copper,1.7212,1.7012,0.0,0
84,2007-10,2,Oil,0.1683,0.8745,0.0,0
84,2007-10,3,SP500,0.5847,0.7931,0.0,0
84,2007-10,4,US10Y,0.6895,0.6854,0.0,0
84,2007-10,5,US_Inflation,0.7608,0.7052,0.0,0
84,2007-10,6,US_Production,0.9781,0.7823,0.0,0
84,2007-10,7,US_Unemployment,0.6543,0.599,0.0,0
85,2007-11,0,US_Economy,1.6206,2.7209,,0
85,2007-11,1,Copper,0.5304,0.5178,0.0,0
85,2007-11,2,Oil,0.9417,4.5161,0.0,1
85,2007-11,3,SP500,1.4843,2.1767,0.0,0
85,2007-11,4,US10Y,1.9352,1.6838,0.0,0
85,2007-11,5,US_Inflation,2.1471,1.5338,0.0,0
85,2007-11,6,US_Production,1.0861,1.1823,0.0,0
85,2007-11,7,US_Unemployment,0.1266,0.0397,0.0,0
86,2007-12,0,US_Economy,7.4844,1.5285,,1
86,2007-12,1,Copper,0.6411,0.7425,0.0,0
86,2007-12,2,Oil,1.0388,1.9389,0.0,0
86,2007-12,3,SP500,5.3115,1.3193,0.0,1
86,2007-12,4,US10Y,1.169,1.384,0.0,0
86,2007-12,5,US_Inflation,1.5559,2.0419,0.0,0
86,2007-12,6,US_Production,0.9545,0.739,0.0,0
86,2007-12,7,US_Unemployment,1.4385,1.5272,0.0,0
87,2008-01,0,US_Economy,1.0161,1.6159,,0
87,2008-01,1,Copper,1.4997,1.4433,0.0,0
87,2008-01,2,Oil,0.9556,1.5515,0.0,0
87,2008-01,3,SP500,1.1777,1.4642,0.0,0
87,2008-01,4,US10Y,1.313,1.1436,0.0,0
87,2008-01,5,US_Inflation,0.3207,0.2706,0.0,0
87,2008-01,6,US_Production,0.0829,0.1283,0.0,0
87,2008-01,7,US_Unemployment,1.3865,1.5911,0.0,0
88,2008-02,0,US_Economy,3.1691,1.1118,,1
88,2008-02,1,Copper,0.897,0.9404,0.0,0
88,2008-02,2,Oil,1.7742,1.6752,0.0,0
88,2008-02,3,SP500,2.9453,0.931,0.0,0
88,2008-02,4,US10Y,1.3558,1.4937,0.0,0
88,2008-02,5,US_Inflation,0.5309,0.456,0.0,0
88,2008-02,6,US_Production,0.3703,0.4786,0.0,0
88,2008-02,7,US_Unemployment,0.4977,0.3941,0.0,0
89,2008-03,0,US_Economy,0.1436,0.5027,,0
89,2008-03,1,Copper,1.7957,2.2156,0.0,0
89,2008-03,2,Oil,0.7772,1.1644,0.0,0
89,2008-03,3,SP500,0.253,0.7535,0.0,0
89,2008-03,4,US10Y,0.8894,0.8134,0.0,0
89,2008-03,5,US_Inflation,0.5356,0.5078,0.0,0
89,2008-03,6,US_Production,0.4628,0.447,0.0,0
89,2008-03,7,US_Unemployment,1.6299,1.5323,0.0,0
90,2008-04,0,US_Economy,0.0713,1.4208,,0
90,2008-04,1,Copper,0.2985,0.3083,0.0,0
90,2008-04,2,Oil,1.3519,1.2727,0.0,0
90,2008-04,3,SP500,0.1161,1.3324,0.0,0
90,2008-04,4,US10Y,1.3991,1.3881,0.0,0
90,2008-04,5,US_Inflation,0.5573,0.4543,0.0,0
90,2008-04,6,US_Production,0.486,0.7404,0.0,0
90,2008-04,7,US_Unemployment,1.4234,1.5285,0.0,0
91,2008-05,0,US_Economy,0.5785,0.7312,,0
91,2008-05,1,Copper,1.7131,1.3794,0.0,0
91,2008-05,2,Oil,0.4871,0.0988,0.0,0
91,2008-05,3,SP500,0.6485,0.8515,0.0,0
91,2008-05,4,US10Y,0.1322,0.088,0.0,0
91,2008-05,5,US_Inflation,1.5606,1.4956,0.0,0
91,2008-05,6,US_Production,0.4635,0.4045,0.0,0
91,2008-05,7,US_Unemployment,2.493,2.317,0.0,0
92,2008-06,0,US_Economy,1.0333,2.275,,0
92,2008-06,1,Copper,1.129,1.2355,0.0,0
92,2008-06,2,Oil,0.9143,1.4777,0.0,0
92,2008-06,3,SP500,1.2425,2.2781,0.0,0
92,2008-06,4,US10Y,0.0706,0.0276,0.0,0
92,2008-06,5,US_Inflation,1.8115,1.6939,0.0,0
92,2008-06,6,US_Production,1.0069,1.2194,0.0,0
92,2008-06,7,US_Unemployment,0.8335,0.9424,0.0,0
93,2008-07,0,US_Economy,0.9612,1.5057,,0
93,2008-07,1,Copper,0.3643,0.3147,0.0,0
93,2008-07,2,Oil,0.9183,0.2506,0.0,0
93,2008-07,3,SP500,1.0928,1.7471,0.0,0
93,2008-07,4,US10Y,0.9238,1.0297,0.0,0
93,2008-07,5,US_Inflation,0.9634,1.4036,0.0,0
93,2008-07,6,US_Production,0.1165,0.2627,0.0,0
93,2008-07,7,US_Unemployment,0.0942,0.0,0.0,0
94,2008-08,0,US_Economy,0.3993,0.2072,,0
94,2008-08,1,Copper,1.5203,1.2865,0.0,0
94,2008-08,2,Oil,1.713,0.4741,0.0,0
94,2008-08,3,SP500,0.2993,0.3432,0.0,0
94,2008-08,4,US10Y,0.0512,0.1121,0.0,0
94,2008-08,5,US_Inflation,2.839,3.0554,0.0,1
94,2008-08,6,US_Production,2.5058,3.1591,0.0,1
94,2008-08,7,US_Unemployment,0.2236,0.3669,0.0,0
95,2008-09,0,US_Economy,1.1562,1.7998,,0
95,2008-09,1,Copper,0.6808,0.7411,0.0,0
95,2008-09,2,Oil,0.5924,0.4846,0.0,0
95,2008-09,3,SP500,1.1893,1.8512,0.0,0
95,2008-09,4,US10Y,0.3177,0.3659,0.0,0
95,2008-09,5,US_Inflation,0.4063,0.6455,0.0,0
95,2008-09,6,US_Production,2.7247,5.4037,0.0,1
95,2008-09,7,US_Unemployment,1.2308,1.3736,0.0,0
96,2008-10,0,US_Economy,1.1443,0.9296,,0
96,2008-10,1,Copper,1.0605,1.418,0.0,0
96,2008-10,2,Oil,0.7483,1.509,0.0,0
96,2008-10,3,SP500,1.5165,0.8505,0.0,0
96,2008-10,4,US10Y,1.2921,1.2328,0.0,0
96,2008-10,5,US_Inflation,2.2432,2.4421,0.0,0
96,2008-10,6,US_Production,3.0157,6.5289,0.0,1
96,2008-10,7,US_Unemployment,1.5703,1.6129,0.0,0
97,2008-11,0,US_Economy,0.0853,1.8517,,0
97,2008-11,1,Copper,1.7802,2.7896,0.0,0
97,2008-11,2,Oil,0.1909,2.0547,0.0,0
97,2008-11,3,SP500,0.2619,1.7729,0.0,0
97,2008-11,4,US10Y,1.441,1.4894,0.0,0
97,2008-11,5,US_Inflation,0.6813,1.7589,0.0,0
97,2008-11,6,US_Production,2.9247,1.2859,0.0,0
97,2008-11,7,US_Unemployment,0.4954,0.4851,0.0,0
98,2008-12,0,US_Economy,4.1371,0.8966,,1
98,2008-12,1,Copper,0.0075,0.0384,0.0,0
98,2008-12,2,Oil,0.0175,0.3476,0.0,0
98,2008-12,3,SP500,3.6981,0.9223,0.0,1
98,2008-12,4,US10Y,2.8301,3.038,0.0,1
98,2008-12,5,US_Inflation,0.9771,2.4696,0.0,0
98,2008-12,6,US_Production,0.4853,0.6622,0.0,0
98,2008-12,7,US_Unemployment,0.414,0.6312,0.0,0
99,2009-01,0,US_Economy,0.6584,0.7649,,0
99,2009-01,1,Copper,0.9249,0.7587,0.0,0
99,2009-01,2,Oil,0.3276,0.7316,0.0,0
99,2009-01,3,SP500,0.7056,0.9761,0.0,0
99,2009-01,4,US10Y,2.3505,3.7998,0.0,1
99,2009-01,5,US_Inflation,1.2814,2.0271,0.0,0
99,2009-01,6,US_Production,0.5921,0.3126,0.0,0
99,2009-01,7,US_Unemployment,0.1473,0.0617,0.0,0
100,2009-02,0,US_Economy,0.9663,0.0993,,0
100,2009-02,1,Copper,0.1348,0.1294,0.0,0
100,2009-02,2,Oil,0.7063,0.2516,0.0,0
100,2009-02,3,SP500,1.374,0.163,0.0,0
100,2009-02,4,US10Y,0.6996,0.4347,0.0,0
100,2009-02,5,US_Inflation,0.4041,0.1799,0.0,0
100,2009-02,6,US_Production,1.206,1.0006,0.0,0
100,2009-02,7,US_Unemployment,0.237,0.1646,0.0,0
101,2009-03,0,US_Economy,7.0683,1.6753,,1
101,2009-03,1,Copper,0.2158,0.1227,0.0,0
101,2009-03,2,Oil,0.0131,0.081,0.0,0
101,2009-03,3,SP500,5.0143,1.7878,0.0,1
101,2009-03,4,US10Y,0.8628,0.8908,0.0,0
101,2009-03,5,US_Inflation,1.3316,0.7131,0.0,0
101,2009-03,6,US_Production,0.4122,0.4193,0.0,0
101,2009-03,7,US_Unemployment,0.5684,0.6,0.0,0
102,2009-04,0,US_Economy,0.3487,0.1718,,0
102,2009-04,1,Copper,2.5331,1.6884,0.0,0
102,2009-04,2,Oil,1.7383,0.9443,0.0,0
102,2009-04,3,SP500,0.3089,0.0642,0.0,0
102,2009-04,4,US10Y,0.5305,0.295,0.0,0
102,2009-04,5,US_Inflation,0.5105,0.3527,0.0,0
102,2009-04,6,US_Production,0.7407,0.377,0.0,0
102,2009-04,7,US_Unemployment,0.4707,0.4842,0.0,0
103,2009-05,0,US_Economy,0.3773,0.239,,0
103,2009-05,1,Copper,1.0555,1.2655,0.0,0
103,2009-05,2,Oil,0.3299,0.6122,0.0,0
103,2009-05,3,SP500,0.3483,0.3094,0.0,0
103,2009-05,4,US10Y,0.7963,0.531,0.0,0
103,2009-05,5,US_Inflation,0.2358,0.0851,0.0,0
103,2009-05,6,US_Production,0.1766,0.0723,0.0,0
103,2009-05,7,US_Unemployment,0.1465,0.2965,0.0,0
104,2009-06,0,US_Economy,0.4124,0.5927,,0
104,2009-06,1,Copper,0.3562,0.3086,0.0,0
104,2009-06,2,Oil,0.4578,1.1897,0.0,0
104,2009-06,3,SP500,0.3881,0.5132,0.0,0
104,2009-06,4,US10Y,0.2035,0.1167,0.0,0
104,2009-06,5,US_Inflation,1.665,1.0823,0.0,0
104,2009-06,6,US_Production,0.687,0.285,0.0,0
104,2009-06,7,US_Unemployment,1.4973,1.6859,0.0,0
105,2009-07,0,US_Economy,0.2789,0.5829,,0
105,2009-07,1,Copper,1.0556,0.7582,0.0,0
105,2009-07,2,Oil,0.4423,0.45,0.0,0
105,2009-07,3,SP500,0.1605,0.6648,0.0,0
105,2009-07,4,US10Y,1.2142,1.2508,0.0,0
105,2009-07,5,US_Inflation,1.3073,1.2334,0.0,0
105,2009-07,6,US_Production,1.4682,0.6427,0.0,0
105,2009-07,7,US_Unemployment,0.5824,0.4847,0.0,0
106,2009-08,0,US_Economy,0.3748,0.4581,,0
106,2009-08,1,Copper,0.4968,0.4805,0.0,0
106,2009-08,2,Oil,0.1974,0.0742,0.0,0
106,2009-08,3,SP500,0.3514,0.4967,0.0,0
106,2009-08,4,US10Y,0.578,0.3862,0.0,0
106,2009-08,5,US_Inflation,0.8269,0.601,0.0,0
106,2009-08,6,US_Production,0.1554,0.0623,0.0,0
106,2009-08,7,US_Unemployment,0.6273,0.6116,0.0,0
107,2009-09,0,US_Economy,0.3365,0.0012,,0
107,2009-09,1,Copper,0.7458,0.6049,0.0,0
107,2009-09,2,Oil,0.248,0.0655,0.0,0
107,2009-09,3,SP500,0.2841,0.0218,0.0,0
107,2009-09,4,US10Y,0.5856,0.456,0.0,0
107,2009-09,5,US_Inflation,0.3168,0.2692,0.0,0
107,2009-09,6,US_Production,0.087,0.1933,0.0,0
107,2009-09,7,US_Unemployment,0.5715,0.6116,0.0,0
108,2009-10,0,US_Economy,0.4172,0.8599,,0
108,2009-10,1,Copper,0.3612,0.2447,0.0,0
108,2009-10,2,Oil,1.0204,0.4814,0.0,0
108,2009-10,3,SP500,0.4205,0.942,0.0,0
108,2009-10,4,US10Y,0.511,0.349,0.0,0
108,2009-10,5,US_Inflation,0.3831,0.1472,0.0,0
108,2009-10,6,US_Production,0.6736,0.5323,0.0,0
108,2009-10,7,US_Unemployment,0.161,0.0967,0.0,0
109,2009-11,0,US_Economy,0.2387,0.7662,,0
109,2009-11,1,Copper,0.8246,0.6987,0.0,0
109,2009-11,2,Oil,1.3272,1.3372,0.0,0
109,2009-11,3,SP500,0.0716,0.909,0.0,0
109,2009-11,4,US10Y,0.1477,0.0607,0.0,0
109,2009-11,5,US_Inflation,0.0707,0.1028,0.0,0
109,2009-11,6,US_Production,0.4149,0.1935,0.0,0
109,2009-11,7,US_Unemployment,2.4336,2.2132,0.0,0
110,2009-12,0,US_Economy,0.4158,0.7726,,0
110,2009-12,1,Copper,1.4776,1.3712,0.0,0
110,2009-12,2,Oil,0.2077,0.2152,0.0,0
110,2009-12,3,SP500,0.4215,0.7566,0.0,0
110,2009-12,4,US10Y,0.5352,0.3155,0.0,0
110,2009-12,5,US_Inflation,1.1193,0.8788,0.0,0
110,2009-12,6,US_Production,0.1441,0.1917,0.0,0
110,2009-12,7,US_Unemployment,1.088,0.8944,0.0,0
111,2010-01,0,US_Economy,0.3609,1.1544,,0
111,2010-01,1,Copper,2.2536,2.5284,0.0,0
111,2010-01,2,Oil,2.0652,1.7112,0.0,0
111,2010-01,3,SP500,0.3705,0.9455,0.0,0
111,2010-01,4,US10Y,0.4376,0.3752,0.0,0
111,2010-01,5,US_Inflation,0.0342,0.1237,0.0,0
111,2010-01,6,US_Production,1.5783,0.5132,0.0,0
111,2010-01,7,US_Unemployment,0.6156,0.4221,0.0,0
112,2010-02,0,US_Economy,0.0478,1.3116,,0
112,2010-02,1,Copper,1.3505,1.6053,0.0,0
112,2010-02,2,Oil,1.8462,2.2383,0.0,0
112,2010-02,3,SP500,0.1855,1.0926,0.0,0
112,2010-02,4,US10Y,0.8484,0.7032,0.0,0
112,2010-02,5,US_Inflation,0.2822,0.3907,0.0,0
112,2010-02,6,US_Production,1.5116,1.2788,0.0,0
112,2010-02,7,US_Unemployment,1.2358,1.0835,0.0,0
113,2010-03,0,US_Economy,0.288,0.3305,,0
113,2010-03,1,Copper,0.0197,0.1005,0.0,0
113,2010-03,2,Oil,0.5374,0.4563,0.0,0
113,2010-03,3,SP500,0.2632,0.3695,0.0,0
113,2010-03,4,US10Y,0.4642,0.4432,0.0,0
113,2010-03,5,US_Inflation,0.4287,0.447,0.0,0
113,2010-03,6,US_Production,0.6221,0.3527,0.0,0
113,2010-03,7,US_Unemployment,1.025,0.9831,0.0,0
114,2010-04,0,US_Economy,0.6817,0.9887,,0
114,2010-04,1,Copper,1.4467,1.4034,0.0,0
114,2010-04,2,Oil,0.4899,0.2872,0.0,0
114,2010-04,3,SP500,0.7099,0.9522,0.0,0
114,2010-04,4,US10Y,0.3144,0.3161,0.0,0
114,2010-04,5,US_Inflation,0.024,0.0596,0.0,0
114,2010-04,6,US_Production,1.0808,0.915,0.0,0
114,2010-04,7,US_Unemployment,0.6163,0.5071,0.0,0
115,2010-05,0,US_Economy,1.7951,2.3438,,0
115,2010-05,1,Copper,0.0377,0.1007,0.0,0
115,2010-05,2,Oil,2.613,2.1171,0.0,0
115,2010-05,3,SP500,1.7918,2.1194,0.0,0
115,2010-05,4,US10Y,2.7666,2.4374,0.0,0
115,2010-05,5,US_Inflation,0.1551,0.1981,0.0,0
115,2010-05,6,US_Production,2.2684,1.6287,0.0,0
115,2010-05,7,US_Unemployment,2.2104,1.8593,0.0,0
116,2010-06,0,US_Economy,2.2774,1.0489,,0
116,2010-06,1,Copper,0.291,0.3441,0.0,0
116,2010-06,2,Oil,1.0847,2.1999,0.0,0
116,2010-06,3,SP500,2.7137,0.8441,0.0,0
116,2010-06,4,US10Y,0.9367,1.0677,0.0,0
116,2010-06,5,US_Inflation,0.0947,0.0762,0.0,0
116,2010-06,6,US_Production,1.8042,2.2196,0.0,0
116,2010-06,7,US_Unemployment,1.0554,0.9864,0.0,0
117,2010-07,0,US_Economy,4.5033,2.1542,,1
117,2010-07,1,Copper,1.6967,1.6924,0.0,0
117,2010-07,2,Oil,0.2276,0.2282,0.0,0
117,2010-07,3,SP500,5.2714,2.2258,0.0,1
117,2010-07,4,US10Y,0.2961,0.315,0.0,0
117,2010-07,5,US_Inflation,1.0379,1.0724,0.0,0
117,2010-07,6,US_Production,0.1934,0.2185,0.0,0
117,2010-07,7,US_Unemployment,1.8156,1.5213,0.0,0
118,2010-08,0,US_Economy,0.8708,1.757,,0
118,2010-08,1,Copper,1.0159,1.0638,0.0,0
118,2010-08,2,Oil,0.4753,0.4599,0.0,0
118,2010-08,3,SP500,0.8411,1.8018,0.0,0
118,2010-08,4,US10Y,0.5406,0.5514,0.0,0
118,2010-08,5,US_Inflation,0.2349,0.3488,0.0,0
118,2010-08,6,US_Production,0.0483,0.0767,0.0,0
118,2010-08,7,US_Unemployment,0.5788,0.6325,0.0,0
119,2010-09,0,US_Economy,2.3221,1.9019,,0
119,2010-09,1,Copper,1.1376,0.9799,0.0,0
119,2010-09,2,Oil,0.2047,0.1335,0.0,0
119,2010-09,3,SP500,2.3414,1.986,0.0,0
119,2010-09,4,US10Y,1.2696,1.3938,0.0,0
119,2010-09,5,US_Inflation,0.3209,0.2342,0.0,0
119,2010-09,6,US_Production,0.1756,0.0291,0.0,0
119,2010-09,7,US_Unemployment,0.6468,0.6325,0.0,0
120,2010-10,0,US_Economy,0.6184,0.6,,0
120,2010-10,1,Copper,0.7724,0.759,0.0,0
120,2010-10,2,Oil,0.0265,0.0514,0.0,0
120,2010-10,3,SP500,0.6202,0.6259,0.0,0
120,2010-10,4,US10Y,0.372,0.3376,0.0,0
120,2010-10,5,US_Inflation,1.5,1.4951,0.0,0
120,2010-10,6,US_Production,1.226,0.9592,0.0,0
120,2010-10,7,US_Unemployment,0.5972,0.53,0.0,0
121,2010-11,0,US_Economy,0.6534,0.5213,,0
121,2010-11,1,Copper,0.0217,0.0249,0.0,0
121,2010-11,2,Oil,0.2445,0.2096,0.0,0
121,2010-11,3,SP500,0.6665,0.578,0.0,0
121,2010-11,4,US10Y,1.7833,1.6367,0.0,0
121,2010-11,5,US_Inflation,0.853,0.7319,0.0,0
121,2010-11,6,US_Production,0.4931,0.7451,0.0,0
121,2010-11,7,US_Unemployment,3.5188,3.3066,0.0,1
122,2010-12,0,US_Economy,0.0919,1.0144,,0
122,2010-12,1,Copper,1.5648,1.3836,0.0,0
122,2010-12,2,Oil,0.6014,0.5764,0.0,0
122,2010-12,3,SP500,0.0468,1.0073,0.0,0
122,2010-12,4,US10Y,1.1852,1.2885,0.0,0
122,2010-12,5,US_Inflation,1.3487,1.1458,0.0,0
122,2010-12,6,US_Production,1.5012,1.6191,0.0,0
122,2010-12,7,US_Unemployment,3.5456,4.8673,0.0,1
123,2011-01,0,US_Economy,0.6487,0.6796,,0
123,2011-01,1,Copper,1.3094,1.6089,0.0,0
123,2011-01,2,Oil,0.5237,0.8976,0.0,0
123,2011-01,3,SP500,0.6243,0.616,0.0,0
123,2011-01,4,US10Y,1.4612,1.9308,0.0,0
123,2011-01,5,US_Inflation,1.2951,0.9248,0.0,0
123,2011-01,6,US_Production,1.8841,1.996,0.0,0
123,2011-01,7,US_Unemployment,1.0147,1.059,0.0,0
124,2011-02,0,US_Economy,0.4179,0.1125,,0
124,2011-02,1,Copper,0.0879,0.0234,0.0,0
124,2011-02,2,Oil,0.7447,0.4521,0.0,0
124,2011-02,3,SP500,0.4406,0.0792,0.0,0
124,2011-02,4,US10Y,0.3582,0.347,0.0,0
124,2011-02,5,US_Inflation,0.1343,0.201,0.0,0
124,2011-02,6,US_Production,0.1427,0.1226,0.0,0
124,2011-02,7,US_Unemployment,0.3444,0.3231,0.0,0
125,2011-03,0,US_Economy,0.5576,0.4194,,0
125,2011-03,1,Copper,0.7574,0.5364,0.0,0
125,2011-03,2,Oil,0.6649,0.7889,0.0,0
125,2011-03,3,SP500,0.5939,0.5178,0.0,0
125,2011-03,4,US10Y,1.4738,1.4335,0.0,0
125,2011-03,5,US_Inflation,2.2393,1.5679,0.0,0
125,2011-03,6,US_Production,1.7132,2.2933,0.0,0
125,2011-03,7,US_Unemployment,0.304,0.3231,0.0,0
126,2011-04,0,US_Economy,0.1849,0.4614,,0
126,2011-04,1,Copper,0.158,0.2296,0.0,0
126,2011-04,2,Oil,0.2643,0.4557,0.0,0
126,2011-04,3,SP500,0.17,0.5329,0.0,0
126,2011-04,4,US10Y,0.8836,0.8382,0.0,0
126,2011-04,5,US_Inflation,0.7778,0.7777,0.0,0
126,2011-04,6,US_Production,1.741,1.8096,0.0,0
126,2011-04,7,US_Unemployment,0.2705,0.3231,0.0,0
127,2011-05,0,US_Economy,0.6793,0.7524,,0
127,2011-05,1,Copper,0.3369,0.391,0.0,0
127,2011-05,2,Oil,0.7805,1.1474,0.0,0
127,2011-05,3,SP500,0.6602,0.6919,0.0,0
127,2011-05,4,US10Y,1.3311,1.1526,0.0,0
127,2011-05,5,US_Inflation,1.92,1.6743,0.0,0
127,2011-05,6,US_Production,0.4906,0.5835,0.0,0
127,2011-05,7,US_Unemployment,0.7503,0.6213,0.0,0
128,2011-06,0,US_Economy,0.6689,0.3999,,0
128,2011-06,1,Copper,0.2468,0.2621,0.0,0
128,2011-06,2,Oil,9.7981,3.5778,0.0,1
128,2011-06,3,SP500,0.5216,0.1625,0.0,0
128,2011-06,4,US10Y,0.3884,0.4143,0.0,0
128,2011-06,5,US_Inflation,3.1987,2.928,0.0,1
128,2011-06,6,US_Production,0.4162,0.3456,0.0,0
128,2011-06,7,US_Unemployment,0.6056,0.5577,0.0,0
129,2011-07,0,US_Economy,0.1517,0.1818,,0
129,2011-07,1,Copper,0.1791,0.2216,0.0,0
129,2011-07,2,Oil,0.8548,3.2137,0.0,1
129,2011-07,3,SP500,0.4149,0.0855,0.0,0
129,2011-07,4,US10Y,0.6724,0.6454,0.0,0
129,2011-07,5,US_Inflation,1.2477,1.6904,0.0,0
129,2011-07,6,US_Production,0.3673,0.2412,0.0,0
129,2011-07,7,US_Unemployment,0.8303,0.6778,0.0,0
130,2011-08,0,US_Economy,0.9074,0.6338,,0
130,2011-08,1,Copper,1.7906,1.6139,0.0,0
130,2011-08,2,Oil,1.0035,0.8122,0.0,0
130,2011-08,3,SP500,0.7983,0.5427,0.0,0
130,2011-08,4,US10Y,3.2831,2.7426,0.0,1
130,2011-08,5,US_Inflation,0.3986,0.3002,0.0,0
130,2011-08,6,US_Production,0.3887,0.2339,0.0,0
130,2011-08,7,US_Unemployment,0.3097,0.3255,0.0,0
131,2011-09,0,US_Economy,2.6691,0.2531,,0
131,2011-09,1,Copper,2.2363,2.376,0.0,0
131,2011-09,2,Oil,0.0309,0.2467,0.0,0
131,2011-09,3,SP500,1.3293,0.2066,0.0,0
131,2011-09,4,US10Y,0.8946,1.2613,0.0,0
131,2011-09,5,US_Inflation,0.6766,0.7115,0.0,0
131,2011-09,6,US_Production,1.2895,1.0487,0.0,0
131,2011-09,7,US_Unemployment,0.0697,0.025,0.0,0
132,2011-10,0,US_Economy,16.78,5.7722,,1
132,2011-10,1,Copper,2.9063,4.7388,0.0,1
132,2011-10,2,Oil,1.8558,2.8142,0.0,0
132,2011-10,3,SP500,46.955,5.5683,0.0,1
132,2011-10,4,US10Y,1.4098,1.5185,0.0,0
132,2011-10,5,US_Inflation,0.8023,0.9656,0.0,0
132,2011-10,6,US_Production,1.0796,1.0425,0.0,0
132,2011-10,7,US_Unemployment,0.7916,0.603,0.0,0
133,2011-11,0,US_Economy,0.3468,1.7885,,0
133,2011-11,1,Copper,1.0709,1.0296,0.0,0
133,2011-11,2,Oil,0.0649,0.7126,0.0,0
133,2011-11,3,SP500,0.3509,1.8619,0.0,0
133,2011-11,4,US10Y,0.8653,0.9121,0.0,0
133,2011-11,5,US_Inflation,0.7975,0.8979,0.0,0
133,2011-11,6,US_Production,1.1795,0.9965,0.0,0
133,2011-11,7,US_Unemployment,0.0667,0.0249,0.0,0
134,2011-12,0,US_Economy,0.1896,0.0967,,0
134,2011-12,1,Copper,0.0795,0.089,0.0,0
134,2011-12,2,Oil,0.2579,0.8068,0.0,0
134,2011-12,3,SP500,0.2415,0.2145,0.0,0
134,2011-12,4,US10Y,0.4502,0.3851,0.0,0
134,2011-12,5,US_Inflation,0.7874,0.9842,0.0,0
134,2011-12,6,US_Production,0.7413,0.6804,0.0,0
134,2011-12,7,US_Unemployment,0.5923,0.5023,0.0,0
135,2012-01,0,US_Economy,0.0909,0.6182,0.0765,0
135,2012-01,1,Copper,0.5675,0.3424,0.0,0
135,2012-01,2,Oil,0.6835,0.198,0.0,0
135,2012-01,3,SP500,0.2017,0.644,0.0,0
135,2012-01,4,US10Y,0.2376,0.1894,0.0,0
135,2012-01,5,US_Inflation,1.4464,1.7812,0.0,0
135,2012-01,6,US_Production,0.2115,0.133,0.0,0
135,2012-01,7,US_Unemployment,0.9861,0.8627,0.0,0
136,2012-02,0,US_Economy,0.1994,0.0562,,0
136,2012-02,1,Copper,1.4214,0.8095,0.0,0
136,2012-02,2,Oil,1.4305,0.7346,0.0,0
136,2012-02,3,SP500,0.271,0.0484,0.0,0
136,2012-02,4,US10Y,0.1225,0.0576,0.0,0
136,2012-02,5,US_Inflation,0.2427,0.3143,0.0,0
136,2012-02,6,US_Production,0.5673,0.4861,0.0,0
136,2012-02,7,US_Unemployment,1.6765,1.4771,0.0,0
137,2012-03,0,US_Economy,0.2426,0.2981,,0
137,2012-03,1,Copper,0.9847,0.9333,0.0,0
137,2012-03,2,Oil,0.4084,1.0941,0.0,0
137,2012-03,3,SP500,0.2779,0.1491,0.0,0
137,2012-03,4,US10Y,0.7894,0.6515,0.0,0
137,2012-03,5,US_Inflation,0.1309,0.0244,0.0,0
137,2012-03,6,US_Production,1.6532,1.2892,0.0,0
137,2012-03,7,US_Unemployment,0.7885,0.7518,0.0,0
138,2012-04,0,US_Economy,0.2933,0.5996,,0
138,2012-04,1,Copper,0.1566,0.0621,0.0,0
138,2012-04,2,Oil,0.8352,0.4372,0.0,0
138,2012-04,3,SP500,0.3245,0.7498,0.0,0
138,2012-04,4,US10Y,0.9642,1.1007,0.0,0
138,2012-04,5,US_Inflation,0.0214,0.1134,0.0,0
138,2012-04,6,US_Production,1.6786,2.2295,0.0,0
138,2012-04,7,US_Unemployment,0.7202,0.7518,0.0,0
139,2012-05,0,US_Economy,0.4636,1.0673,0.0312,0
139,2012-05,1,Copper,1.2173,0.8261,0.0,0
139,2012-05,2,Oil,2.2327,1.3276,0.0,0
139,2012-05,3,SP500,0.395,0.9509,0.0,0
139,2012-05,4,US10Y,0.3218,0.3544,0.0,0
139,2012-05,5,US_Inflation,1.9277,2.1482,0.0,0
139,2012-05,6,US_Production,0.9102,0.944,0.0,0
139,2012-05,7,US_Unemployment,0.01,0.0578,0.0,0
140,2012-06,0,US_Economy,1.3443,1.8583,,0
140,2012-06,1,Copper,1.212,1.0724,0.0,0
140,2012-06,2,Oil,0.6014,1.288,0.0,0
140,2012-06,3,SP500,2.0831,1.8578,0.0,0
140,2012-06,4,US10Y,0.2551,0.2121,0.0,0
140,2012-06,5,US_Inflation,0.7652,0.8976,0.0,0
140,2012-06,6,US_Production,0.3355,0.3839,0.0,0
140,2012-06,7,US_Unemployment,0.1204,0.0631,0.0,0
141,2012-07,0,US_Economy,0.345,0.413,,0
141,2012-07,1,Copper,0.2068,0.212,0.0,0
141,2012-07,2,Oil,0.4587,0.0129,0.0,0
141,2012-07,3,SP500,0.4201,0.4672,0.0,0
141,2012-07,4,US10Y,0.345,0.2901,0.0,0
141,2012-07,5,US_Inflation,0.6519,0.6836,0.0,0
141,2012-07,6,US_Production,0.4853,0.3731,0.0,0
141,2012-07,7,US_Unemployment,0.0102,0.0702,0.0,0
142,2012-08,0,US_Economy,0.2427,0.1896,,0
142,2012-08,1,Copper,0.0435,0.0314,0.0,0
142,2012-08,2,Oil,1.728,1.0411,0.0,0
142,2012-08,3,SP500,0.379,0.0712,0.0,0
142,2012-08,4,US10Y,0.9246,0.7978,0.0,0
142,2012-08,5,US_Inflation,3.2896,3.5973,0.0,1
142,2012-08,6,US_Production,1.0455,1.0074,0.0,0
142,2012-08,7,US_Unemployment,1.0028,1.0442,0.0,0
143,2012-09,0,US_Economy,0.3207,0.1935,,0
143,2012-09,1,Copper,0.9382,0.563,0.0,0
143,2012-09,2,Oil,0.6904,1.5364,0.0,0
143,2012-09,3,SP500,0.3932,0.0178,0.0,0
143,2012-09,4,US10Y,0.7921,0.7694,0.0,0
143,2012-09,5,US_Inflation,0.5272,0.5513,0.0,0
143,2012-09,6,US_Production,0.7187,0.7065,0.0,0
143,2012-09,7,US_Unemployment,1.8864,1.8474,0.0,0
144,2012-10,0,US_Economy,0.4878,0.7783,,0
144,2012-10,1,Copper,1.4212,1.2331,0.0,0
144,2012-10,2,Oil,0.4248,0.1729,0.0,0
144,2012-10,3,SP500,0.477,0.8354,0.0,0
144,2012-10,4,US10Y,0.2034,0.1819,0.0,0
144,2012-10,5,US_Inflation,1.3109,1.0228,0.0,0
144,2012-10,6,US_Production,0.7965,0.6869,0.0,0
144,2012-10,7,US_Unemployment,2.7163,2.7928,0.0,0
145,2012-11,0,US_Economy,0.1807,0.769,,0
145,2012-11,1,Copper,1.0355,1.0771,0.0,0
145,2012-11,2,Oil,0.8177,1.0246,0.0,0
145,2012-11,3,SP500,0.1484,0.6954,0.0,0
145,2012-11,4,US10Y,0.793,0.6937,0.0,0
145,2012-11,5,US_Inflation,2.4728,2.0112,0.0,0
145,2012-11,6,US_Production,0.2401,0.0827,0.0,0
145,2012-11,7,US_Unemployment,0.8246,0.8682,0.0,0
146,2012-12,0,US_Economy,0.2115,0.1031,,0
146,2012-12,1,Copper,0.3243,0.2882,0.0,0
146,2012-12,2,Oil,0.1195,0.0598,0.0,0
146,2012-12,3,SP500,0.2713,0.0925,0.0,0
146,2012-12,4,US10Y,1.1398,1.1081,0.0,0
146,2012-12,5,US_Inflation,0.663,0.7244,0.0,0
146,2012-12,6,US_Production,0.2362,0.2932,0.0,0
146,2012-12,7,US_Unemployment,2.0571,2.1106,0.0,0
147,2013-01,0,US_Economy,0.0701,1.0479,,0
147,2013-01,1,Copper,0.201,0.1619,0.0,0
147,2013-01,2,Oil,0.0371,0.2398,0.0,0
147,2013-01,3,SP500,0.1538,1.1214,0.0,0
147,2013-01,4,US10Y,0.7063,0.7213,0.0,0
147,2013-01,5,US_Inflation,0.8184,0.8285,0.0,0
147,2013-01,6,US_Production,0.296,0.3603,0.0,0
147,2013-01,7,US_Unemployment,0.6746,0.7873,0.0,0
148,2013-02,0,US_Economy,0.4466,1.0761,,0
148,2013-02,1,Copper,0.91,0.7846,0.0,0
148,2013-02,2,Oil,0.7466,1.1601,0.0,0
148,2013-02,3,SP500,0.3537,1.0024,0.0,0
148,2013-02,4,US10Y,0.836,0.8657,0.0,0
148,2013-02,5,US_Inflation,1.6467,1.3812,0.0,0
148,2013-02,6,US_Production,1.1385,0.9336,0.0,0
148,2013-02,7,US_Unemployment,2.3392,2.6768,0.0,0
149,2013-03,0,US_Economy,0.0057,0.773,,0
149,2013-03,1,Copper,0.3731,0.3361,0.0,0
149,2013-03,2,Oil,1.2287,1.1574,0.0,0
149,2013-03,3,SP500,0.206,0.6974,0.0,0
149,2013-03,4,US10Y,0.6372,0.5903,0.0,0
149,2013-03,5,US_Inflation,3.4064,3.147,0.0,1
149,2013-03,6,US_Production,0.042,0.1408,0.0,0
149,2013-03,7,US_Unemployment,0.6581,0.6662,0.0,0
150,2013-04,0,US_Economy,0.3774,0.5537,,0
150,2013-04,1,Copper,0.1748,0.211,0.0,0
150,2013-04,2,Oil,0.6494,0.9683,0.0,0
150,2013-04,3,SP500,0.3235,0.4533,0.0,0
150,2013-04,4,US10Y,1.2268,1.0569,0.0,0
150,2013-04,5,US_Inflation,0.3383,0.3172,0.0,0
150,2013-04,6,US_Production,1.5963,1.1976,0.0,0
150,2013-04,7,US_Unemployment,1.8607,1.6304,0.0,0
151,2013-05,0,US_Economy,0.2299,0.0833,,0
151,2013-05,1,Copper,1.0543,1.0146,0.0,0
151,2013-05,2,Oil,0.3727,0.2513,0.0,0
151,2013-05,3,SP500,0.2829,0.0266,0.0,0
151,2013-05,4,US10Y,2.606,2.8188,0.0,0
151,2013-05,5,US_Inflation,0.6292,0.7804,0.0,0
151,2013-05,6,US_Production,0.7035,0.6623,0.0,0
151,2013-05,7,US_Unemployment,0.9497,1.0114,0.0,0
152,2013-06,0,US_Economy,0.5459,1.0546,,0
152,2013-06,1,Copper,1.4537,1.2775,0.0,0
152,2013-06,2,Oil,1.9892,0.5306,0.0,0
152,2013-06,3,SP500,0.4073,1.2788,0.0,0
152,2013-06,4,US10Y,0.9291,1.0103,0.0,0
152,2013-06,5,US_Inflation,0.536,0.4989,0.0,0
152,2013-06,6,US_Production,0.5282,0.4312,0.0,0
152,2013-06,7,US_Unemployment,0.463,0.5064,0.0,0
153,2013-07,0,US_Economy,3.7902,2.6513,,1
153,2013-07,1,Copper,1.1751,1.2411,0.0,0
153,2013-07,2,Oil,0.1945,0.4062,0.0,0
153,2013-07,3,SP500,4.6835,2.8282,0.0,1
153,2013-07,4,US10Y,0.6836,0.8015,0.0,0
153,2013-07,5,US_Inflation,0.0656,0.1926,0.0,0
153,2013-07,6,US_Production,1.593,1.6482,0.0,0
153,2013-07,7,US_Unemployment,0.9514,0.9258,0.0,0
154,2013-08,0,US_Economy,1.6327,2.7608,,0
154,2013-08,1,Copper,0.1502,0.1153,0.0,0
154,2013-08,2,Oil,0.776,0.7863,0.0,0
154,2013-08,3,SP500,1.6198,2.8446,0.0,0
154,2013-08,4,US10Y,0.7749,0.8727,0.0,0
154,2013-08,5,US_Inflation,0.2163,0.0833,0.0,0
154,2013-08,6,US_Production,2.1018,2.6577,0.0,0
154,2013-08,7,US_Unemployment,0.5234,0.5232,0.0,0
155,2013-09,0,US_Economy,3.9518,1.6302,,1
155,2013-09,1,Copper,0.4429,0.4159,0.0,0
155,2013-09,2,Oil,0.6136,0.2401,0.0,0
155,2013-09,3,SP500,4.9531,1.7605,0.0,1
155,2013-09,4,US10Y,0.5312,0.5505,0.0,0
155,2013-09,5,US_Inflation,0.4751,0.5479,0.0,0
155,2013-09,6,US_Production,0.2855,0.3867,0.0,0
155,2013-09,7,US_Unemployment,0.3976,0.4472,0.0,0
156,2013-10,0,US_Economy,0.2289,0.1814,,0
156,2013-10,1,Copper,0.4387,0.3609,0.0,0
156,2013-10,2,Oil,2.8319,1.8051,0.0,0
156,2013-10,3,SP500,0.1597,0.3692,0.0,0
156,2013-10,4,US10Y,1.6665,1.6009,0.0,0
156,2013-10,5,US_Inflation,0.2663,0.1627,0.0,0
156,2013-10,6,US_Production,1.9855,1.6764,0.0,0
156,2013-10,7,US_Unemployment,0.1948,0.1155,0.0,0
157,2013-11,0,US_Economy,0.5395,0.378,,0
157,2013-11,1,Copper,0.778,0.7558,0.0,0
157,2013-11,2,Oil,0.2883,1.1193,0.0,0
157,2013-11,3,SP500,0.5488,0.5227,0.0,0
157,2013-11,4,US10Y,1.6885,1.7188,0.0,0
157,2013-11,5,US_Inflation,0.497,0.4727,0.0,0
157,2013-11,6,US_Production,0.9219,0.8726,0.0,0
157,2013-11,7,US_Unemployment,1.5319,1.5,0.0,0
158,2013-12,0,US_Economy,0.3528,0.0878,,0
158,2013-12,1,Copper,0.4687,0.4073,0.0,0
158,2013-12,2,Oil,0.7897,0.5903,0.0,0
158,2013-12,3,SP500,0.3859,0.1592,0.0,0
158,2013-12,4,US10Y,0.3307,0.3256,0.0,0
158,2013-12,5,US_Inflation,0.2782,0.1765,0.0,0
158,2013-12,6,US_Production,0.0792,0.053,0.0,0
158,2013-12,7,US_Unemployment,0.492,0.5417,0.0,0
159,2014-01,0,US_Economy,1.1913,1.5768,,0
159,2014-01,1,Copper,0.0089,0.0474,0.0,0
159,2014-01,2,Oil,0.679,0.6974,0.0,0
159,2014-01,3,SP500,1.1019,1.683,0.0,0
159,2014-01,4,US10Y,1.1419,1.2052,0.0,0
159,2014-01,5,US_Inflation,0.0708,0.1543,0.0,0
159,2014-01,6,US_Production,1.3478,1.3634,0.0,0
159,2014-01,7,US_Unemployment,0.6823,0.6761,0.0,0
160,2014-02,0,US_Economy,5.8444,2.1966,,1
160,2014-02,1,Copper,0.2511,0.1884,0.0,0
160,2014-02,2,Oil,0.1829,0.0556,0.0,0
160,2014-02,3,SP500,7.2175,2.2046,0.0,1
160,2014-02,4,US10Y,0.5402,0.4617,0.0,0
160,2014-02,5,US_Inflation,0.437,0.4829,0.0,0
160,2014-02,6,US_Production,2.1239,2.6423,0.0,0
160,2014-02,7,US_Unemployment,1.0692,1.0871,0.0,0
161,2014-03,0,US_Economy,0.61,0.9404,,0
161,2014-03,1,Copper,1.4632,1.3315,0.0,0
161,2014-03,2,Oil,0.7016,1.0793,0.0,0
161,2014-03,3,SP500,0.54,0.8602,0.0,0
161,2014-03,4,US10Y,0.9428,0.9083,0.0,0
161,2014-03,5,US_Inflation,0.5349,0.492,0.0,0
161,2014-03,6,US_Production,0.5663,0.3724,0.0,0
161,2014-03,7,US_Unemployment,0.7749,0.7845,0.0,0
162,2014-04,0,US_Economy,0.356,0.0055,,0
162,2014-04,1,Copper,0.9767,0.992,0.0,0
162,2014-04,2,Oil,0.3528,0.0523,0.0,0
162,2014-04,3,SP500,0.3615,0.0268,0.0,0
162,2014-04,4,US10Y,0.1147,0.112,0.0,0
162,2014-04,5,US_Inflation,0.3546,0.4738,0.0,0
162,2014-04,6,US_Production,1.4744,1.7574,0.0,0
162,2014-04,7,US_Unemployment,2.896,2.9969,0.0,0
163,2014-05,0,US_Economy,0.1564,0.4283,,0
163,2014-05,1,Copper,0.6891,0.5772,0.0,0
163,2014-05,2,Oil,1.9894,0.8521,0.0,0
163,2014-05,3,SP500,0.2484,0.3614,0.0,0
163,2014-05,4,US10Y,0.9087,0.8055,0.0,0
163,2014-05,5,US_Inflation,0.1042,0.2332,0.0,0
163,2014-05,6,US_Production,0.6583,0.4854,0.0,0
163,2014-05,7,US_Unemployment,2.8723,3.2167,0.0,1
164,2014-06,0,US_Economy,0.3887,0.0888,,0
164,2014-06,1,Copper,0.6183,0.6352,0.0,0
164,2014-06,2,Oil,0.5222,0.5987,0.0,0
164,2014-06,3,SP500,0.3812,0.0428,0.0,0
164,2014-06,4,US10Y,1.3474,1.314,0.0,0
164,2014-06,5,US_Inflation,0.6151,0.6816,0.0,0
164,2014-06,6,US_Production,0.0446,0.1141,0.0,0
164,2014-06,7,US_Unemployment,1.1506,1.1993,0.0,0
165,2014-07,0,US_Economy,0.6991,0.9355,,0
165,2014-07,1,Copper,0.5877,0.4838,0.0,0
165,2014-07,2,Oil,0.9715,0.7748,0.0,0
165,2014-07,3,SP500,0.6053,0.8926,0.0,0
165,2014-07,4,US10Y,0.4864,0.4427,0.0,0
165,2014-07,5,US_Inflation,0.0372,0.1238,0.0,0
165,2014-07,6,US_Production,0.2155,0.2359,0.0,0
165,2014-07,7,US_Unemployment,1.3796,1.1457,0.0,0
166,2014-08,0,US_Economy,0.8049,1.4835,,0
166,2014-08,1,Copper,1.5801,1.583,0.0,0
166,2014-08,2,Oil,0.4403,0.6426,0.0,0
166,2014-08,3,SP500,0.4338,1.4629,0.0,0
166,2014-08,4,US10Y,0.2234,0.193,0.0,0
166,2014-08,5,US_Inflation,1.1497,1.3804,0.0,0
166,2014-08,6,US_Production,0.9451,0.8442,0.0,0
166,2014-08,7,US_Unemployment,0.7821,0.7945,0.0,0
167,2014-09,0,US_Economy,0.7813,1.6049,,0
167,2014-09,1,Copper,0.1729,0.2092,0.0,0
167,2014-09,2,Oil,1.5815,0.4222,0.0,0
167,2014-09,3,SP500,0.6647,1.5871,0.0,0
167,2014-09,4,US10Y,1.6283,1.5625,0.0,0
167,2014-09,5,US_Inflation,0.4677,0.4739,0.0,0
167,2014-09,6,US_Production,1.1119,1.0975,0.0,0
167,2014-09,7,US_Unemployment,0.4156,0.3464,0.0,0
168,2014-10,0,US_Economy,0.5391,1.0591,,0
168,2014-10,1,Copper,1.5553,1.6574,0.0,0
168,2014-10,2,Oil,0.8635,1.0463,0.0,0
168,2014-10,3,SP500,0.3211,1.148,0.0,0
168,2014-10,4,US10Y,1.9124,1.9641,0.0,0
168,2014-10,5,US_Inflation,0.2043,0.3195,0.0,0
168,2014-10,6,US_Production,0.5643,0.5034,0.0,0
168,2014-10,7,US_Unemployment,0.0297,0.0578,0.0,0
169,2014-11,0,US_Economy,0.3213,0.0383,,0
169,2014-11,1,Copper,2.0683,1.9865,0.0,0
169,2014-11,2,Oil,0.3003,0.8721,0.0,0
169,2014-11,3,SP500,0.31,0.0815,0.0,0
169,2014-11,4,US10Y,1.3409,1.4166,0.0,0
169,2014-11,5,US_Inflation,1.6276,2.1198,0.0,0
169,2014-11,6,US_Production,1.3986,1.2175,0.0,0
169,2014-11,7,US_Unemployment,1.289,1.0988,0.0,0
170,2014-12,0,US_Economy,0.5998,0.7486,,0
170,2014-12,1,Copper,1.2065,1.337,0.0,0
170,2014-12,2,Oil,0.094,0.6252,0.0,0
170,2014-12,3,SP500,0.5052,0.77,0.0,0
170,2014-12,4,US10Y,0.8354,0.7917,0.0,0
170,2014-12,5,US_Inflation,0.6605,1.1522,0.0,0
170,2014-12,6,US_Production,1.5037,1.2825,0.0,0
170,2014-12,7,US_Unemployment,1.1232,1.1625,0.0,0
171,2015-01,0,US_Economy,0.7415,0.5621,,0
171,2015-01,1,Copper,1.9186,1.8996,0.0,0
171,2015-01,2,Oil,0.5555,2.4277,0.0,0
171,2015-01,3,SP500,0.6126,0.6597,0.0,0
171,2015-01,4,US10Y,1.0299,1.0047,0.0,0
171,2015-01,5,US_Inflation,2.2289,3.8219,0.0,1
171,2015-01,6,US_Production,1.3518,1.4049,0.0,0
171,2015-01,7,US_Unemployment,1.1504,1.0,0.0,0
172,2015-02,0,US_Economy,7.0608,2.4859,,1
172,2015-02,1,Copper,1.6577,1.964,0.0,0
172,2015-02,2,Oil,1.0839,1.4083,0.0,0
172,2015-02,3,SP500,3.4612,2.3875,0.0,1
172,2015-02,4,US10Y,2.1767,2.478,0.0,0
172,2015-02,5,US_Inflation,5.9128,9.0945,0.0,1
172,2015-02,6,US_Production,0.3202,0.3335,0.0,0
172,2015-02,7,US_Unemployment,0.9898,1.02,0.0,0
173,2015-03,0,US_Economy,0.5137,1.8534,,0
173,2015-03,1,Copper,0.0731,0.0077,0.0,0
173,2015-03,2,Oil,0.0717,0.0955,0.0,0
173,2015-03,3,SP500,0.5986,1.9104,0.0,0
173,2015-03,4,US10Y,0.2455,0.2773,0.0,0
173,2015-03,5,US_Inflation,0.2131,0.0164,0.0,0
173,2015-03,6,US_Production,0.7489,0.9067,0.0,0
173,2015-03,7,US_Unemployment,0.3965,0.3949,0.0,0
174,2015-04,0,US_Economy,0.052,0.7904,,0
174,2015-04,1,Copper,2.1078,1.8615,0.0,0
174,2015-04,2,Oil,2.4193,2.7515,0.0,0
174,2015-04,3,SP500,0.1288,0.6739,0.0,0
174,2015-04,4,US10Y,0.7743,0.7608,0.0,0
174,2015-04,5,US_Inflation,1.2937,0.599,0.0,0
174,2015-04,6,US_Production,0.054,0.2148,0.0,0
174,2015-04,7,US_Unemployment,0.3065,0.3413,0.0,0
175,2015-05,0,US_Economy,0.3495,0.0816,,0
175,2015-05,1,Copper,2.0866,2.5433,0.0,0
175,2015-05,2,Oil,0.5735,2.2997,0.0,0
175,2015-05,3,SP500,0.3282,0.0427,0.0,0
175,2015-05,4,US10Y,1.8612,1.6667,0.0,0
175,2015-05,5,US_Inflation,1.6128,0.8097,0.0,0
175,2015-05,6,US_Production,0.3929,0.3823,0.0,0
175,2015-05,7,US_Unemployment,0.4915,0.563,0.0,0
176,2015-06,0,US_Economy,0.4946,0.7445,,0
176,2015-06,1,Copper,0.0513,0.0426,0.0,0
176,2015-06,2,Oil,0.2102,0.2203,0.0,0
176,2015-06,3,SP500,0.5679,0.7374,0.0,0
176,2015-06,4,US10Y,0.4935,0.5636,0.0,0
176,2015-06,5,US_Inflation,0.3446,0.2164,0.0,0
176,2015-06,6,US_Production,0.5009,0.4784,0.0,0
176,2015-06,7,US_Unemployment,1.882,2.1856,0.0,0
177,2015-07,0,US_Economy,0.1772,0.8861,,0
177,2015-07,1,Copper,0.4382,0.4452,0.0,0
177,2015-07,2,Oil,3.1551,1.9428,0.0,1
177,2015-07,3,SP500,0.4999,1.0249,0.0,0
177,2015-07,4,US10Y,0.8435,0.8909,0.0,0
177,2015-07,5,US_Inflation,0.7927,0.4427,0.0,0
177,2015-07,6,US_Production,2.0906,2.4335,0.0,0
177,2015-07,7,US_Unemployment,0.7541,0.8023,0.0,0
178,2015-08,0,US_Economy,0.7427,1.7925,,0
178,2015-08,1,Copper,0.9698,1.0462,0.0,0
178,2015-08,2,Oil,0.835,2.2823,0.0,0
178,2015-08,3,SP500,0.9116,1.9609,0.0,0
178,2015-08,4,US10Y,0.5135,0.463,0.0,0
178,2015-08,5,US_Inflation,0.8038,0.5532,0.0,0
178,2015-08,6,US_Production,1.9414,1.7251,0.0,0
178,2015-08,7,US_Unemployment,0.0303,0.0664,0.0,0
179,2015-09,0,US_Economy,0.1273,0.9253,,0
179,2015-09,1,Copper,0.1563,0.129,0.0,0
179,2015-09,2,Oil,0.4355,0.8393,0.0,0
179,2015-09,3,SP500,0.2573,0.9847,0.0,0
179,2015-09,4,US10Y,0.6676,0.6285,0.0,0
179,2015-09,5,US_Inflation,0.8986,0.7641,0.0,0
179,2015-09,6,US_Production,0.0453,0.176,0.0,0
179,2015-09,7,US_Unemployment,0.0941,0.0,0.0,0
180,2015-10,0,US_Economy,1.7106,2.2936,,0
180,2015-10,1,Copper,0.2201,0.2048,0.0,0
180,2015-10,2,Oil,1.1201,0.6961,0.0,0
180,2015-10,3,SP500,2.1708,2.1844,0.0,0
180,2015-10,4,US10Y,0.4136,0.383,0.0,0
180,2015-10,5,US_Inflation,1.4429,1.1366,0.0,0
180,2015-10,6,US_Production,0.13,0.2971,0.0,0
180,2015-10,7,US_Unemployment,0.3194,0.3771,0.0,0
181,2015-11,0,US_Economy,0.5898,1.5163,,0
181,2015-11,1,Copper,0.1878,0.1615,0.0,0
181,2015-11,2,Oil,0.2247,0.3177,0.0,0
181,2015-11,3,SP500,0.6534,1.4898,0.0,0
181,2015-11,4,US10Y,1.4218,1.2819,0.0,0
181,2015-11,5,US_Inflation,0.2473,0.0339,0.0,0
181,2015-11,6,US_Production,0.1906,0.3969,0.0,0
181,2015-11,7,US_Unemployment,0.2433,0.341,0.0,0
182,2015-12,0,US_Economy,0.5504,0.3707,,0
182,2015-12,1,Copper,1.0208,0.8847,0.0,0
182,2015-12,2,Oil,1.5889,1.3765,0.0,0
182,2015-12,3,SP500,0.5675,0.2749,0.0,0
182,2015-12,4,US10Y,0.9352,1.0116,0.0,0
182,2015-12,5,US_Inflation,1.0917,0.8104,0.0,0
182,2015-12,6,US_Production,0.6769,0.7457,0.0,0
182,2015-12,7,US_Unemployment,0.9144,0.866,0.0,0
183,2016-01,0,US_Economy,0.7898,0.4782,,0
183,2016-01,1,Copper,0.5945,0.6046,0.0,0
183,2016-01,2,Oil,0.4105,0.7007,0.0,0
183,2016-01,3,SP500,0.8783,0.5357,0.0,0
183,2016-01,4,US10Y,0.6898,0.6147,0.0,0
183,2016-01,5,US_Inflation,0.3647,0.1423,0.0,0
183,2016-01,6,US_Production,1.8732,2.23,0.0,0
183,2016-01,7,US_Unemployment,0.636,0.4889,0.0,0
184,2016-02,0,US_Economy,0.5918,0.8316,,0
184,2016-02,1,Copper,0.5328,0.4802,0.0,0
184,2016-02,2,Oil,0.8288,0.4148,0.0,0
184,2016-02,3,SP500,0.8177,0.8138,0.0,0
184,2016-02,4,US10Y,0.8087,0.7969,0.0,0
184,2016-02,5,US_Inflation,0.3223,0.453,0.0,0
184,2016-02,6,US_Production,3.1961,2.339,0.0,1
184,2016-02,7,US_Unemployment,1.9412,1.5882,0.0,0
185,2016-03,0,US_Economy,0.3594,1.3358,,0
185,2016-03,1,Copper,0.1182,0.0826,0.0,0
185,2016-03,2,Oil,0.6668,0.5445,0.0,0
185,2016-03,3,SP500,0.3825,1.2759,0.0,0
185,2016-03,4,US10Y,2.1153,2.4628,0.0,0
185,2016-03,5,US_Inflation,2.5154,2.9014,0.0,0
185,2016-03,6,US_Production,0.1543,0.3954,0.0,0
185,2016-03,7,US_Unemployment,0.207,0.1222,0.0,0
186,2016-04,0,US_Economy,0.6586,1.1761,,0
186,2016-04,1,Copper,0.2042,0.1962,0.0,0
186,2016-04,2,Oil,0.1708,0.3156,0.0,0
186,2016-04,3,SP500,0.7079,1.2067,0.0,0
186,2016-04,4,US10Y,0.8668,0.8707,0.0,0
186,2016-04,5,US_Inflation,0.6711,0.3161,0.0,0
186,2016-04,6,US_Production,1.3928,1.9024,0.0,0
186,2016-04,7,US_Unemployment,0.1577,0.0819,0.0,0
187,2016-05,0,US_Economy,0.3116,0.1578,,0
187,2016-05,1,Copper,0.5313,0.4319,0.0,0
187,2016-05,2,Oil,0.2366,0.9515,0.0,0
187,2016-05,3,SP500,0.2737,0.2305,0.0,0
187,2016-05,4,US10Y,0.385,0.3482,0.0,0
187,2016-05,5,US_Inflation,1.3608,0.8228,0.0,0
187,2016-05,6,US_Production,1.1247,0.9712,0.0,0
187,2016-05,7,US_Unemployment,1.9924,2.0224,0.0,0
188,2016-06,0,US_Economy,0.4739,0.2324,,0
188,2016-06,1,Copper,0.9064,0.8584,0.0,0
188,2016-06,2,Oil,0.5206,0.3369,0.0,0
188,2016-06,3,SP500,0.5131,0.2595,0.0,0
188,2016-06,4,US10Y,0.8438,0.7428,0.0,0
188,2016-06,5,US_Inflation,0.4957,0.2466,0.0,0
188,2016-06,6,US_Production,1.0679,0.9976,0.0,0
188,2016-06,7,US_Unemployment,2.1424,1.9933,0.0,0
189,2016-07,0,US_Economy,0.1329,0.5063,,0
189,2016-07,1,Copper,0.9963,0.9333,0.0,0
189,2016-07,2,Oil,0.7617,1.2829,0.0,0
189,2016-07,3,SP500,0.0624,0.5923,0.0,0
189,2016-07,4,US10Y,0.3129,0.2834,0.0,0
189,2016-07,5,US_Inflation,2.3633,1.6466,0.0,0
189,2016-07,6,US_Production,0.6322,0.5946,0.0,0
189,2016-07,7,US_Unemployment,1.0849,1.1355,0.0,0
190,2016-08,0,US_Economy,0.5385,0.6132,,0
190,2016-08,1,Copper,1.9624,1.8126,0.0,0
190,2016-08,2,Oil,1.1818,1.3299,0.0,0
190,2016-08,3,SP500,0.5855,0.6928,0.0,0
190,2016-08,4,US10Y,1.1315,1.0604,0.0,0
190,2016-08,5,US_Inflation,1.1587,1.1638,0.0,0
190,2016-08,6,US_Production,0.2034,0.3404,0.0,0
190,2016-08,7,US_Unemployment,0.9523,0.9608,0.0,0
191,2016-09,0,US_Economy,0.4029,0.0938,,0
191,2016-09,1,Copper,2.5613,2.797,0.0,0
191,2016-09,2,Oil,0.056,0.0558,0.0,0
191,2016-09,3,SP500,0.4212,0.1013,0.0,0
191,2016-09,4,US10Y,0.0158,0.0372,0.0,0
191,2016-09,5,US_Inflation,0.496,0.28,0.0,0
191,2016-09,6,US_Production,0.2462,0.0689,0.0,0
191,2016-09,7,US_Unemployment,0.1408,0.0774,0.0,0
192,2016-10,0,US_Economy,0.5591,0.473,,0
192,2016-10,1,Copper,1.0412,1.0886,0.0,0
192,2016-10,2,Oil,0.6956,0.915,0.0,0
192,2016-10,3,SP500,0.5774,0.4173,0.0,0
192,2016-10,4,US10Y,0.3098,0.274,0.0,0
192,2016-10,5,US_Inflation,0.2004,0.3214,0.0,0
192,2016-10,6,US_Production,0.3491,0.1729,0.0,0
192,2016-10,7,US_Unemployment,0.9705,1.006,0.0,0
193,2016-11,0,US_Economy,1.7992,1.6319,,0
193,2016-11,1,Copper,3.2882,3.0414,0.0,1
193,2016-11,2,Oil,1.5762,0.6939,0.0,0
193,2016-11,3,SP500,1.8773,1.5687,0.0,0
193,2016-11,4,US10Y,1.192,1.1807,0.0,0
193,2016-11,5,US_Inflation,0.6511,0.6596,0.0,0
193,2016-11,6,US_Production,0.6191,0.7777,0.0,0
193,2016-11,7,US_Unemployment,0.5071,0.4137,0.0,0
194,2016-12,0,US_Economy,0.4267,0.459,,0
194,2016-12,1,Copper,2.4807,3.2112,0.0,1
194,2016-12,2,Oil,0.0399,0.2416,0.0,0
194,2016-12,3,SP500,0.4661,0.4868,0.0,0
194,2016-12,4,US10Y,0.1898,0.2398,0.0,0
194,2016-12,5,US_Inflation,0.8341,0.688,0.0,0
194,2016-12,6,US_Production,1.5655,1.7261,0.0,0
194,2016-12,7,US_Unemployment,1.0947,1.0212,0.0,0
195,2017-01,0,US_Economy,0.357,0.165,,0
195,2017-01,1,Copper,0.483,0.5031,0.0,0
195,2017-01,2,Oil,0.9919,1.0067,0.0,0
195,2017-01,3,SP500,0.3458,0.0803,0.0,0
195,2017-01,4,US10Y,2.0798,2.4551,0.0,0
195,2017-01,5,US_Inflation,0.9973,0.6596,0.0,0
195,2017-01,6,US_Production,1.6039,1.5188,0.0,0
195,2017-01,7,US_Unemployment,0.107,0.0376,0.0,0
196,2017-02,0,US_Economy,0.2024,0.4267,,0
196,2017-02,1,Copper,0.9486,0.8541,0.0,0
196,2017-02,2,Oil,0.2735,0.0009,0.0,0
196,2017-02,3,SP500,0.2026,0.4309,0.0,0
196,2017-02,4,US10Y,0.2337,0.1987,0.0,0
196,2017-02,5,US_Inflation,1.9271,1.4911,0.0,0
196,2017-02,6,US_Production,0.1055,0.1059,0.0,0
196,2017-02,7,US_Unemployment,0.5855,0.5322,0.0,0
197,2017-03,0,US_Economy,0.8731,1.3552,,0
197,2017-03,1,Copper,1.193,1.1482,0.0,0
197,2017-03,2,Oil,1.2453,0.7042,0.0,0
197,2017-03,3,SP500,0.8612,1.2876,0.0,0
197,2017-03,4,US10Y,0.2667,0.2164,0.0,0
197,2017-03,5,US_Inflation,0.945,1.1424,0.0,0
197,2017-03,6,US_Production,1.62,1.7055,0.0,0
197,2017-03,7,US_Unemployment,0.502,0.4096,0.0,0
198,2017-04,0,US_Economy,0.2064,0.5756,,0
198,2017-04,1,Copper,0.0274,0.0663,0.0,0
198,2017-04,2,Oil,0.8631,0.5417,0.0,0
198,2017-04,3,SP500,0.1334,0.5053,0.0,0
198,2017-04,4,US10Y,1.5766,1.3717,0.0,0
198,2017-04,5,US_Inflation,0.9398,1.192,0.0,0
198,2017-04,6,US_Production,0.6914,0.3671,0.0,0
198,2017-04,7,US_Unemployment,1.2043,1.0995,0.0,0
199,2017-05,0,US_Economy,0.1761,0.0837,,0
199,2017-05,1,Copper,0.1412,0.17,0.0,0
199,2017-05,2,Oil,0.011,0.1942,0.0,0
199,2017-05,3,SP500,0.1859,0.0847,0.0,0
199,2017-05,4,US10Y,1.0774,1.0646,0.0,0
199,2017-05,5,US_Inflation,0.7289,1.0318,0.0,0
199,2017-05,6,US_Production,1.3345,1.5593,0.0,0
199,2017-05,7,US_Unemployment,0.0293,0.039,0.0,0
200,2017-06,0,US_Economy,0.3968,0.2978,,0
200,2017-06,1,Copper,0.5961,0.5713,0.0,0
200,2017-06,2,Oil,0.715,0.2521,0.0,0
200,2017-06,3,SP500,0.3931,0.2787,0.0,0
200,2017-06,4,US10Y,0.7317,0.6007,0.0,0
200,2017-06,5,US_Inflation,0.781,0.9432,0.0,0
200,2017-06,6,US_Production,0.2125,0.0926,0.0,0
200,2017-06,7,US_Unemployment,0.718,0.7001,0.0,0
201,2017-07,0,US_Economy,0.2826,0.7499,,0
201,2017-07,1,Copper,0.1657,0.1975,0.0,0
201,2017-07,2,Oil,5.706,1.462,0.0,1
201,2017-07,3,SP500,0.1823,0.619,0.0,0
201,2017-07,4,US10Y,1.4403,1.3115,0.0,0
201,2017-07,5,US_Inflation,0.0718,0.0821,0.0,0
201,2017-07,6,US_Production,0.7986,0.6962,0.0,0
201,2017-07,7,US_Unemployment,0.771,0.8307,0.0,0
202,2017-08,0,US_Economy,0.6572,0.9514,,0
202,2017-08,1,Copper,0.0993,0.0461,0.0,0
202,2017-08,2,Oil,0.8944,1.91,0.0,0
202,2017-08,3,SP500,0.6071,0.8229,0.0,0
202,2017-08,4,US10Y,1.4633,1.3768,0.0,0
202,2017-08,5,US_Inflation,1.8594,2.1652,0.0,0
202,2017-08,6,US_Production,0.1301,0.2345,0.0,0
202,2017-08,7,US_Unemployment,0.5758,0.6943,0.0,0
203,2017-09,0,US_Economy,0.5468,1.0463,,0
203,2017-09,1,Copper,1.5859,1.4765,0.0,0
203,2017-09,2,Oil,2.0107,2.0985,0.0,0
203,2017-09,3,SP500,0.4304,0.9323,0.0,0
203,2017-09,4,US10Y,0.6051,0.5847,0.0,0
203,2017-09,5,US_Inflation,1.0553,0.6288,0.0,0
203,2017-09,6,US_Production,0.8241,0.8797,0.0,0
203,2017-09,7,US_Unemployment,1.4351,1.633,0.0,0
204,2017-10,0,US_Economy,0.2378,0.0032,,0
204,2017-10,1,Copper,0.597,0.6569,0.0,0
204,2017-10,2,Oil,0.6584,1.039,0.0,0
204,2017-10,3,SP500,0.1954,0.0783,0.0,0
204,2017-10,4,US10Y,1.0013,0.8934,0.0,0
204,2017-10,5,US_Inflation,2.6812,2.5562,0.0,0
204,2017-10,6,US_Production,2.1593,1.7578,0.0,0
204,2017-10,7,US_Unemployment,0.057,0.124,0.0,0
205,2017-11,0,US_Economy,0.1522,0.256,,0
205,2017-11,1,Copper,0.389,0.3951,0.0,0
205,2017-11,2,Oil,0.4156,1.3054,0.0,0
205,2017-11,3,SP500,0.1903,0.1675,0.0,0
205,2017-11,4,US10Y,0.8892,0.8493,0.0,0
205,2017-11,5,US_Inflation,0.8717,0.9337,0.0,0
205,2017-11,6,US_Production,1.2482,1.551,0.0,0
205,2017-11,7,US_Unemployment,0.7624,0.8165,0.0,0
206,2017-12,0,US_Economy,1.088,1.2197,,0
206,2017-12,1,Copper,0.8166,0.7709,0.0,0
206,2017-12,2,Oil,0.5292,0.6668,0.0,0
206,2017-12,3,SP500,1.1495,1.2288,0.0,0
206,2017-12,4,US10Y,0.4794,0.4783,0.0,0
206,2017-12,5,US_Inflation,0.2685,0.3088,0.0,0
206,2017-12,6,US_Production,0.1167,0.1305,0.0,0
206,2017-12,7,US_Unemployment,0.954,0.9615,0.0,0
207,2018-01,0,US_Economy,3.099,3.0234,,1
207,2018-01,1,Copper,2.2118,2.3195,0.0,0
207,2018-01,2,Oil,0.2679,0.3096,0.0,0
207,2018-01,3,SP500,3.5576,3.2299,0.0,1
207,2018-01,4,US10Y,0.8062,0.7945,0.0,0
207,2018-01,5,US_Inflation,1.1335,1.0038,0.0,0
207,2018-01,6,US_Production,0.2844,0.234,0.0,0
207,2018-01,7,US_Unemployment,0.0251,0.0747,0.0,0
208,2018-02,0,US_Economy,2.8478,5.0701,,1
208,2018-02,1,Copper,0.107,0.1454,0.0,0
208,2018-02,2,Oil,0.8556,1.7896,0.0,0
208,2018-02,3,SP500,2.8904,5.1764,0.0,1
208,2018-02,4,US10Y,0.4215,0.4992,0.0,0
208,2018-02,5,US_Inflation,0.8047,0.7096,0.0,0
208,2018-02,6,US_Production,0.3817,0.3572,0.0,0
208,2018-02,7,US_Unemployment,1.873,1.8686,0.0,0
209,2018-03,0,US_Economy,2.6817,0.6356,,0
209,2018-03,1,Copper,0.0326,0.0665,0.0,0
209,2018-03,2,Oil,1.2267,1.3791,0.0,0
209,2018-03,3,SP500,2.2378,0.5952,0.0,0
209,2018-03,4,US10Y,1.7353,2.0056,0.0,0
209,2018-03,5,US_Inflation,1.3816,1.2098,0.0,0
209,2018-03,6,US_Production,0.4267,0.313,0.0,0
209,2018-03,7,US_Unemployment,1.6193,1.7857,0.0,0
210,2018-04,0,US_Economy,7.044,0.9177,,1
210,2018-04,1,Copper,0.5628,0.575,0.0,0
210,2018-04,2,Oil,0.7348,0.7652,0.0,0
210,2018-04,3,SP500,13.8127,0.9796,0.0,1
210,2018-04,4,US10Y,0.3108,0.3084,0.0,0
210,2018-04,5,US_Inflation,0.928,1.0812,0.0,0
210,2018-04,6,US_Production,1.5101,1.133,0.0,0
210,2018-04,7,US_Unemployment,0.6727,0.6943,0.0,0
211,2018-05,0,US_Economy,0.0261,0.5426,,0
211,2018-05,1,Copper,0.2149,0.2172,0.0,0
211,2018-05,2,Oil,0.1604,0.3891,0.0,0
211,2018-05,3,SP500,0.1236,0.5637,0.0,0
211,2018-05,4,US10Y,0.3643,0.3676,0.0,0
211,2018-05,5,US_Inflation,0.1425,0.2044,0.0,0
211,2018-05,6,US_Production,3.0424,3.5345,0.0,1
211,2018-05,7,US_Unemployment,1.6803,1.633,0.0,0
212,2018-06,0,US_Economy,0.6029,0.425,,0
212,2018-06,1,Copper,1.108,0.9398,0.0,0
212,2018-06,2,Oil,0.0525,0.9217,0.0,0
212,2018-06,3,SP500,0.5016,0.5065,0.0,0
212,2018-06,4,US10Y,1.2167,1.1521,0.0,0
212,2018-06,5,US_Inflation,0.6976,0.7475,0.0,0
212,2018-06,6,US_Production,1.4686,2.3018,0.0,0
212,2018-06,7,US_Unemployment,3.6196,3.1009,0.0,1
213,2018-07,0,US_Economy,0.0851,0.7944,,0
213,2018-07,1,Copper,0.7802,0.789,0.0,0
213,2018-07,2,Oil,0.8433,1.4921,0.0,0
213,2018-07,3,SP500,0.0003,0.9128,0.0,0
213,2018-07,4,US10Y,0.2532,0.2754,0.0,0
213,2018-07,5,US_Inflation,0.0284,0.0658,0.0,0
213,2018-07,6,US_Production,0.8913,0.7255,0.0,0
213,2018-07,7,US_Unemployment,2.025,2.4453,0.0,0
214,2018-08,0,US_Economy,0.4919,0.2086,,0
214,2018-08,1,Copper,1.9983,1.7673,0.0,0
214,2018-08,2,Oil,1.165,0.7405,0.0,0
214,2018-08,3,SP500,0.4119,0.1777,0.0,0
214,2018-08,4,US10Y,0.1756,0.2099,0.0,0
214,2018-08,5,US_Inflation,0.4646,0.4504,0.0,0
214,2018-08,6,US_Production,0.6634,0.4953,0.0,0
214,2018-08,7,US_Unemployment,1.1219,1.0442,0.0,0
215,2018-09,0,US_Economy,0.7241,0.7494,,0
215,2018-09,1,Copper,2.2813,2.6729,0.0,0
215,2018-09,2,Oil,1.1269,1.5301,0.0,0
215,2018-09,3,SP500,0.5738,0.8456,0.0,0
215,2018-09,4,US10Y,0.7753,0.726,0.0,0
215,2018-09,5,US_Inflation,0.2901,0.2293,0.0,0
215,2018-09,6,US_Production,0.9725,0.7269,0.0,0
215,2018-09,7,US_Unemployment,0.5038,0.4285,0.0,0
216,2018-10,0,US_Economy,1.9052,2.3069,,0
216,2018-10,1,Copper,1.4719,1.4158,0.0,0
216,2018-10,2,Oil,1.4932,2.1635,0.0,0
216,2018-10,3,SP500,1.2813,2.208,0.0,0
216,2018-10,4,US10Y,0.1562,0.2151,0.0,0
216,2018-10,5,US_Inflation,0.3746,0.2789,0.0,0
216,2018-10,6,US_Production,0.2379,0.1874,0.0,0
216,2018-10,7,US_Unemployment,0.9162,0.9608,0.0,0
217,2018-11,0,US_Economy,0.9497,2.3196,,0
217,2018-11,1,Copper,1.2211,1.169,0.0,0
217,2018-11,2,Oil,0.8502,0.9624,0.0,0
217,2018-11,3,SP500,0.5292,2.4267,0.0,0
217,2018-11,4,US10Y,1.435,1.3632,0.0,0
217,2018-11,5,US_Inflation,2.2463,2.1933,0.0,0
217,2018-11,6,US_Production,0.3923,0.3452,0.0,0
217,2018-11,7,US_Unemployment,0.5785,0.5417,0.0,0
218,2018-12,0,US_Economy,1.7513,2.1254,,0
218,2018-12,1,Copper,1.2612,1.197,0.0,0
218,2018-12,2,Oil,0.3799,1.7963,0.0,0
218,2018-12,3,SP500,1.2039,2.2187,0.0,0
218,2018-12,4,US10Y,2.3789,1.9493,0.0,0
218,2018-12,5,US_Inflation,0.8476,1.0494,0.0,0
218,2018-12,6,US_Production,0.0415,0.0509,0.0,0
218,2018-12,7,US_Unemployment,0.3527,0.4629,0.0,0
219,2019-01,0,US_Economy,1.2265,3.0914,,1
219,2019-01,1,Copper,1.5469,1.506,0.0,0
219,2019-01,2,Oil,2.0435,2.2378,0.0,0
219,2019-01,3,SP500,0.7026,2.9895,0.0,0
219,2019-01,4,US10Y,1.1923,1.3342,0.0,0
219,2019-01,5,US_Inflation,0.561,0.8405,0.0,0
219,2019-01,6,US_Production,0.9665,0.8182,0.0,0
219,2019-01,7,US_Unemployment,0.1663,0.0774,0.0,0
220,2019-02,0,US_Economy,0.4489,0.6095,,0
220,2019-02,1,Copper,0.0422,0.0946,0.0,0
220,2019-02,2,Oil,0.5041,0.6887,0.0,0
220,2019-02,3,SP500,0.4336,0.5944,0.0,0
220,2019-02,4,US10Y,0.7768,0.7538,0.0,0
220,2019-02,5,US_Inflation,2.0959,2.7464,0.0,0
220,2019-02,6,US_Production,0.2112,0.2091,0.0,0
220,2019-02,7,US_Unemployment,1.406,1.4703,0.0,0
221,2019-03,0,US_Economy,0.3645,0.2417,,0
221,2019-03,1,Copper,0.827,0.8619,0.0,0
221,2019-03,2,Oil,0.3339,0.1404,0.0,0
221,2019-03,3,SP500,0.3765,0.2424,0.0,0
221,2019-03,4,US10Y,0.4472,0.3566,0.0,0
221,2019-03,5,US_Inflation,0.7122,0.4038,0.0,0
221,2019-03,6,US_Production,0.698,0.7655,0.0,0
221,2019-03,7,US_Unemployment,1.0537,1.0041,0.0,0
222,2019-04,0,US_Economy,0.0285,0.2667,,0
222,2019-04,1,Copper,0.0722,0.115,0.0,0
222,2019-04,2,Oil,0.0384,0.1209,0.0,0
222,2019-04,3,SP500,0.0965,0.2679,0.0,0
222,2019-04,4,US10Y,0.6135,0.5994,0.0,0
222,2019-04,5,US_Inflation,0.0785,0.1772,0.0,0
222,2019-04,6,US_Production,0.7775,0.6743,0.0,0
222,2019-04,7,US_Unemployment,0.5614,0.4808,0.0,0
223,2019-05,0,US_Economy,1.1648,1.7085,,0
223,2019-05,1,Copper,0.9759,0.944,0.0,0
223,2019-05,2,Oil,1.5992,2.0051,0.0,0
223,2019-05,3,SP500,1.1658,1.6438,0.0,0
223,2019-05,4,US10Y,0.6868,0.6467,0.0,0
223,2019-05,5,US_Inflation,3.3362,2.2414,0.0,1
223,2019-05,6,US_Production,0.9941,0.9786,0.0,0
223,2019-05,7,US_Unemployment,0.0589,0.037,0.0,0
224,2019-06,0,US_Economy,2.39,1.985,,0
224,2019-06,1,Copper,1.359,1.4255,0.0,0
224,2019-06,2,Oil,1.0716,1.9966,0.0,0
224,2019-06,3,SP500,2.4165,1.9354,0.0,0
224,2019-06,4,US10Y,1.3559,1.3922,0.0,0
224,2019-06,5,US_Inflation,0.0191,0.2159,0.0,0
224,2019-06,6,US_Production,0.1155,0.2301,0.0,0
224,2019-06,7,US_Unemployment,0.3472,0.4209,0.0,0
225,2019-07,0,US_Economy,0.4035,0.7035,,0
225,2019-07,1,Copper,0.4761,0.4791,0.0,0
225,2019-07,2,Oil,0.4256,0.5039,0.0,0
225,2019-07,3,SP500,0.4206,0.7008,0.0,0
225,2019-07,4,US10Y,2.215,2.5991,0.0,0
225,2019-07,5,US_Inflation,1.1764,1.4678,0.0,0
225,2019-07,6,US_Production,0.9745,0.9819,0.0,0
225,2019-07,7,US_Unemployment,0.5449,0.6261,0.0,0
226,2019-08,0,US_Economy,0.4669,0.3716,,0
226,2019-08,1,Copper,0.2511,0.2911,0.0,0
226,2019-08,2,Oil,0.7335,0.3924,0.0,0
226,2019-08,3,SP500,0.4732,0.3654,0.0,0
226,2019-08,4,US10Y,2.8645,2.6062,0.0,0
226,2019-08,5,US_Inflation,0.6817,0.7559,0.0,0
226,2019-08,6,US_Production,2.1645,2.601,0.0,0
226,2019-08,7,US_Unemployment,1.4375,1.5213,0.0,0
227,2019-09,0,US_Economy,2.181,0.483,,0
227,2019-09,1,Copper,0.5386,0.4638,0.0,0
227,2019-09,2,Oil,0.9159,0.3727,0.0,0
227,2019-09,3,SP500,2.1054,0.4806,0.0,0
227,2019-09,4,US10Y,2.2172,2.6975,0.0,0
227,2019-09,5,US_Inflation,0.4476,0.343,0.0,0
227,2019-09,6,US_Production,2.1984,1.8186,0.0,0
227,2019-09,7,US_Unemployment,0.0074,0.0556,0.0,0
228,2019-10,0,US_Economy,0.1259,0.0277,,0
228,2019-10,1,Copper,0.648,0.5456,0.0,0
228,2019-10,2,Oil,0.2184,0.071,0.0,0
228,2019-10,3,SP500,0.13,0.0305,0.0,0
228,2019-10,4,US10Y,0.16,0.2303,0.0,0
228,2019-10,5,US_Inflation,0.7801,0.6559,0.0,0
228,2019-10,6,US_Production,0.5351,0.7694,0.0,0
228,2019-10,7,US_Unemployment,1.4037,1.3587,0.0,0
229,2019-11,0,US_Economy,0.1075,0.098,,0
229,2019-11,1,Copper,0.5689,0.5723,0.0,0
229,2019-11,2,Oil,0.4856,0.1601,0.0,0
229,2019-11,3,SP500,0.1286,0.0887,0.0,0
229,2019-11,4,US10Y,0.5544,0.413,0.0,0
229,2019-11,5,US_Inflation,0.1224,0.0232,0.0,0
229,2019-11,6,US_Production,1.7315,2.2448,0.0,0
229,2019-11,7,US_Unemployment,0.6844,0.6794,0.0,0
230,2019-12,0,US_Economy,0.2523,0.0934,,0
230,2019-12,1,Copper,0.0355,0.0014,0.0,0
230,2019-12,2,Oil,0.3999,0.2838,0.0,0
230,2019-12,3,SP500,0.2572,0.0816,0.0,0
230,2019-12,4,US10Y,0.1719,0.2513,0.0,0
230,2019-12,5,US_Inflation,0.0604,0.1015,0.0,0
230,2019-12,6,US_Production,1.445,1.0396,0.0,0
230,2019-12,7,US_Unemployment,0.0636,0.0,0.0,0
231,2020-01,0,US_Economy,0.701,0.6108,,0
231,2020-01,1,Copper,0.8721,0.8169,0.0,0
231,2020-01,2,Oil,0.9965,0.5299,0.0,0
231,2020-01,3,SP500,0.6958,0.6081,0.0,0
231,2020-01,4,US10Y,0.7685,0.7785,0.0,0
231,2020-01,5,US_Inflation,0.6558,0.647,0.0,0
231,2020-01,6,US_Production,0.3186,0.5212,0.0,0
231,2020-01,7,US_Unemployment,0.0077,0.0578,0.0,0
232,2020-02,0,US_Economy,2.4987,1.5032,,0
232,2020-02,1,Copper,1.2758,1.2164,0.0,0
232,2020-02,2,Oil,1.1692,0.3334,0.0,0
232,2020-02,3,SP500,2.4695,1.5539,0.0,0
232,2020-02,4,US10Y,0.7054,0.7039,0.0,0
232,2020-02,5,US_Inflation,0.7959,0.9431,0.0,0
232,2020-02,6,US_Production,1.2291,1.3128,0.0,0
232,2020-02,7,US_Unemployment,0.6918,0.6361,0.0,0
233,2020-03,0,US_Economy,0.2951,0.3707,,0
233,2020-03,1,Copper,0.077,0.0991,0.0,0
233,2020-03,2,Oil,1.3211,1.1771,0.0,0
233,2020-03,3,SP500,0.3117,0.3992,0.0,0
233,2020-03,4,US10Y,1.3828,1.512,0.0,0
233,2020-03,5,US_Inflation,2.2217,3.2643,0.0,1
233,2020-03,6,US_Production,8.0406,5.3827,0.0,1
233,2020-03,7,US_Unemployment,8.6191,8.3522,0.0,1
234,2020-04,0,US_Economy,1.2207,3.9293,,1
234,2020-04,1,Copper,1.484,1.3734,0.0,0
234,2020-04,2,Oil,6.8235,3.7548,0.0,1
234,2020-04,3,SP500,1.2817,4.2103,0.0,1
234,2020-04,4,US10Y,1.5137,1.843,0.0,0
234,2020-04,5,US_Inflation,0.4091,1.3755,0.0,0
234,2020-04,6,US_Production,1.0588,5.9387,0.0,1
234,2020-04,7,US_Unemployment,16.6725,31.6743,0.0,1
235,2020-05,0,US_Economy,0.2898,0.6167,,0
235,2020-05,1,Copper,1.7843,1.8448,0.0,0
235,2020-05,2,Oil,1.0177,4.5823,0.0,1
235,2020-05,3,SP500,0.3429,0.8009,0.0,0
235,2020-05,4,US10Y,0.9917,0.8322,0.0,0
235,2020-05,5,US_Inflation,1.8658,3.863,0.0,1
235,2020-05,6,US_Production,1.2309,5.5087,0.0,1
235,2020-05,7,US_Unemployment,1.1885,4.9198,0.0,1
236,2020-06,0,US_Economy,0.3351,0.448,,0
236,2020-06,1,Copper,1.4202,1.2124,0.0,0
236,2020-06,2,Oil,0.0702,0.9932,0.0,0
236,2020-06,3,SP500,0.337,0.3998,0.0,0
236,2020-06,4,US10Y,0.2603,0.1334,0.0,0
236,2020-06,5,US_Inflation,2.417,2.0057,0.0,0
236,2020-06,6,US_Production,2.0456,0.8162,0.0,0
236,2020-06,7,US_Unemployment,0.4709,0.1073,0.0,0
237,2020-07,0,US_Economy,0.4526,0.5371,,0
237,2020-07,1,Copper,0.9789,1.1407,0.0,0
237,2020-07,2,Oil,0.1097,0.1764,0.0,0
237,2020-07,3,SP500,0.5131,0.536,0.0,0
237,2020-07,4,US10Y,0.7254,0.7225,0.0,0
237,2020-07,5,US_Inflation,0.1277,0.0474,0.0,0
237,2020-07,6,US_Production,0.0595,0.5145,0.0,0
237,2020-07,7,US_Unemployment,0.0943,0.3575,0.0,0
238,2020-08,0,US_Economy,0.0763,0.1986,,0
238,2020-08,1,Copper,0.1589,0.1422,0.0,0
238,2020-08,2,Oil,0.3948,0.0835,0.0,0
238,2020-08,3,SP500,0.0827,0.2029,0.0,0
238,2020-08,4,US10Y,0.7192,0.5475,0.0,0
238,2020-08,5,US_Inflation,0.6292,0.4877,0.0,0
238,2020-08,6,US_Production,0.2469,0.5412,0.0,0
238,2020-08,7,US_Unemployment,0.7542,0.2079,0.0,0
239,2020-09,0,US_Economy,0.804,1.7777,,0
239,2020-09,1,Copper,1.501,1.5635,0.0,0
239,2020-09,2,Oil,0.129,0.3449,0.0,0
239,2020-09,3,SP500,0.8184,1.6852,0.0,0
239,2020-09,4,US10Y,0.1014,0.1579,0.0,0
239,2020-09,5,US_Inflation,0.6951,0.4132,0.0,0
239,2020-09,6,US_Production,0.1686,0.1774,0.0,0
239,2020-09,7,US_Unemployment,0.0945,0.301,0.0,0
240,2020-10,0,US_Economy,0.777,0.2371,,0
240,2020-10,1,Copper,0.2134,0.191,0.0,0
240,2020-10,2,Oil,0.44,0.1215,0.0,0
240,2020-10,3,SP500,0.7727,0.2364,0.0,0
240,2020-10,4,US10Y,0.5554,0.4189,0.0,0
240,2020-10,5,US_Inflation,0.6821,0.4576,0.0,0
240,2020-10,6,US_Production,0.62,0.1385,0.0,0
240,2020-10,7,US_Unemployment,0.4373,0.0578,0.0,0
241,2020-11,0,US_Economy,25.1994,1.88,,1
241,2020-11,1,Copper,0.0517,0.054,0.0,0
241,2020-11,2,Oil,0.9429,0.3115,0.0,0
241,2020-11,3,SP500,26.1481,1.8027,0.0,1
241,2020-11,4,US10Y,0.1676,0.1923,0.0,0
241,2020-11,5,US_Inflation,0.7284,0.3625,0.0,0
241,2020-11,6,US_Production,0.0262,0.1074,0.0,0
241,2020-11,7,US_Unemployment,0.0533,0.1751,0.0,0
242,2020-12,0,US_Economy,0.3232,0.8034,,0
242,2020-12,1,Copper,3.5686,3.2614,0.0,1
242,2020-12,2,Oil,1.9589,0.8424,0.0,0
242,2020-12,3,SP500,0.3282,0.8386,0.0,0
242,2020-12,4,US10Y,0.0553,0.0926,0.0,0
242,2020-12,5,US_Inflation,1.3417,0.657,0.0,0
242,2020-12,6,US_Production,0.8564,0.181,0.0,0
242,2020-12,7,US_Unemployment,0.1341,0.0484,0.0,0
243,2021-01,0,US_Economy,0.3552,0.6761,,0
243,2021-01,1,Copper,1.7849,2.3162,0.0,0
243,2021-01,2,Oil,0.0381,0.6478,0.0,0
243,2021-01,3,SP500,0.3564,0.618,0.0,0
243,2021-01,4,US10Y,0.5827,0.4513,0.0,0
243,2021-01,5,US_Inflation,0.9129,0.6124,0.0,0
243,2021-01,6,US_Production,0.1246,0.1688,0.0,0
243,2021-01,7,US_Unemployment,0.4822,0.067,0.0,0
244,2021-02,0,US_Economy,0.0467,0.4992,,0
244,2021-02,1,Copper,2.1561,1.9589,0.0,0
244,2021-02,2,Oil,0.4475,0.3169,0.0,0
244,2021-02,3,SP500,0.0838,0.4817,0.0,0
244,2021-02,4,US10Y,0.0947,0.0474,0.0,0
244,2021-02,5,US_Inflation,0.6433,0.2752,0.0,0
244,2021-02,6,US_Production,2.203,0.7372,0.0,0
244,2021-02,7,US_Unemployment,0.2114,0.0279,0.0,0
245,2021-03,0,US_Economy,0.2972,0.0988,,0
245,2021-03,1,Copper,2.0096,2.5375,0.0,0
245,2021-03,2,Oil,0.2516,0.8203,0.0,0
245,2021-03,3,SP500,0.2974,0.1197,0.0,0
245,2021-03,4,US10Y,0.805,0.7185,0.0,0
245,2021-03,5,US_Inflation,1.2647,0.4961,0.0,0
245,2021-03,6,US_Production,1.098,1.181,0.0,0
245,2021-03,7,US_Unemployment,0.2161,0.0242,0.0,0
246,2021-04,0,US_Economy,0.3172,0.0235,,0
246,2021-04,1,Copper,1.8648,1.8258,0.0,0
246,2021-04,2,Oil,2.414,0.4316,0.0,0
246,2021-04,3,SP500,0.3238,0.008,0.0,0
246,2021-04,4,US10Y,2.7849,2.8322,0.0,0
246,2021-04,5,US_Inflation,0.281,0.0764,0.0,0
246,2021-04,6,US_Production,0.4553,0.576,0.0,0
246,2021-04,7,US_Unemployment,0.1737,0.041,0.0,0
247,2021-05,0,US_Economy,0.3875,0.8925,,0
247,2021-05,1,Copper,0.9216,0.9475,0.0,0
247,2021-05,2,Oil,0.4488,0.2967,0.0,0
247,2021-05,3,SP500,0.39,0.8613,0.0,0
247,2021-05,4,US10Y,0.5924,0.4923,0.0,0
247,2021-05,5,US_Inflation,0.1601,0.2804,0.0,0
247,2021-05,6,US_Production,0.4576,0.0796,0.0,0
247,2021-05,7,US_Unemployment,0.4687,0.1656,0.0,0
248,2021-06,0,US_Economy,0.2452,0.4143,,0
248,2021-06,1,Copper,1.8684,1.71,0.0,0
248,2021-06,2,Oil,0.0625,0.7483,0.0,0
248,2021-06,3,SP500,0.2515,0.3921,0.0,0
248,2021-06,4,US10Y,0.7691,0.5982,0.0,0
248,2021-06,5,US_Inflation,0.5533,0.6537,0.0,0
248,2021-06,6,US_Production,0.191,0.1699,0.0,0
248,2021-06,7,US_Unemployment,1.0514,0.4328,0.0,0
249,2021-07,0,US_Economy,0.3291,0.032,,0
249,2021-07,1,Copper,1.3055,1.642,0.0,0
249,2021-07,2,Oil,0.6315,1.0422,0.0,0
249,2021-07,3,SP500,0.3289,0.0062,0.0,0
249,2021-07,4,US10Y,0.7946,0.6659,0.0,0
249,2021-07,5,US_Inflation,1.7363,3.1387,0.0,1
249,2021-07,6,US_Production,0.3385,0.2179,0.0,0
249,2021-07,7,US_Unemployment,1.6159,1.2327,0.0,0
250,2021-08,0,US_Economy,0.3029,0.1716,,0
250,2021-08,1,Copper,0.5427,0.4489,0.0,0
250,2021-08,2,Oil,0.3814,0.0633,0.0,0
250,2021-08,3,SP500,0.3065,0.1787,0.0,0
250,2021-08,4,US10Y,1.3938,1.346,0.0,0
250,2021-08,5,US_Inflation,1.1822,1.0072,0.0,0
250,2021-08,6,US_Production,0.3258,0.175,0.0,0
250,2021-08,7,US_Unemployment,0.4781,0.3117,0.0,0
251,2021-09,0,US_Economy,0.495,1.6607,,0
251,2021-09,1,Copper,1.1281,0.8936,0.0,0
251,2021-09,2,Oil,0.1498,0.1851,0.0,0
251,2021-09,3,SP500,0.4942,1.6752,0.0,0
251,2021-09,4,US10Y,1.2977,1.0736,0.0,0
251,2021-09,5,US_Inflation,1.2747,1.0004,0.0,0
251,2021-09,6,US_Production,0.2837,0.3893,0.0,0
251,2021-09,7,US_Unemployment,0.5299,0.4795,0.0,0
252,2021-10,0,US_Economy,0.1236,2.7031,,0
252,2021-10,1,Copper,1.3537,1.644,0.0,0
252,2021-10,2,Oil,0.4555,1.0615,0.0,0
252,2021-10,3,SP500,0.0785,2.6513,0.0,0
252,2021-10,4,US10Y,0.9217,0.8712,0.0,0
252,2021-10,5,US_Inflation,3.0592,2.7968,0.0,1
252,2021-10,6,US_Production,1.0692,1.1518,0.0,0
252,2021-10,7,US_Unemployment,0.6056,0.5374,0.0,0
253,2021-11,0,US_Economy,0.4454,1.6187,,0
253,2021-11,1,Copper,0.8748,0.8574,0.0,0
253,2021-11,2,Oil,1.627,3.8648,0.0,1
253,2021-11,3,SP500,0.4384,1.5166,0.0,0
253,2021-11,4,US10Y,1.7842,1.7741,0.0,0
253,2021-11,5,US_Inflation,0.6682,0.7788,0.0,0
253,2021-11,6,US_Production,0.0904,0.2928,0.0,0
253,2021-11,7,US_Unemployment,0.9796,0.7821,0.0,0
254,2021-12,0,US_Economy,5.0711,1.27,,1
254,2021-12,1,Copper,0.6068,0.5813,0.0,0
254,2021-12,2,Oil,0.4057,2.7553,0.0,0
254,2021-12,3,SP500,3.1981,1.1834,0.0,1
254,2021-12,4,US10Y,0.5433,0.4122,0.0,0
254,2021-12,5,US_Inflation,0.7976,0.9709,0.0,0
254,2021-12,6,US_Production,0.4567,0.4205,0.0,0
254,2021-12,7,US_Unemployment,0.7553,0.7926,0.0,0
255,2022-01,0,US_Economy,0.968,1.8707,,0
255,2022-01,1,Copper,0.6926,0.6122,0.0,0
255,2022-01,2,Oil,0.1207,0.3456,0.0,0
255,2022-01,3,SP500,1.1686,1.9611,0.0,0
255,2022-01,4,US10Y,2.9561,2.6069,0.0,0
255,2022-01,5,US_Inflation,0.5146,0.4769,0.0,0
255,2022-01,6,US_Production,0.2788,0.0156,0.0,0
255,2022-01,7,US_Unemployment,1.3604,1.1585,0.0,0
256,2022-02,0,US_Economy,0.1081,0.4543,,0
256,2022-02,1,Copper,0.6321,0.5992,0.0,0
256,2022-02,2,Oil,0.4914,0.5137,0.0,0
256,2022-02,3,SP500,0.0638,0.4852,0.0,0
256,2022-02,4,US10Y,0.6722,0.7136,0.0,0
256,2022-02,5,US_Inflation,0.0506,0.2846,0.0,0
256,2022-02,6,US_Production,0.7851,0.4574,0.0,0
256,2022-02,7,US_Unemployment,0.8238,0.8584,0.0,0
257,2022-03,0,US_Economy,2.0715,1.1891,,0
257,2022-03,1,Copper,0.5238,0.4521,0.0,0
257,2022-03,2,Oil,0.4121,0.2394,0.0,0
257,2022-03,3,SP500,2.1585,1.2268,0.0,0
257,2022-03,4,US10Y,0.1165,0.1641,0.0,0
257,2022-03,5,US_Inflation,1.2059,1.8775,0.0,0
257,2022-03,6,US_Production,0.0334,0.1719,0.0,0
257,2022-03,7,US_Unemployment,0.4521,0.3893,0.0,0
258,2022-04,0,US_Economy,1.1681,1.9979,,0
258,2022-04,1,Copper,1.5414,1.6158,0.0,0
258,2022-04,2,Oil,0.3136,0.063,0.0,0
258,2022-04,3,SP500,1.3972,2.03,0.0,0
258,2022-04,4,US10Y,2.2027,2.3874,0.0,0
258,2022-04,5,US_Inflation,2.0644,3.6313,0.0,1
258,2022-04,6,US_Production,0.628,0.2946,0.0,0
258,2022-04,7,US_Unemployment,0.8513,0.7487,0.0,0
259,2022-05,0,US_Economy,0.0635,1.4034,,0
259,2022-05,1,Copper,0.9539,0.9796,0.0,0
259,2022-05,2,Oil,0.6581,0.3883,0.0,0
259,2022-05,3,SP500,0.2191,1.4385,0.0,0
259,2022-05,4,US10Y,1.9743,2.7091,0.0,0
259,2022-05,5,US_Inflation,3.8484,2.0195,0.0,1
259,2022-05,6,US_Production,0.041,0.1509,0.0,0
259,2022-05,7,US_Unemployment,0.3818,0.3536,0.0,0
260,2022-06,0,US_Economy,1.6573,1.0181,,0
260,2022-06,1,Copper,1.8261,1.5253,0.0,0
260,2022-06,2,Oil,0.2803,0.1137,0.0,0
260,2022-06,3,SP500,2.0684,1.0382,0.0,0
260,2022-06,4,US10Y,0.2737,0.3172,0.0,0
260,2022-06,5,US_Inflation,0.1835,0.7746,0.0,0
260,2022-06,6,US_Production,0.0235,0.1354,0.0,0
260,2022-06,7,US_Unemployment,0.2972,0.3083,0.0,0
261,2022-07,0,US_Economy,0.5168,2.0538,,0
261,2022-07,1,Copper,1.0027,1.2893,0.0,0
261,2022-07,2,Oil,1.9373,0.6794,0.0,0
261,2022-07,3,SP500,0.7549,2.1135,0.0,0
261,2022-07,4,US10Y,2.2238,2.1352,0.0,0
261,2022-07,5,US_Inflation,1.771,3.4534,0.0,1
261,2022-07,6,US_Production,0.89,0.6192,0.0,0
261,2022-07,7,US_Unemployment,0.4002,0.3719,0.0,0
262,2022-08,0,US_Economy,0.6719,1.3474,,0
262,2022-08,1,Copper,0.2996,0.2057,0.0,0
262,2022-08,2,Oil,0.2117,0.1134,0.0,0
262,2022-08,3,SP500,0.6554,1.3539,0.0,0
262,2022-08,4,US10Y,0.8487,0.8836,0.0,0
262,2022-08,5,US_Inflation,0.0587,0.2223,0.0,0
262,2022-08,6,US_Production,0.324,0.329,0.0,0
262,2022-08,7,US_Unemployment,0.9522,0.9535,0.0,0
263,2022-09,0,US_Economy,0.825,0.3901,,0
263,2022-09,1,Copper,0.0645,0.0126,0.0,0
263,2022-09,2,Oil,0.0167,0.0205,0.0,0
263,2022-09,3,SP500,0.8867,0.396,0.0,0
263,2022-09,4,US10Y,2.6381,2.2009,0.0,0
263,2022-09,5,US_Inflation,0.5914,0.7407,0.0,0
263,2022-09,6,US_Production,0.6134,0.3388,0.0,0
263,2022-09,7,US_Unemployment,1.1715,1.3348,0.0,0
264,2022-10,0,US_Economy,0.3854,1.6288,,0
264,2022-10,1,Copper,0.1339,0.0513,0.0,0
264,2022-10,2,Oil,1.8819,1.5804,0.0,0
264,2022-10,3,SP500,0.5896,1.5953,0.0,0
264,2022-10,4,US10Y,0.5686,0.6236,0.0,0
264,2022-10,5,US_Inflation,0.115,0.2636,0.0,0
264,2022-10,6,US_Production,0.3948,0.3951,0.0,0
264,2022-10,7,US_Unemployment,0.9298,0.9555,0.0,0
265,2022-11,0,US_Economy,0.3032,0.2083,,0
265,2022-11,1,Copper,1.1729,0.9783,0.0,0
265,2022-11,2,Oil,0.9993,1.0504,0.0,0
265,2022-11,3,SP500,0.2139,0.1774,0.0,0
265,2022-11,4,US10Y,1.4876,1.7239,0.0,0
265,2022-11,5,US_Inflation,0.9639,0.5378,0.0,0
265,2022-11,6,US_Production,0.1978,0.2837,0.0,0
265,2022-11,7,US_Unemployment,0.6417,0.6825,0.0,0
266,2022-12,0,US_Economy,0.705,1.0939,,0
266,2022-12,1,Copper,0.6403,0.7316,0.0,0
266,2022-12,2,Oil,1.2262,0.4562,0.0,0
266,2022-12,3,SP500,0.7072,1.1049,0.0,0
266,2022-12,4,US10Y,0.6692,0.4815,0.0,0
266,2022-12,5,US_Inflation,1.1068,0.4008,0.0,0
266,2022-12,6,US_Production,1.2672,1.6608,0.0,0
266,2022-12,7,US_Unemployment,0.795,0.7628,0.0,0
267,2023-01,0,US_Economy,1.138,1.1862,,0
267,2023-01,1,Copper,0.1646,0.1804,0.0,0
267,2023-01,2,Oil,0.1917,0.1469,0.0,0
267,2023-01,3,SP500,1.2773,1.1753,0.0,0
267,2023-01,4,US10Y,0.4298,0.5348,0.0,0
267,2023-01,5,US_Inflation,1.0297,1.1285,0.0,0
267,2023-01,6,US_Production,2.7658,4.2099,0.0,1
267,2023-01,7,US_Unemployment,0.4682,0.5374,0.0,0
268,2023-02,0,US_Economy,0.5508,0.8776,,0
268,2023-02,1,Copper,0.9566,0.7706,0.0,0
268,2023-02,2,Oil,0.9223,0.2987,0.0,0
268,2023-02,3,SP500,0.5254,0.8737,0.0,0
268,2023-02,4,US10Y,1.0384,0.9749,0.0,0
268,2023-02,5,US_Inflation,0.6507,0.3482,0.0,0
268,2023-02,6,US_Production,1.2205,0.9542,0.0,0
268,2023-02,7,US_Unemployment,0.6249,0.7233,0.0,0
269,2023-03,0,US_Economy,3.5986,0.5395,,1
269,2023-03,1,Copper,0.7396,0.8168,0.0,0
269,2023-03,2,Oil,1.1002,0.3869,0.0,0
269,2023-03,3,SP500,3.6208,0.5375,0.0,1
269,2023-03,4,US10Y,0.9609,0.8693,0.0,0
269,2023-03,5,US_Inflation,0.9185,0.368,0.0,0
269,2023-03,6,US_Production,0.8108,0.4061,0.0,0
269,2023-03,7,US_Unemployment,1.4202,1.5428,0.0,0
270,2023-04,0,US_Economy,0.266,0.1646,,0
270,2023-04,1,Copper,0.6638,0.5853,0.0,0
270,2023-04,2,Oil,1.3534,0.4229,0.0,0
270,2023-04,3,SP500,0.2469,0.1728,0.0,0
270,2023-04,4,US10Y,0.3745,0.2311,0.0,0
270,2023-04,5,US_Inflation,0.522,0.5768,0.0,0
270,2023-04,6,US_Production,0.1836,0.1846,0.0,0
270,2023-04,7,US_Unemployment,0.1252,0.0556,0.0,0
271,2023-05,0,US_Economy,0.3377,0.2337,,0
271,2023-05,1,Copper,0.02,0.0424,0.0,0
271,2023-05,2,Oil,2.0904,1.3403,0.0,0
271,2023-05,3,SP500,0.3013,0.2105,0.0,0
271,2023-05,4,US10Y,1.0276,1.0912,0.0,0
271,2023-05,5,US_Inflation,0.7904,0.3848,0.0,0
271,2023-05,6,US_Production,1.2465,0.8358,0.0,0
271,2023-05,7,US_Unemployment,2.3394,2.2312,0.0,0
272,2023-06,0,US_Economy,0.7201,0.6692,,0
272,2023-06,1,Copper,1.1366,1.1793,0.0,0
272,2023-06,2,Oil,1.2576,1.5926,0.0,0
272,2023-06,3,SP500,0.6925,0.6418,0.0,0
272,2023-06,4,US10Y,0.1534,0.2167,0.0,0
272,2023-06,5,US_Inflation,0.3782,0.2884,0.0,0
272,2023-06,6,US_Production,0.562,0.6648,0.0,0
272,2023-06,7,US_Unemployment,1.2681,1.4171,0.0,0
273,2023-07,0,US_Economy,0.4772,0.4356,,0
273,2023-07,1,Copper,0.423,0.3034,0.0,0
273,2023-07,2,Oil,1.1006,1.0339,0.0,0
273,2023-07,3,SP500,0.4847,0.464,0.0,0
273,2023-07,4,US10Y,0.1455,0.074,0.0,0
273,2023-07,5,US_Inflation,0.0393,0.128,0.0,0
273,2023-07,6,US_Production,2.2348,2.2996,0.0,0
273,2023-07,7,US_Unemployment,0.655,0.5941,0.0,0
274,2023-08,0,US_Economy,0.5962,0.6091,,0
274,2023-08,1,Copper,2.2499,2.3843,0.0,0
274,2023-08,2,Oil,0.7473,1.3399,0.0,0
274,2023-08,3,SP500,0.6101,0.5846,0.0,0
274,2023-08,4,US10Y,0.2152,0.2853,0.0,0
274,2023-08,5,US_Inflation,1.4394,1.1195,0.0,0
274,2023-08,6,US_Production,1.3967,1.0824,0.0,0
274,2023-08,7,US_Unemployment,1.8517,1.7823,0.0,0
275,2023-09,0,US_Economy,5.6892,0.4381,,1
275,2023-09,1,Copper,0.6621,0.7415,0.0,0
275,2023-09,2,Oil,0.6131,0.5138,0.0,0
275,2023-09,3,SP500,40.8541,0.4577,0.0,1
275,2023-09,4,US10Y,0.3291,0.2735,0.0,0
275,2023-09,5,US_Inflation,0.4062,0.5014,0.0,0
275,2023-09,6,US_Production,0.5728,0.2821,0.0,0
275,2023-09,7,US_Unemployment,1.0465,1.1569,0.0,0
276,2023-10,0,US_Economy,0.2048,0.3214,,0
276,2023-10,1,Copper,0.1611,0.1695,0.0,0
276,2023-10,2,Oil,0.8184,0.9916,0.0,0
276,2023-10,3,SP500,0.2935,0.3564,0.0,0
276,2023-10,4,US10Y,0.9714,1.0087,0.0,0
276,2023-10,5,US_Inflation,1.1631,1.0698,0.0,0
276,2023-10,6,US_Production,1.1526,0.8482,0.0,0
276,2023-10,7,US_Unemployment,0.9766,1.0643,0.0,0
277,2023-11,0,US_Economy,7.5282,1.8943,,1
277,2023-11,1,Copper,0.4155,0.3877,0.0,0
277,2023-11,2,Oil,3.8582,1.8908,0.0,1
277,2023-11,3,SP500,1.2423,1.9623,0.0,0
277,2023-11,4,US10Y,2.5695,2.8949,0.0,0
277,2023-11,5,US_Inflation,0.2659,0.1835,0.0,0
277,2023-11,6,US_Production,1.3113,1.1173,0.0,0
277,2023-11,7,US_Unemployment,2.008,2.2674,0.0,0
278,2023-12,0,US_Economy,0.2666,0.607,,0
278,2023-12,1,Copper,0.1782,0.1401,0.0,0
278,2023-12,2,Oil,0.5113,1.4444,0.0,0
278,2023-12,3,SP500,0.1689,0.643,0.0,0
278,2023-12,4,US10Y,0.6298,0.5782,0.0,0
278,2023-12,5,US_Inflation,0.3403,0.2408,0.0,0
278,2023-12,6,US_Production,1.1734,0.7727,0.0,0
278,2023-12,7,US_Unemployment,1.755,1.4974,0.0,0
279,2024-01,0,US_Economy,0.2783,0.5957,,0
279,2024-01,1,Copper,0.1457,0.1184,0.0,0
279,2024-01,2,Oil,1.6851,1.075,0.0,0
279,2024-01,3,SP500,0.1643,0.6254,0.0,0
279,2024-01,4,US10Y,1.6683,1.9125,0.0,0
279,2024-01,5,US_Inflation,0.6286,0.4781,0.0,0
279,2024-01,6,US_Production,1.1861,1.3225,0.0,0
279,2024-01,7,US_Unemployment,0.9872,0.9558,0.0,0
