t_idx,time_label,node_idx,node_label,fk_echo_impact
0,2000-10,0,00_Copper,-0.0046
0,2000-10,1,01_Oil,0.336
0,2000-10,2,02_SP500,11.109
0,2000-10,3,03_US10Y,-0.0045
0,2000-10,4,04_US_Economy,-75.0512
0,2000-10,5,05_US_Inflation,-0.09
0,2000-10,6,06_US_Production,-0.1183
0,2000-10,7,07_US_Unemployment,0.03
1,2000-11,0,00_Copper,-0.0112
1,2000-11,1,01_Oil,0.441
1,2000-11,2,02_SP500,-16.101
1,2000-11,3,03_US10Y,0.006
1,2000-11,4,04_US_Economy,104.0474
1,2000-11,5,05_US_Inflation,-0.0
1,2000-11,6,06_US_Production,0.0581
1,2000-11,7,07_US_Unemployment,0.0
2,2000-12,0,00_Copper,0.012
2,2000-12,1,01_Oil,-1.491
2,2000-12,2,02_SP500,17.967
2,2000-12,3,03_US10Y,-0.069
2,2000-12,4,04_US_Economy,-109.232
2,2000-12,5,05_US_Inflation,0.015
2,2000-12,6,06_US_Production,-0.0492
2,2000-12,7,07_US_Unemployment,0.0
3,2001-01,0,00_Copper,-0.0005
3,2001-01,1,01_Oil,1.335
3,2001-01,2,02_SP500,6.06
3,2001-01,3,03_US10Y,0.06
3,2001-01,4,04_US_Economy,-50.4592
3,2001-01,5,05_US_Inflation,0.09
3,2001-01,6,06_US_Production,-0.0206
3,2001-01,7,07_US_Unemployment,0.045
4,2001-02,0,00_Copper,-0.0061
4,2001-02,1,01_Oil,-0.477
4,2001-02,2,02_SP500,-25.77
4,2001-02,3,03_US10Y,0.003
4,2001-02,4,04_US_Economy,176.0597
4,2001-02,5,05_US_Inflation,-0.09
4,2001-02,6,06_US_Production,-0.0239
4,2001-02,7,07_US_Unemployment,-0.045
5,2001-03,0,00_Copper,-0.002
5,2001-03,1,01_Oil,0.039
5,2001-03,2,02_SP500,6.969
5,2001-03,3,03_US10Y,-0.0225
5,2001-03,4,04_US_Economy,-46.7685
5,2001-03,5,05_US_Inflation,-0.045
5,2001-03,6,06_US_Production,0.0617
5,2001-03,7,07_US_Unemployment,0.015
6,2001-04,0,00_Copper,0.0077
6,2001-04,1,01_Oil,0.153
6,2001-04,2,02_SP500,25.311
6,2001-04,3,03_US10Y,0.069
6,2001-04,4,04_US_Economy,-170.3316
6,2001-04,5,05_US_Inflation,0.03
6,2001-04,6,06_US_Production,-0.021
6,2001-04,7,07_US_Unemployment,0.0
7,2001-05,0,00_Copper,-0.001
7,2001-05,1,01_Oil,0.2955
7,2001-05,2,02_SP500,-12.4155
7,2001-05,3,03_US10Y,0.0
7,2001-05,4,04_US_Economy,80.513
7,2001-05,5,05_US_Inflation,0.09
7,2001-05,6,06_US_Production,-0.016
7,2001-05,7,07_US_Unemployment,-0.03
8,2001-06,0,00_Copper,-0.0061
8,2001-06,1,01_Oil,-0.6135
8,2001-06,2,02_SP500,-5.67
8,2001-06,3,03_US10Y,-0.054
8,2001-06,4,04_US_Economy,42.5344
8,2001-06,5,05_US_Inflation,-0.075
8,2001-06,6,06_US_Production,-0.0065
8,2001-06,7,07_US_Unemployment,0.045
9,2001-07,0,00_Copper,0.0071
9,2001-07,1,01_Oil,0.318
9,2001-07,2,02_SP500,2.7435
9,2001-07,3,03_US10Y,0.0105
9,2001-07,4,04_US_Economy,-19.6289
9,2001-07,5,05_US_Inflation,-0.105
9,2001-07,6,06_US_Production,-0.0148
9,2001-07,7,07_US_Unemployment,-0.015
10,2001-08,0,00_Copper,-0.0039
10,2001-08,1,01_Oil,0.1425
10,2001-08,2,02_SP500,-9.675
10,2001-08,3,03_US10Y,-0.0345
10,2001-08,4,04_US_Economy,62.8329
10,2001-08,5,05_US_Inflation,0.045
10,2001-08,6,06_US_Production,0.071
10,2001-08,7,07_US_Unemployment,0.03
11,2001-09,0,00_Copper,-0.001
11,2001-09,1,01_Oil,-0.708
11,2001-09,2,02_SP500,-2.2485
11,2001-09,3,03_US10Y,0.0045
11,2001-09,4,04_US_Economy,19.5358
11,2001-09,5,05_US_Inflation,0.105
11,2001-09,6,06_US_Production,-0.0524
11,2001-09,7,07_US_Unemployment,-0.03
12,2001-10,0,00_Copper,0.0013
12,2001-10,1,01_Oil,0.228
12,2001-10,2,02_SP500,16.722
12,2001-10,3,03_US10Y,0.012
12,2001-10,4,04_US_Economy,-112.2971
12,2001-10,5,05_US_Inflation,-0.18
12,2001-10,6,06_US_Production,0.0313
12,2001-10,7,07_US_Unemployment,0.03
13,2001-11,0,00_Copper,0.0186
13,2001-11,1,01_Oil,0.0765
13,2001-11,2,02_SP500,9.1245
13,2001-11,3,03_US10Y,0.036
13,2001-11,4,04_US_Economy,-61.7119
13,2001-11,5,05_US_Inflation,0.06
13,2001-11,6,06_US_Production,-0.0438
13,2001-11,7,07_US_Unemployment,-0.015
14,2001-12,0,00_Copper,-0.0254
14,2001-12,1,01_Oil,0.321
14,2001-12,2,02_SP500,-10.656
14,2001-12,3,03_US10Y,0.054
14,2001-12,4,04_US_Economy,68.2113
14,2001-12,5,05_US_Inflation,0.0
14,2001-12,6,06_US_Production,0.0746
14,2001-12,7,07_US_Unemployment,0.0
15,2002-01,0,00_Copper,0.022
15,2002-01,1,01_Oil,-0.114
15,2002-01,2,02_SP500,-3.9765
15,2002-01,3,03_US10Y,-0.0735
15,2002-01,4,04_US_Economy,26.7907
15,2002-01,5,05_US_Inflation,0.06
15,2002-01,6,06_US_Production,0.0934
15,2002-01,7,07_US_Unemployment,-0.03
16,2002-02,0,00_Copper,-0.0141
16,2002-02,1,01_Oil,0.4095
16,2002-02,2,02_SP500,-0.8385
16,2002-02,3,03_US10Y,-0.012
16,2002-02,4,04_US_Economy,3.609
16,2002-02,5,05_US_Inflation,0.0
16,2002-02,6,06_US_Production,-0.0863
16,2002-02,7,07_US_Unemployment,0.0
17,2002-03,0,00_Copper,0.0095
17,2002-03,1,01_Oil,0.3015
17,2002-03,2,02_SP500,9.6195
17,2002-03,3,03_US10Y,0.075
17,2002-03,4,04_US_Economy,-67.5336
17,2002-03,5,05_US_Inflation,0.03
17,2002-03,6,06_US_Production,0.0946
17,2002-03,7,07_US_Unemployment,0.0
18,2002-04,0,00_Copper,-0.0112
18,2002-04,1,01_Oil,-0.498
18,2002-04,2,02_SP500,-16.6695
18,2002-04,3,03_US10Y,-0.066
18,2002-04,4,04_US_Economy,114.6699
18,2002-04,5,05_US_Inflation,0.045
18,2002-04,6,06_US_Production,-0.0308
18,2002-04,7,07_US_Unemployment,0.03
19,2002-05,0,00_Copper,0.0085
19,2002-05,1,01_Oil,-0.45
19,2002-05,2,02_SP500,9.1035
19,2002-05,3,03_US10Y,0.003
19,2002-05,4,04_US_Economy,-56.7915
19,2002-05,5,05_US_Inflation,-0.09
19,2002-05,6,06_US_Production,-0.0113
19,2002-05,7,07_US_Unemployment,-0.045
20,2002-06,0,00_Copper,-0.0035
20,2002-06,1,01_Oil,0.5175
20,2002-06,2,02_SP500,-10.131
20,2002-06,3,03_US10Y,-0.027
20,2002-06,4,04_US_Economy,63.9109
20,2002-06,5,05_US_Inflation,-0.015
20,2002-06,6,06_US_Production,0.0573
20,2002-06,7,07_US_Unemployment,0.015
21,2002-07,0,00_Copper,-0.0144
21,2002-07,1,01_Oil,-0.2025
21,2002-07,2,02_SP500,-0.132
21,2002-07,3,03_US10Y,-0.0075
21,2002-07,4,04_US_Economy,2.8473
21,2002-07,5,05_US_Inflation,0.045
21,2002-07,6,06_US_Production,-0.1157
21,2002-07,7,07_US_Unemployment,0.0
22,2002-08,0,00_Copper,0.0149
22,2002-08,1,01_Oil,0.27
22,2002-08,2,02_SP500,12.3975
22,2002-08,3,03_US10Y,-0.0165
22,2002-08,4,04_US_Economy,-84.368
22,2002-08,5,05_US_Inflation,0.015
22,2002-08,6,06_US_Production,-0.0107
22,2002-08,7,07_US_Unemployment,-0.015
23,2002-09,0,00_Copper,-0.0014
23,2002-09,1,01_Oil,-0.294
23,2002-09,2,02_SP500,-15.786
23,2002-09,3,03_US10Y,0.0
23,2002-09,4,04_US_Economy,107.1319
23,2002-09,5,05_US_Inflation,-0.03
23,2002-09,6,06_US_Production,0.0266
23,2002-09,7,07_US_Unemployment,0.015
24,2002-10,0,00_Copper,0.0041
24,2002-10,1,01_Oil,-0.264
24,2002-10,2,02_SP500,25.6905
24,2002-10,3,03_US10Y,0.069
24,2002-10,4,04_US_Economy,-169.8313
24,2002-10,5,05_US_Inflation,0.015
24,2002-10,6,06_US_Production,-0.0399
24,2002-10,7,07_US_Unemployment,0.0
25,2002-11,0,00_Copper,0.0013
25,2002-11,1,01_Oil,0.2145
25,2002-11,2,02_SP500,-2.9895
25,2002-11,3,03_US10Y,0.006
25,2002-11,4,04_US_Economy,17.6559
25,2002-11,5,05_US_Inflation,-0.015
25,2002-11,6,06_US_Production,0.1043
25,2002-11,7,07_US_Unemployment,0.03
26,2002-12,0,00_Copper,-0.0053
26,2002-12,1,01_Oil,0.0495
26,2002-12,2,02_SP500,-16.056
26,2002-12,3,03_US10Y,-0.0195
26,2002-12,4,04_US_Economy,107.9882
26,2002-12,5,05_US_Inflation,0.0
26,2002-12,6,06_US_Production,-0.1519
26,2002-12,7,07_US_Unemployment,-0.015
27,2003-01,0,00_Copper,0.0063
27,2003-01,1,01_Oil,0.993
27,2003-01,2,02_SP500,4.8555
27,2003-01,3,03_US10Y,0.006
27,2003-01,4,04_US_Economy,-40.5488
27,2003-01,5,05_US_Inflation,0.075
27,2003-01,6,06_US_Production,0.1915
27,2003-01,7,07_US_Unemployment,-0.045
28,2003-02,0,00_Copper,-0.0088
28,2003-02,1,01_Oil,-0.5295
28,2003-02,2,02_SP500,1.4355
28,2003-02,3,03_US10Y,-0.0255
28,2003-02,4,04_US_Economy,-5.649
28,2003-02,5,05_US_Inflation,0.03
28,2003-02,6,06_US_Production,-0.0994
28,2003-02,7,07_US_Unemployment,0.045
29,2003-03,0,00_Copper,-0.0069
29,2003-03,1,01_Oil,-1.2975
29,2003-03,2,02_SP500,3.237
29,2003-03,3,03_US10Y,0.009
29,2003-03,4,04_US_Economy,-11.7955
29,2003-03,5,05_US_Inflation,-0.105
29,2003-03,6,06_US_Production,-0.0523
29,2003-03,7,07_US_Unemployment,-0.015
30,2003-04,0,00_Copper,0.0113
30,2003-04,1,01_Oil,0.048
30,2003-04,2,02_SP500,9.2565
30,2003-04,3,03_US10Y,0.036
30,2003-04,4,04_US_Economy,-61.1424
30,2003-04,5,05_US_Inflation,-0.15
30,2003-04,6,06_US_Production,-0.0454
30,2003-04,7,07_US_Unemployment,0.015
31,2003-05,0,00_Copper,0.0064
31,2003-05,1,01_Oil,1.35
31,2003-05,2,02_SP500,-3.3105
31,2003-05,3,03_US10Y,-0.081
31,2003-05,4,04_US_Economy,12.6494
31,2003-05,5,05_US_Inflation,0.06
31,2003-05,6,06_US_Production,0.0777
31,2003-05,7,07_US_Unemployment,0.0
32,2003-06,0,00_Copper,-0.0082
32,2003-06,1,01_Oil,-0.564
32,2003-06,2,02_SP500,-5.364
32,2003-06,3,03_US10Y,0.0225
32,2003-06,4,04_US_Economy,38.6847
32,2003-06,5,05_US_Inflation,0.075
32,2003-06,6,06_US_Production,0.0211
32,2003-06,7,07_US_Unemployment,0.015
33,2003-07,0,00_Copper,0.0057
33,2003-07,1,01_Oil,0.147
33,2003-07,2,02_SP500,0.735
33,2003-07,3,03_US10Y,0.1335
33,2003-07,4,04_US_Economy,-7.2581
33,2003-07,5,05_US_Inflation,0.06
33,2003-07,6,06_US_Production,0.0525
33,2003-07,7,07_US_Unemployment,-0.045
34,2003-08,0,00_Copper,-0.008
34,2003-08,1,01_Oil,0.0075
34,2003-08,2,02_SP500,0.2835
34,2003-08,3,03_US10Y,-0.027
34,2003-08,4,04_US_Economy,-1.2424
34,2003-08,5,05_US_Inflation,0.03
34,2003-08,6,06_US_Production,-0.0997
34,2003-08,7,07_US_Unemployment,-0.0
35,2003-09,0,00_Copper,0.0038
35,2003-09,1,01_Oil,-0.51
35,2003-09,2,02_SP500,-4.461
35,2003-09,3,03_US10Y,-0.0975
35,2003-09,4,04_US_Economy,33.08
35,2003-09,5,05_US_Inflation,-0.03
35,2003-09,6,06_US_Production,0.1177
35,2003-09,7,07_US_Unemployment,0.015
36,2003-10,0,00_Copper,0.0171
36,2003-10,1,01_Oil,0.342
36,2003-10,2,02_SP500,10.017
36,2003-10,3,03_US10Y,0.03
36,2003-10,4,04_US_Economy,-68.0005
36,2003-10,5,05_US_Inflation,-0.12
36,2003-10,6,06_US_Production,-0.071
36,2003-10,7,07_US_Unemployment,-0.015
37,2003-11,0,00_Copper,-0.0231
37,2003-11,1,01_Oil,0.2085
37,2003-11,2,02_SP500,-7.0875
37,2003-11,3,03_US10Y,-0.0015
37,2003-11,4,04_US_Economy,45.3224
37,2003-11,5,05_US_Inflation,0.045
37,2003-11,6,06_US_Production,0.0752
37,2003-11,7,07_US_Unemployment,-0.015
38,2003-12,0,00_Copper,0.0249
38,2003-12,1,01_Oil,0.1215
38,2003-12,2,02_SP500,6.9345
38,2003-12,3,03_US10Y,-0.006
38,2003-12,4,04_US_Economy,-47.0791
38,2003-12,5,05_US_Inflation,0.06
38,2003-12,6,06_US_Production,-0.0881
38,2003-12,7,07_US_Unemployment,0.015
39,2004-01,0,00_Copper,-0.0054
39,2004-01,1,01_Oil,-0.237
39,2004-01,2,02_SP500,-5.1765
39,2004-01,3,03_US10Y,-0.0135
39,2004-01,4,04_US_Economy,35.703
39,2004-01,5,05_US_Inflation,0.045
39,2004-01,6,06_US_Production,0.017
39,2004-01,7,07_US_Unemployment,0.015
40,2004-02,0,00_Copper,-0.015
40,2004-02,1,01_Oil,-0.0795
40,2004-02,2,02_SP500,-0.81
40,2004-02,3,03_US10Y,0.0075
40,2004-02,4,04_US_Economy,6.063
40,2004-02,5,05_US_Inflation,-0.06
40,2004-02,6,06_US_Production,0.0626
40,2004-02,7,07_US_Unemployment,-0.015
41,2004-03,0,00_Copper,0.0323
41,2004-03,1,01_Oil,0.4065
41,2004-03,2,02_SP500,-4.881
41,2004-03,3,03_US10Y,-0.027
41,2004-03,4,04_US_Economy,30.4237
41,2004-03,5,05_US_Inflation,0.0
41,2004-03,6,06_US_Production,-0.1394
41,2004-03,7,07_US_Unemployment,0.045
42,2004-04,0,00_Copper,-0.0547
42,2004-04,1,01_Oil,-0.1635
42,2004-04,2,02_SP500,-0.027
42,2004-04,3,03_US10Y,0.1155
42,2004-04,4,04_US_Economy,0.6486
42,2004-04,5,05_US_Inflation,-0.015
42,2004-04,6,06_US_Production,0.1074
42,2004-04,7,07_US_Unemployment,-0.06
43,2004-05,0,00_Copper,0.0326
43,2004-05,1,01_Oil,0.132
43,2004-05,2,02_SP500,4.8435
43,2004-05,3,03_US10Y,-0.0225
43,2004-05,4,04_US_Economy,-34.2648
43,2004-05,5,05_US_Inflation,0.075
43,2004-05,6,06_US_Production,0.0491
43,2004-05,7,07_US_Unemployment,0.03
44,2004-06,0,00_Copper,-0.0212
44,2004-06,1,01_Oil,-0.7995
44,2004-06,2,02_SP500,1.017
44,2004-06,3,03_US10Y,-0.054
44,2004-06,4,04_US_Economy,0.5532
44,2004-06,5,05_US_Inflation,-0.015
44,2004-06,6,06_US_Production,-0.2102
44,2004-06,7,07_US_Unemployment,0.0
45,2004-07,0,00_Copper,0.0264
45,2004-07,1,01_Oil,1.437
45,2004-07,2,02_SP500,-8.892
45,2004-07,3,03_US10Y,-0.036
45,2004-07,4,04_US_Economy,48.9397
45,2004-07,5,05_US_Inflation,-0.075
45,2004-07,6,06_US_Production,0.2136
45,2004-07,7,07_US_Unemployment,-0.015
46,2004-08,0,00_Copper,-0.0154
46,2004-08,1,01_Oil,-1.0125
46,2004-08,2,02_SP500,6.246
46,2004-08,3,03_US10Y,0.0015
46,2004-08,4,04_US_Economy,-34.0659
46,2004-08,5,05_US_Inflation,-0.015
46,2004-08,6,06_US_Production,-0.0947
46,2004-08,7,07_US_Unemployment,0.0
47,2004-09,0,00_Copper,0.0138
47,2004-09,1,01_Oil,0.876
47,2004-09,2,02_SP500,1.173
47,2004-09,3,03_US10Y,0.0105
47,2004-09,4,04_US_Economy,-14.4781
47,2004-09,5,05_US_Inflation,0.075
47,2004-09,6,06_US_Production,0.0084
47,2004-09,7,07_US_Unemployment,0.015
48,2004-10,0,00_Copper,-0.0217
48,2004-10,1,01_Oil,-0.558
48,2004-10,2,02_SP500,0.792
48,2004-10,3,03_US10Y,0.018
48,2004-10,4,04_US_Economy,-2.7163
48,2004-10,5,05_US_Inflation,0.06
48,2004-10,6,06_US_Production,0.1021
48,2004-10,7,07_US_Unemployment,0.015
49,2004-11,0,00_Copper,0.0222
49,2004-11,1,01_Oil,-0.7125
49,2004-11,2,02_SP500,4.2
49,2004-11,3,03_US10Y,0.018
49,2004-11,4,04_US_Economy,-22.653
49,2004-11,5,05_US_Inflation,-0.015
49,2004-11,6,06_US_Production,-0.0847
49,2004-11,7,07_US_Unemployment,-0.03
50,2004-12,0,00_Copper,-0.0077
50,2004-12,1,01_Oil,-0.4575
50,2004-12,2,02_SP500,-0.828
50,2004-12,3,03_US10Y,-0.0075
50,2004-12,4,04_US_Economy,8.951
50,2004-12,5,05_US_Inflation,-0.135
50,2004-12,6,06_US_Production,0.0781
50,2004-12,7,07_US_Unemployment,0.015
51,2005-01,0,00_Copper,-0.0102
51,2005-01,1,01_Oil,1.5645
51,2005-01,2,02_SP500,-10.3125
51,2005-01,3,03_US10Y,-0.0075
51,2005-01,4,04_US_Economy,59.0497
51,2005-01,5,05_US_Inflation,-0.015
51,2005-01,6,06_US_Production,-0.0617
51,2005-01,7,07_US_Unemployment,-0.015
52,2005-02,0,00_Copper,0.0091
52,2005-02,1,01_Oil,-0.18
52,2005-02,2,02_SP500,7.947
52,2005-02,3,03_US10Y,-0.006
52,2005-02,4,04_US_Economy,-53.2534
52,2005-02,5,05_US_Inflation,0.135
52,2005-02,6,06_US_Production,0.0529
52,2005-02,7,07_US_Unemployment,0.03
53,2005-03,0,00_Copper,-0.0042
53,2005-03,1,01_Oil,0.015
53,2005-03,2,02_SP500,-6.801
53,2005-03,3,03_US10Y,0.057
53,2005-03,4,04_US_Economy,46.1145
53,2005-03,5,05_US_Inflation,-0.015
53,2005-03,6,06_US_Production,-0.124
53,2005-03,7,07_US_Unemployment,-0.045
54,2005-04,0,00_Copper,-0.003
54,2005-04,1,01_Oil,-1.3995
54,2005-04,2,02_SP500,-0.1095
54,2005-04,3,03_US10Y,-0.0735
54,2005-04,4,04_US_Economy,10.1319
54,2005-04,5,05_US_Inflation,-0.015
54,2005-04,6,06_US_Production,0.0507
54,2005-04,7,07_US_Unemployment,0.03
55,2005-05,0,00_Copper,0.0016
55,2005-05,1,01_Oil,0.852
55,2005-05,2,02_SP500,8.7585
55,2005-05,3,03_US10Y,-0.006
55,2005-05,4,04_US_Economy,-63.1204
55,2005-05,5,05_US_Inflation,-0.105
55,2005-05,6,06_US_Production,-0.0181
55,2005-05,7,07_US_Unemployment,-0.015
56,2005-06,0,00_Copper,0.0083
56,2005-06,1,01_Oil,1.017
56,2005-06,2,02_SP500,-5.223
56,2005-06,3,03_US10Y,0.009
56,2005-06,4,04_US_Economy,27.3765
56,2005-06,5,05_US_Inflation,0.03
56,2005-06,6,06_US_Production,0.0522
56,2005-06,7,07_US_Unemployment,0.0
57,2005-07,0,00_Copper,0.0118
57,2005-07,1,01_Oil,-0.4065
57,2005-07,2,02_SP500,6.453
57,2005-07,3,03_US10Y,0.048
57,2005-07,4,04_US_Economy,-41.1658
57,2005-07,5,05_US_Inflation,0.165
57,2005-07,6,06_US_Production,-0.1114
57,2005-07,7,07_US_Unemployment,0.015
58,2005-08,0,00_Copper,-0.019
58,2005-08,1,01_Oil,0.645
58,2005-08,2,02_SP500,-8.505
58,2005-08,3,03_US10Y,-0.015
58,2005-08,4,04_US_Economy,52.1033
58,2005-08,5,05_US_Inflation,-0.0
58,2005-08,6,06_US_Production,0.0935
58,2005-08,7,07_US_Unemployment,-0.015
59,2005-09,0,00_Copper,0.0148
59,2005-09,1,01_Oil,-1.6605
59,2005-09,2,02_SP500,3.3495
59,2005-09,3,03_US10Y,-0.021
59,2005-09,4,04_US_Economy,-10.7207
59,2005-09,5,05_US_Inflation,0.225
59,2005-09,6,06_US_Production,-0.3298
59,2005-09,7,07_US_Unemployment,0.03
60,2005-10,0,00_Copper,-0.0018
60,2005-10,1,01_Oil,-0.567
60,2005-10,2,02_SP500,-4.542
60,2005-10,3,03_US10Y,0.048
60,2005-10,4,04_US_Economy,33.2126
60,2005-10,5,05_US_Inflation,-0.36
60,2005-10,6,06_US_Production,0.4559
60,2005-10,7,07_US_Unemployment,-0.015
61,2005-11,0,00_Copper,0.0127
61,2005-11,1,01_Oil,0.606
61,2005-11,2,02_SP500,9.6405
61,2005-11,3,03_US10Y,-0.027
61,2005-11,4,04_US_Economy,-66.842
61,2005-11,5,05_US_Inflation,-0.195
61,2005-11,6,06_US_Production,-0.0109
61,2005-11,7,07_US_Unemployment,0.0
62,2005-12,0,00_Copper,-0.0139
62,2005-12,1,01_Oil,0.924
62,2005-12,2,02_SP500,-6.549
62,2005-12,3,03_US10Y,-0.0225
62,2005-12,4,04_US_Economy,37.4228
62,2005-12,5,05_US_Inflation,0.15
62,2005-12,6,06_US_Production,-0.0871
62,2005-12,7,07_US_Unemployment,-0.015
63,2006-01,0,00_Copper,-0.013
63,2006-01,1,01_Oil,-0.558
63,2006-01,2,02_SP500,4.947
63,2006-01,3,03_US10Y,0.003
63,2006-01,4,04_US_Economy,-29.9443
63,2006-01,5,05_US_Inflation,0.18
63,2006-01,6,06_US_Production,-0.0524
63,2006-01,7,07_US_Unemployment,-0.015
64,2006-02,0,00_Copper,0.0036
64,2006-02,1,01_Oil,0.0555
64,2006-02,2,02_SP500,-4.6815
64,2006-02,3,03_US10Y,0.03
64,2006-02,4,04_US_Economy,31.5291
64,2006-02,5,05_US_Inflation,-0.165
64,2006-02,6,06_US_Production,-0.017
64,2006-02,7,07_US_Unemployment,0.045
65,2006-03,0,00_Copper,0.0418
65,2006-03,1,01_Oil,0.7275
65,2006-03,2,02_SP500,2.0445
65,2006-03,3,03_US10Y,-0.0
65,2006-03,4,04_US_Economy,-18.9385
65,2006-03,5,05_US_Inflation,0.03
65,2006-03,6,06_US_Production,0.027
65,2006-03,7,07_US_Unemployment,-0.03
66,2006-04,0,00_Copper,0.0818
66,2006-04,1,01_Oil,0.0045
66,2006-04,2,02_SP500,0.2295
66,2006-04,3,03_US10Y,0.018
66,2006-04,4,04_US_Economy,-3.1025
66,2006-04,5,05_US_Inflation,0.105
66,2006-04,6,06_US_Production,0.0116
66,2006-04,7,07_US_Unemployment,0.015
67,2006-05,0,00_Copper,-0.07
67,2006-05,1,01_Oil,-0.876
67,2006-05,2,02_SP500,-8.439
67,2006-05,3,03_US10Y,-0.0225
67,2006-05,4,04_US_Economy,63.4904
67,2006-05,5,05_US_Inflation,-0.06
67,2006-05,6,06_US_Production,-0.0411
67,2006-05,7,07_US_Unemployment,-0.015
68,2006-06,0,00_Copper,-0.0952
68,2006-06,1,01_Oil,0.492
68,2006-06,2,02_SP500,6.0945
68,2006-06,3,03_US10Y,-0.018
68,2006-06,4,04_US_Economy,-43.4427
68,2006-06,5,05_US_Inflation,-0.015
68,2006-06,6,06_US_Production,0.0432
68,2006-06,7,07_US_Unemployment,0.015
69,2006-07,0,00_Copper,0.0602
69,2006-07,1,01_Oil,-0.3405
69,2006-07,2,02_SP500,0.9525
69,2006-07,3,03_US10Y,-0.003
69,2006-07,4,04_US_Economy,-4.798
69,2006-07,5,05_US_Inflation,0.09
69,2006-07,6,06_US_Production,-0.0545
69,2006-07,7,07_US_Unemployment,0.015
70,2006-08,0,00_Copper,-0.0433
70,2006-08,1,01_Oil,-0.684
70,2006-08,2,02_SP500,3.105
70,2006-08,3,03_US10Y,-0.0285
70,2006-08,4,04_US_Economy,-15.8468
70,2006-08,5,05_US_Inflation,-0.03
70,2006-08,6,06_US_Production,0.0728
70,2006-08,7,07_US_Unemployment,-0.015
71,2006-09,0,00_Copper,0.0196
71,2006-09,1,01_Oil,-0.4815
71,2006-09,2,02_SP500,0.7305
71,2006-09,3,03_US10Y,0.0075
71,2006-09,4,04_US_Economy,0.8589
71,2006-09,5,05_US_Inflation,-0.285
71,2006-09,6,06_US_Production,-0.09
71,2006-09,7,07_US_Unemployment,-0.03
72,2006-10,0,00_Copper,0.0015
72,2006-10,1,01_Oil,1.1025
72,2006-10,2,02_SP500,1.509
72,2006-10,3,03_US10Y,0.0255
72,2006-10,4,04_US_Economy,-17.8413
72,2006-10,5,05_US_Inflation,0.015
72,2006-10,6,06_US_Production,0.0077
72,2006-10,7,07_US_Unemployment,0.015
73,2006-11,0,00_Copper,-0.0431
73,2006-11,1,01_Oil,0.033
73,2006-11,2,02_SP500,-2.91
73,2006-11,3,03_US10Y,-0.021
73,2006-11,4,04_US_Economy,18.3352
73,2006-11,5,05_US_Inflation,0.15
73,2006-11,6,06_US_Production,0.0108
73,2006-11,7,07_US_Unemployment,0.03
74,2006-12,0,00_Copper,-0.0045
74,2006-12,1,01_Oil,-0.345
74,2006-12,2,02_SP500,-0.753
74,2006-12,3,03_US10Y,0.0135
74,2006-12,4,04_US_Economy,5.4075
74,2006-12,5,05_US_Inflation,0.15
74,2006-12,6,06_US_Production,0.1579
74,2006-12,7,07_US_Unemployment,-0.03
75,2007-01,0,00_Copper,0.007
75,2007-01,1,01_Oil,-0.1245
75,2007-01,2,02_SP500,0.3405
75,2007-01,3,03_US10Y,0.036
75,2007-01,4,04_US_Economy,0.0858
75,2007-01,5,05_US_Inflation,-0.1144
75,2007-01,6,06_US_Production,-0.2025
75,2007-01,7,07_US_Unemployment,0.045
76,2007-02,0,00_Copper,0.063
76,2007-02,1,01_Oil,0.984
76,2007-02,2,02_SP500,-7.704
76,2007-02,3,03_US10Y,-0.036
76,2007-02,4,04_US_Economy,43.1884
76,2007-02,5,05_US_Inflation,0.0678
76,2007-02,6,06_US_Production,0.1919
76,2007-02,7,07_US_Unemployment,-0.045
77,2007-03,0,00_Copper,0.0391
77,2007-03,1,01_Oil,0.0645
77,2007-03,2,02_SP500,6.819
77,2007-03,3,03_US10Y,-0.018
77,2007-03,4,04_US_Economy,-45.5428
77,2007-03,5,05_US_Inflation,0.041
77,2007-03,6,06_US_Production,-0.1142
77,2007-03,7,07_US_Unemployment,0.0
78,2007-04,0,00_Copper,-0.0616
78,2007-04,1,01_Oil,-0.612
78,2007-04,2,02_SP500,7.1205
78,2007-04,3,03_US10Y,0.0435
78,2007-04,4,04_US_Economy,-43.5228
78,2007-04,5,05_US_Inflation,-0.0669
78,2007-04,6,06_US_Production,0.0749
78,2007-04,7,07_US_Unemployment,0.03
79,2007-05,0,00_Copper,0.0375
79,2007-05,1,01_Oil,-0.279
79,2007-05,2,02_SP500,-1.989
79,2007-05,3,03_US10Y,-0.0105
79,2007-05,4,04_US_Economy,15.4865
79,2007-05,5,05_US_Inflation,0.0353
79,2007-05,6,06_US_Production,-0.0872
79,2007-05,7,07_US_Unemployment,-0.03
80,2007-06,0,00_Copper,-0.0285
80,2007-06,1,01_Oil,1.2795
80,2007-06,2,02_SP500,-11.328
80,2007-06,3,03_US10Y,0.0435
80,2007-06,4,04_US_Economy,67.0005
80,2007-06,5,05_US_Inflation,-0.0558
80,2007-06,6,06_US_Production,-0.0058
80,2007-06,7,07_US_Unemployment,0.045
81,2007-07,0,00_Copper,-0.009
81,2007-07,1,01_Oil,-1.0005
81,2007-07,2,02_SP500,-3.1215
81,2007-07,3,03_US10Y,-0.0675
81,2007-07,4,04_US_Economy,28.3807
81,2007-07,5,05_US_Inflation,-0.0165
81,2007-07,6,06_US_Production,-0.0271
81,2007-07,7,07_US_Unemployment,-0.015
82,2007-08,0,00_Copper,-0.0064
82,2007-08,1,01_Oil,0.504
82,2007-08,2,02_SP500,10.02
82,2007-08,3,03_US10Y,-0.0345
82,2007-08,4,04_US_Economy,-69.7003
82,2007-08,5,05_US_Inflation,-0.0458
82,2007-08,6,06_US_Production,0.0477
82,2007-08,7,07_US_Unemployment,-0.03
83,2007-09,0,00_Copper,0.0393
83,2007-09,1,01_Oil,0.639
83,2007-09,2,02_SP500,5.106
83,2007-09,3,03_US10Y,0.027
83,2007-09,4,04_US_Economy,-39.7886
83,2007-09,5,05_US_Inflation,0.1224
83,2007-09,6,06_US_Production,0.0046
83,2007-09,7,07_US_Unemployment,0.03
84,2007-10,0,00_Copper,-0.0573
84,2007-10,1,01_Oil,0.7875
84,2007-10,2,02_SP500,-4.5195
84,2007-10,3,03_US10Y,0.024
84,2007-10,4,04_US_Economy,25.9533
84,2007-10,5,05_US_Inflation,-0.0355
84,2007-10,6,06_US_Production,-0.0771
84,2007-10,7,07_US_Unemployment,-0.015
85,2007-11,0,00_Copper,-0.0223
85,2007-11,1,01_Oil,-2.8035
85,2007-11,2,02_SP500,-13.6305
85,2007-11,3,03_US10Y,-0.0585
85,2007-11,4,04_US_Economy,108.2665
85,2007-11,5,05_US_Inflation,0.1502
85,2007-11,6,06_US_Production,0.1246
85,2007-11,7,07_US_Unemployment,0.0
86,2007-12,0,00_Copper,0.0277
86,2007-12,1,01_Oil,1.9635
86,2007-12,2,02_SP500,8.319
86,2007-12,3,03_US10Y,0.0495
86,2007-12,4,04_US_Economy,-67.8241
86,2007-12,5,05_US_Inflation,-0.155
86,2007-12,6,06_US_Production,-0.0761
86,2007-12,7,07_US_Unemployment,0.045
87,2008-01,0,00_Copper,0.0578
87,2008-01,1,01_Oil,-1.725
87,2008-01,2,02_SP500,-11.5545
87,2008-01,3,03_US10Y,-0.0465
87,2008-01,4,04_US_Economy,88.8076
87,2008-01,5,05_US_Inflation,0.0177
87,2008-01,6,06_US_Production,-0.0257
87,2008-01,7,07_US_Unemployment,-0.045
88,2008-02,0,00_Copper,0.0455
88,2008-02,1,01_Oil,2.148
88,2008-02,2,02_SP500,6.2835
88,2008-02,3,03_US10Y,0.054
88,2008-02,4,04_US_Economy,-56.2919
88,2008-02,5,05_US_Inflation,-0.0324
88,2008-02,6,06_US_Production,-0.0398
88,2008-02,7,07_US_Unemployment,-0.015
89,2008-03,0,00_Copper,-0.0826
89,2008-03,1,01_Oil,-1.5525
89,2008-03,2,02_SP500,5.9985
89,2008-03,3,03_US10Y,-0.0345
89,2008-03,4,04_US_Economy,-29.4978
89,2008-03,5,05_US_Inflation,0.0372
89,2008-03,6,06_US_Production,0.0136
89,2008-03,7,07_US_Unemployment,0.045
90,2008-04,0,00_Copper,0.0088
90,2008-04,1,01_Oil,1.821
90,2008-04,2,02_SP500,10.623
90,2008-04,3,03_US10Y,0.06
90,2008-04,4,04_US_Economy,-82.5072
90,2008-04,5,05_US_Inflation,-0.04
90,2008-04,6,06_US_Production,-0.0517
90,2008-04,7,07_US_Unemployment,-0.045
91,2008-05,0,00_Copper,-0.0565
91,2008-05,1,01_Oil,0.3015
91,2008-05,2,02_SP500,-7.215
91,2008-05,3,03_US10Y,0.0045
91,2008-05,4,04_US_Economy,45.1205
91,2008-05,5,05_US_Inflation,0.1158
91,2008-05,6,06_US_Production,0.0066
91,2008-05,7,07_US_Unemployment,0.075
92,2008-06,0,00_Copper,0.0459
92,2008-06,1,01_Oil,-2.0835
92,2008-06,2,02_SP500,-20.2755
92,2008-06,3,03_US10Y,0.003
92,2008-06,4,04_US_Economy,147.5678
92,2008-06,5,05_US_Inflation,0.1484
92,2008-06,6,06_US_Production,0.0566
92,2008-06,7,07_US_Unemployment,-0.03
93,2008-07,0,00_Copper,0.0133
93,2008-07,1,01_Oil,-0.4905
93,2008-07,2,02_SP500,16.164
93,2008-07,3,03_US10Y,-0.0465
93,2008-07,4,04_US_Economy,-103.4429
93,2008-07,5,05_US_Inflation,-0.1053
93,2008-07,6,06_US_Production,-0.0185
93,2008-07,7,07_US_Unemployment,0.0
94,2008-08,0,00_Copper,-0.0563
94,2008-08,1,01_Oil,-0.8025
94,2008-08,2,02_SP500,4.2105
94,2008-08,3,03_US10Y,-0.0045
94,2008-08,4,04_US_Economy,-19.328
94,2008-08,5,05_US_Inflation,-0.2818
94,2008-08,6,06_US_Production,-0.1811
94,2008-08,7,07_US_Unemployment,0.015
95,2008-09,0,00_Copper,-0.0382
95,2008-09,1,01_Oil,-0.93
95,2008-09,2,02_SP500,-19.788
95,2008-09,3,03_US10Y,-0.012
95,2008-09,4,04_US_Economy,140.9981
95,2008-09,5,05_US_Inflation,0.077
95,2008-09,6,06_US_Production,-0.4135
95,2008-09,7,07_US_Unemployment,-0.045
96,2008-10,0,00_Copper,-0.0754
96,2008-10,1,01_Oil,-2.7015
96,2008-10,2,02_SP500,-12.171
96,2008-10,3,03_US10Y,0.048
96,2008-10,4,04_US_Economy,95.7475
96,2008-10,5,05_US_Inflation,-0.3104
96,2008-10,6,06_US_Production,0.7881
96,2008-10,7,07_US_Unemployment,0.06
97,2008-11,0,00_Copper,0.1235
97,2008-11,1,01_Oil,2.9175
97,2008-11,2,02_SP500,18.765
97,2008-11,3,03_US10Y,-0.06
97,2008-11,4,04_US_Economy,-140.7307
97,2008-11,5,05_US_Inflation,-0.294
97,2008-11,6,06_US_Production,-0.3274
97,2008-11,7,07_US_Unemployment,-0.015
98,2008-12,0,00_Copper,-0.0012
98,2008-12,1,01_Oil,0.5325
98,2008-12,2,02_SP500,11.928
98,2008-12,3,03_US10Y,-0.1245
98,2008-12,4,04_US_Economy,-83.1336
98,2008-12,5,05_US_Inflation,0.3131
98,2008-12,6,06_US_Production,-0.2078
98,2008-12,7,07_US_Unemployment,0.03
99,2009-01,0,00_Copper,0.0443
99,2009-01,1,01_Oil,1.0365
99,2009-01,2,02_SP500,-12.657
99,2009-01,3,03_US10Y,0.1815
99,2009-01,4,04_US_Economy,73.3044
99,2009-01,5,05_US_Inflation,0.3435
99,2009-01,6,06_US_Production,0.0555
99,2009-01,7,07_US_Unemployment,0.0
100,2009-02,0,00_Copper,-0.0101
100,2009-02,1,01_Oil,0.438
100,2009-02,2,02_SP500,-2.013
100,2009-02,3,03_US10Y,0.0375
100,2009-02,4,04_US_Economy,8.3533
100,2009-02,5,05_US_Inflation,0.0356
100,2009-02,6,06_US_Production,0.259
100,2009-02,7,07_US_Unemployment,0.0
101,2009-03,0,00_Copper,0.0
101,2009-03,1,01_Oil,0.0
101,2009-03,2,02_SP500,23.0355
101,2009-03,3,03_US10Y,-0.06
101,2009-03,4,04_US_Economy,-151.2487
101,2009-03,5,05_US_Inflation,-0.1473
101,2009-03,6,06_US_Production,-0.1259
101,2009-03,7,07_US_Unemployment,-0.015
102,2009-04,0,00_Copper,0.0886
102,2009-04,1,01_Oil,1.416
102,2009-04,2,02_SP500,1.824
102,2009-04,3,03_US10Y,0.024
102,2009-04,4,04_US_Economy,-23.3348
102,2009-04,5,05_US_Inflation,0.0636
102,2009-04,6,06_US_Production,0.099
102,2009-04,7,07_US_Unemployment,-0.015
103,2009-05,0,00_Copper,-0.067
103,2009-05,1,01_Oil,0.8625
103,2009-05,2,02_SP500,-4.2915
103,2009-05,3,03_US10Y,0.0375
103,2009-05,4,04_US_Economy,23.007
103,2009-05,5,05_US_Inflation,0.0148
103,2009-05,6,06_US_Production,-0.0224
103,2009-05,7,07_US_Unemployment,0.015
104,2009-06,0,00_Copper,-0.0126
104,2009-06,1,01_Oil,-1.7415
104,2009-06,2,02_SP500,-6.9225
104,2009-06,3,03_US10Y,0.0105
104,2009-06,4,04_US_Economy,56.0717
104,2009-06,5,05_US_Inflation,0.2183
104,2009-06,6,06_US_Production,0.0821
104,2009-06,7,07_US_Unemployment,-0.045
105,2009-07,0,00_Copper,0.0447
105,2009-07,1,01_Oil,-0.603
105,2009-07,2,02_SP500,10.197
105,2009-07,3,03_US10Y,-0.0885
105,2009-07,4,04_US_Economy,-63.0134
105,2009-07,5,05_US_Inflation,-0.2748
105,2009-07,6,06_US_Production,0.1916
105,2009-07,7,07_US_Unemployment,-0.015
106,2009-08,0,00_Copper,-0.025
106,2009-08,1,01_Oil,0.1425
106,2009-08,2,02_SP500,-5.253
106,2009-08,3,03_US10Y,0.0285
106,2009-08,4,04_US_Economy,33.1809
106,2009-08,5,05_US_Inflation,0.1174
106,2009-08,6,06_US_Production,-0.0025
106,2009-08,7,07_US_Unemployment,0.015
107,2009-09,0,00_Copper,-0.0286
107,2009-09,1,01_Oil,0.021
107,2009-09,2,02_SP500,0.498
107,2009-09,3,03_US10Y,-0.033
107,2009-09,4,04_US_Economy,-2.6702
107,2009-09,5,05_US_Inflation,-0.0454
107,2009-09,6,06_US_Production,-0.0264
107,2009-09,7,07_US_Unemployment,0.015
108,2009-10,0,00_Copper,0.0206
108,2009-10,1,01_Oil,0.861
108,2009-10,2,02_SP500,-8.6025
108,2009-10,3,03_US10Y,0.027
108,2009-10,4,04_US_Economy,51.5886
108,2009-10,5,05_US_Inflation,0.0348
108,2009-10,6,06_US_Production,-0.0792
108,2009-10,7,07_US_Unemployment,-0.0
109,2009-11,0,00_Copper,-0.0208
109,2009-11,1,01_Oil,-0.9585
109,2009-11,2,02_SP500,12.0495
109,2009-11,3,03_US10Y,0.003
109,2009-11,4,04_US_Economy,-73.7432
109,2009-11,5,05_US_Inflation,0.0116
109,2009-11,6,06_US_Production,0.0217
109,2009-11,7,07_US_Unemployment,-0.045
110,2009-12,0,00_Copper,0.057
110,2009-12,1,01_Oil,0.354
110,2009-12,2,02_SP500,-5.9955
110,2009-12,3,03_US10Y,0.027
110,2009-12,4,04_US_Economy,37.5851
110,2009-12,5,05_US_Inflation,-0.0918
110,2009-12,6,06_US_Production,-0.0034
110,2009-12,7,07_US_Unemployment,0.015
111,2010-01,0,00_Copper,-0.0992
111,2010-01,1,01_Oil,-1.3245
111,2010-01,2,02_SP500,-9.105
111,2010-01,3,03_US10Y,-0.0075
111,2010-01,4,04_US_Economy,69.7074
111,2010-01,5,05_US_Inflation,0.0042
111,2010-01,6,06_US_Production,0.0909
111,2010-01,7,07_US_Unemployment,-0.015
112,2010-02,0,00_Copper,0.0756
112,2010-02,1,01_Oil,1.986
112,2010-02,2,02_SP500,10.7775
112,2010-02,3,03_US10Y,-0.027
112,2010-02,4,04_US_Economy,-84.538
112,2010-02,5,05_US_Inflation,-0.0522
112,2010-02,6,06_US_Production,-0.0942
112,2010-02,7,07_US_Unemployment,0.015
113,2010-03,0,00_Copper,0.0082
113,2010-03,1,01_Oil,-0.4005
113,2010-03,2,02_SP500,5.148
113,2010-03,3,03_US10Y,0.012
113,2010-03,4,04_US_Economy,-32.4437
113,2010-03,5,05_US_Inflation,0.0418
113,2010-03,6,06_US_Production,0.0419
113,2010-03,7,07_US_Unemployment,0.015
114,2010-04,0,00_Copper,-0.0729
114,2010-04,1,01_Oil,-0.2565
114,2010-04,2,02_SP500,-7.152
114,2010-04,3,03_US10Y,0.012
114,2010-04,4,04_US_Economy,50.2268
114,2010-04,5,05_US_Inflation,-0.0033
114,2010-04,6,06_US_Production,-0.0463
114,2010-04,7,07_US_Unemployment,-0.015
115,2010-05,0,00_Copper,-0.0048
115,2010-05,1,01_Oil,-2.1855
115,2010-05,2,02_SP500,-17.181
115,2010-05,3,03_US10Y,-0.0825
115,2010-05,4,04_US_Economy,129.2372
115,2010-05,5,05_US_Inflation,-0.0244
115,2010-05,6,06_US_Production,0.1376
115,2010-05,7,07_US_Unemployment,-0.045
116,2010-06,0,00_Copper,0.0119
116,2010-06,1,01_Oil,2.076
116,2010-06,2,02_SP500,5.787
116,2010-06,3,03_US10Y,0.0315
116,2010-06,4,04_US_Economy,-51.7772
116,2010-06,5,05_US_Inflation,0.0033
116,2010-06,6,06_US_Production,-0.1581
116,2010-06,7,07_US_Unemployment,0.015
117,2010-07,0,00_Copper,0.0798
117,2010-07,1,01_Oil,0.249
117,2010-07,2,02_SP500,19.4385
117,2010-07,3,03_US10Y,0.0045
117,2010-07,4,04_US_Economy,-132.6886
117,2010-07,5,05_US_Inflation,0.0745
117,2010-07,6,06_US_Production,0.0269
117,2010-07,7,07_US_Unemployment,0.03
118,2010-08,0,00_Copper,-0.0556
118,2010-08,1,01_Oil,-0.498
118,2010-08,2,02_SP500,-18.474
118,2010-08,3,03_US10Y,-0.018
118,2010-08,4,04_US_Economy,126.9699
118,2010-08,5,05_US_Inflation,-0.0132
118,2010-08,6,06_US_Production,-0.0016
118,2010-08,7,07_US_Unemployment,0.015
119,2010-09,0,00_Copper,0.0508
119,2010-09,1,01_Oil,0.153
119,2010-09,2,02_SP500,21.621
119,2010-09,3,03_US10Y,0.039
119,2010-09,4,04_US_Economy,-145.6278
119,2010-09,5,05_US_Inflation,0.0051
119,2010-09,6,06_US_Production,-0.0098
119,2010-09,7,07_US_Unemployment,-0.015
120,2010-10,0,00_Copper,-0.0379
120,2010-10,1,01_Oil,0.066
120,2010-10,2,02_SP500,-7.4715
120,2010-10,3,03_US10Y,-0.009
120,2010-10,4,04_US_Economy,49.9115
120,2010-10,5,05_US_Inflation,0.0612
120,2010-10,6,06_US_Production,-0.0805
120,2010-10,7,07_US_Unemployment,-0.015
121,2010-11,0,00_Copper,0.0007
121,2010-11,1,01_Oil,0.183
121,2010-11,2,02_SP500,-6.7155
121,2010-11,3,03_US10Y,0.0495
121,2010-11,4,04_US_Economy,42.576
121,2010-11,5,05_US_Inflation,-0.0307
121,2010-11,6,06_US_Production,0.0516
121,2010-11,7,07_US_Unemployment,0.075
122,2010-12,0,00_Copper,0.0788
122,2010-12,1,01_Oil,0.6885
122,2010-12,2,02_SP500,11.97
122,2010-12,3,03_US10Y,0.0465
122,2010-12,4,04_US_Economy,-85.4796
122,2010-12,5,05_US_Inflation,0.049
122,2010-12,6,06_US_Production,0.1241
122,2010-12,7,07_US_Unemployment,-0.135
123,2011-01,0,00_Copper,-0.0907
123,2011-01,1,01_Oil,-0.969
123,2011-01,2,02_SP500,-7.2915
123,2011-01,3,03_US10Y,-0.0645
123,2011-01,4,04_US_Economy,57.0771
123,2011-01,5,05_US_Inflation,-0.0251
123,2011-01,6,06_US_Production,-0.1658
123,2011-01,7,07_US_Unemployment,0.045
124,2011-02,0,00_Copper,0.0023
124,2011-02,1,01_Oil,0.5955
124,2011-02,2,02_SP500,1.893
124,2011-02,3,03_US10Y,0.0135
124,2011-02,4,04_US_Economy,-16.6176
124,2011-02,5,05_US_Inflation,-0.0006
124,2011-02,6,06_US_Production,-0.0261
124,2011-02,7,07_US_Unemployment,0.015
125,2011-03,0,00_Copper,-0.0307
125,2011-03,1,01_Oil,0.7455
125,2011-03,2,02_SP500,-6.3735
125,2011-03,3,03_US10Y,-0.054
125,2011-03,4,04_US_Economy,36.2082
125,2011-03,5,05_US_Inflation,0.0656
125,2011-03,6,06_US_Production,0.201
125,2011-03,7,07_US_Unemployment,0.015
126,2011-04,0,00_Copper,0.0065
126,2011-04,1,01_Oil,-0.381
126,2011-04,2,02_SP500,5.8755
126,2011-04,3,03_US10Y,0.033
126,2011-04,4,04_US_Economy,-35.62
126,2011-04,5,05_US_Inflation,-0.0151
126,2011-04,6,06_US_Production,-0.1909
126,2011-04,7,07_US_Unemployment,0.015
127,2011-05,0,00_Copper,0.0202
127,2011-05,1,01_Oil,-1.0815
127,2011-05,2,02_SP500,-8.4285
127,2011-05,3,03_US10Y,-0.051
127,2011-05,4,04_US_Economy,63.7226
127,2011-05,5,05_US_Inflation,-0.0501
127,2011-05,6,06_US_Production,0.0626
127,2011-05,7,07_US_Unemployment,-0.03
128,2011-06,0,00_Copper,0.016
128,2011-06,1,01_Oil,-2.7765
128,2011-06,2,02_SP500,-0.9225
128,2011-06,3,03_US10Y,0.018
128,2011-06,4,04_US_Economy,24.7755
128,2011-06,5,05_US_Inflation,-0.107
128,2011-06,6,06_US_Production,0.0256
128,2011-06,7,07_US_Unemployment,0.03
129,2011-07,0,00_Copper,0.0143
129,2011-07,1,01_Oil,2.8185
129,2011-07,2,02_SP500,-0.57
129,2011-07,3,03_US10Y,0.0255
129,2011-07,4,04_US_Economy,-15.8245
129,2011-07,5,05_US_Inflation,0.0883
129,2011-07,6,06_US_Production,0.027
129,2011-07,7,07_US_Unemployment,-0.03
130,2011-08,0,00_Copper,-0.0734
130,2011-08,1,01_Oil,-1.0755
130,2011-08,2,02_SP500,-6.7545
130,2011-08,3,03_US10Y,-0.105
130,2011-08,4,04_US_Economy,52.9921
130,2011-08,5,05_US_Inflation,0.0183
130,2011-08,6,06_US_Production,0.0262
130,2011-08,7,07_US_Unemployment,0.015
131,2011-09,0,00_Copper,-0.1132
131,2011-09,1,01_Oil,-0.408
131,2011-09,2,02_SP500,-2.112
131,2011-09,3,03_US10Y,0.057
131,2011-09,4,04_US_Economy,18.1127
131,2011-09,5,05_US_Inflation,-0.033
131,2011-09,6,06_US_Production,-0.1077
131,2011-09,7,07_US_Unemployment,0.0
132,2011-10,0,00_Copper,0.2289
132,2011-10,1,01_Oil,3.54
132,2011-10,2,02_SP500,31.4025
132,2011-10,3,03_US10Y,0.0735
132,2011-10,4,04_US_Economy,-235.1675
132,2011-10,5,05_US_Inflation,-0.0507
132,2011-10,6,06_US_Production,0.1109
132,2011-10,7,07_US_Unemployment,-0.03
133,2011-11,0,00_Copper,-0.0825
133,2011-11,1,01_Oil,-1.023
133,2011-11,2,02_SP500,-19.233
133,2011-11,3,03_US10Y,-0.0465
133,2011-11,4,04_US_Economy,136.3031
133,2011-11,5,05_US_Inflation,0.0399
133,2011-11,6,06_US_Production,-0.1004
133,2011-11,7,07_US_Unemployment,-0.0
134,2011-12,0,00_Copper,-0.0098
134,2011-12,1,01_Oil,-1.305
134,2011-12,2,02_SP500,2.547
134,2011-12,3,03_US10Y,0.0165
134,2011-12,4,04_US_Economy,-8.5765
134,2011-12,5,05_US_Inflation,-0.0548
134,2011-12,6,06_US_Production,0.0775
134,2011-12,7,07_US_Unemployment,0.015
135,2012-01,0,00_Copper,0.0197
135,2012-01,1,01_Oil,0.2295
135,2012-01,2,02_SP500,6.6255
135,2012-01,3,03_US10Y,0.003
135,2012-01,4,04_US_Economy,-46.3826
135,2012-01,5,05_US_Inflation,0.0847
135,2012-01,6,06_US_Production,0.0099
135,2012-01,7,07_US_Unemployment,-0.015
136,2012-02,0,00_Copper,0.0659
136,2012-02,1,01_Oil,1.236
136,2012-02,2,02_SP500,-0.231
136,2012-02,3,03_US10Y,0.0015
136,2012-02,4,04_US_Economy,-6.954
136,2012-02,5,05_US_Inflation,-0.0198
136,2012-02,6,06_US_Production,-0.0394
136,2012-02,7,07_US_Unemployment,0.03
137,2012-03,0,00_Copper,-0.0728
137,2012-03,1,01_Oil,-1.8435
137,2012-03,2,02_SP500,-1.572
137,2012-03,3,03_US10Y,0.03
137,2012-03,4,04_US_Economy,23.9798
137,2012-03,5,05_US_Inflation,-0.0014
137,2012-03,6,06_US_Production,-0.1223
137,2012-03,7,07_US_Unemployment,-0.015
138,2012-04,0,00_Copper,0.007
138,2012-04,1,01_Oil,0.6075
138,2012-04,2,02_SP500,-8.0025
138,2012-04,3,03_US10Y,-0.048
138,2012-04,4,04_US_Economy,48.372
138,2012-04,5,05_US_Inflation,-0.0147
138,2012-04,6,06_US_Production,0.1799
138,2012-04,7,07_US_Unemployment,0.015
139,2012-05,0,00_Copper,-0.0692
139,2012-05,1,01_Oil,-2.4735
139,2012-05,2,02_SP500,-11.553
139,2012-05,3,03_US10Y,-0.0195
139,2012-05,4,04_US_Economy,95.4265
139,2012-05,5,05_US_Inflation,-0.1281
139,2012-05,6,06_US_Production,-0.0706
139,2012-05,7,07_US_Unemployment,0.0
140,2012-06,0,00_Copper,0.0883
140,2012-06,1,01_Oil,2.238
140,2012-06,2,02_SP500,20.9115
140,2012-06,3,03_US10Y,0.0105
140,2012-06,4,04_US_Economy,-155.0546
140,2012-06,5,05_US_Inflation,0.0428
140,2012-06,6,06_US_Production,-0.0329
140,2012-06,7,07_US_Unemployment,0.0
141,2012-07,0,00_Copper,-0.0191
141,2012-07,1,01_Oil,0.2355
141,2012-07,2,02_SP500,-5.2005
141,2012-07,3,03_US10Y,0.0135
141,2012-07,4,04_US_Economy,32.6831
141,2012-07,5,05_US_Inflation,0.0382
141,2012-07,6,06_US_Production,0.0299
141,2012-07,7,07_US_Unemployment,0.0
142,2012-08,0,00_Copper,-0.0054
142,2012-08,1,01_Oil,1.7265
142,2012-08,2,02_SP500,1.515
142,2012-08,3,03_US10Y,0.036
142,2012-08,4,04_US_Economy,-22.3523
142,2012-08,5,05_US_Inflation,0.1893
142,2012-08,6,06_US_Production,-0.0936
142,2012-08,7,07_US_Unemployment,-0.015
143,2012-09,0,00_Copper,0.0533
143,2012-09,1,01_Oil,-2.3685
143,2012-09,2,02_SP500,1.0245
143,2012-09,3,03_US10Y,-0.0165
143,2012-09,4,04_US_Economy,8.7986
143,2012-09,5,05_US_Inflation,-0.0347
143,2012-09,6,06_US_Production,0.0521
143,2012-09,7,07_US_Unemployment,-0.03
144,2012-10,0,00_Copper,-0.0848
144,2012-10,1,01_Oil,-0.2505
144,2012-10,2,02_SP500,-9.39
144,2012-10,3,03_US10Y,-0.0015
144,2012-10,4,04_US_Economy,64.6093
144,2012-10,5,05_US_Inflation,-0.0711
144,2012-10,6,06_US_Production,0.0615
144,2012-10,7,07_US_Unemployment,0.045
145,2012-11,0,00_Copper,0.0523
145,2012-11,1,01_Oil,1.293
145,2012-11,2,02_SP500,4.8795
145,2012-11,3,03_US10Y,-0.0195
145,2012-11,4,04_US_Economy,-40.2766
145,2012-11,5,05_US_Inflation,-0.1518
145,2012-11,6,06_US_Production,0.003
145,2012-11,7,07_US_Unemployment,-0.015
146,2012-12,0,00_Copper,-0.0136
146,2012-12,1,01_Oil,0.036
146,2012-12,2,02_SP500,0.8985
146,2012-12,3,03_US10Y,0.0255
146,2012-12,4,04_US_Economy,-6.8439
146,2012-12,5,05_US_Inflation,0.0542
146,2012-12,6,06_US_Production,-0.0189
146,2012-12,7,07_US_Unemployment,0.045
147,2013-01,0,00_Copper,0.0106
147,2013-01,1,01_Oil,0.414
147,2013-01,2,02_SP500,9.2865
147,2013-01,3,03_US10Y,0.018
147,2013-01,4,04_US_Economy,-65.0389
147,2013-01,5,05_US_Inflation,0.0729
147,2013-01,6,06_US_Production,-0.0312
147,2013-01,7,07_US_Unemployment,-0.015
148,2013-02,0,00_Copper,-0.0418
148,2013-02,1,01_Oil,-1.6665
148,2013-02,2,02_SP500,-8.3025
148,2013-02,3,03_US10Y,-0.018
148,2013-02,4,04_US_Economy,66.0227
148,2013-02,5,05_US_Inflation,0.12
148,2013-02,6,06_US_Production,0.0654
148,2013-02,7,07_US_Unemployment,-0.06
149,2013-03,0,00_Copper,0.0095
149,2013-03,1,01_Oil,1.593
149,2013-03,2,02_SP500,5.691
149,2013-03,3,03_US10Y,-0.0135
149,2013-03,4,04_US_Economy,-46.6584
149,2013-03,5,05_US_Inflation,-0.287
149,2013-03,6,06_US_Production,-0.0093
149,2013-03,7,07_US_Unemployment,0.015
150,2013-04,0,00_Copper,-0.0113
150,2013-04,1,01_Oil,-1.3425
150,2013-04,2,02_SP500,-3.9195
150,2013-04,3,03_US10Y,-0.027
150,2013-04,4,04_US_Economy,35.3485
150,2013-04,5,05_US_Inflation,0.0255
150,2013-04,6,06_US_Production,-0.0725
150,2013-04,7,07_US_Unemployment,0.045
151,2013-05,0,00_Copper,0.0464
151,2013-05,1,01_Oil,0.342
151,2013-05,2,02_SP500,0.7185
151,2013-05,3,03_US10Y,0.0555
151,2013-05,4,04_US_Economy,-8.293
151,2013-05,5,05_US_Inflation,0.0872
151,2013-05,6,06_US_Production,0.0244
151,2013-05,7,07_US_Unemployment,-0.03
152,2013-06,0,00_Copper,-0.051
152,2013-06,1,01_Oil,0.912
152,2013-06,2,02_SP500,-8.6445
152,2013-06,3,03_US10Y,0.03
152,2013-06,4,04_US_Economy,51.0056
152,2013-06,5,05_US_Inflation,0.0684
152,2013-06,6,06_US_Production,0.0193
152,2013-06,7,07_US_Unemployment,0.015
153,2013-07,0,00_Copper,0.046
153,2013-07,1,01_Oil,0.582
153,2013-07,2,02_SP500,15.5865
153,2013-07,3,03_US10Y,-0.0135
153,2013-07,4,04_US_Economy,-107.1953
153,2013-07,5,05_US_Inflation,-0.0145
153,2013-07,6,06_US_Production,-0.0771
153,2013-07,7,07_US_Unemployment,-0.03
154,2013-08,0,00_Copper,0.0058
154,2013-08,1,01_Oil,-0.8775
154,2013-08,2,02_SP500,-19.8315
154,2013-08,3,03_US10Y,-0.018
154,2013-08,4,04_US_Economy,137.0593
154,2013-08,5,05_US_Inflation,0.0151
154,2013-08,6,06_US_Production,0.1322
154,2013-08,7,07_US_Unemployment,0.015
155,2013-09,0,00_Copper,-0.016
155,2013-09,1,01_Oil,-0.393
155,2013-09,2,02_SP500,15.201
155,2013-09,3,03_US10Y,-0.0135
155,2013-09,4,04_US_Economy,-98.0894
155,2013-09,5,05_US_Inflation,-0.0702
155,2013-09,6,06_US_Production,-0.0099
155,2013-09,7,07_US_Unemployment,0.015
156,2013-10,0,00_Copper,0.0104
156,2013-10,1,01_Oil,-1.6905
156,2013-10,2,02_SP500,3.9615
156,2013-10,3,03_US10Y,-0.039
156,2013-10,4,04_US_Economy,-14.4007
156,2013-10,5,05_US_Inflation,0.0055
156,2013-10,6,06_US_Production,-0.0879
156,2013-10,7,07_US_Unemployment,0.0
157,2013-11,0,00_Copper,-0.02
157,2013-11,1,01_Oil,1.1415
157,2013-11,2,02_SP500,-3.858
157,2013-11,3,03_US10Y,0.0435
157,2013-11,4,04_US_Economy,17.6347
157,2013-11,5,05_US_Inflation,0.0459
157,2013-11,6,06_US_Production,0.0469
157,2013-11,7,07_US_Unemployment,-0.045
158,2013-12,0,00_Copper,0.0096
158,2013-12,1,01_Oil,0.549
158,2013-12,2,02_SP500,-1.008
158,2013-12,3,03_US10Y,0.012
158,2013-12,4,04_US_Economy,2.6602
158,2013-12,5,05_US_Inflation,0.0282
158,2013-12,6,06_US_Production,-0.0048
158,2013-12,7,07_US_Unemployment,0.015
159,2014-01,0,00_Copper,-0.0015
159,2014-01,1,01_Oil,0.7155
159,2014-01,2,02_SP500,-16.248
159,2014-01,3,03_US10Y,-0.033
159,2014-01,4,04_US_Economy,104.2892
159,2014-01,5,05_US_Inflation,-0.0075
159,2014-01,6,06_US_Production,-0.0839
159,2014-01,7,07_US_Unemployment,0.015
160,2014-02,0,00_Copper,0.0042
160,2014-02,1,01_Oil,0.0495
160,2014-02,2,02_SP500,21.3945
160,2014-02,3,03_US10Y,-0.0165
160,2014-02,4,04_US_Economy,-143.8825
160,2014-02,5,05_US_Inflation,-0.0465
160,2014-02,6,06_US_Production,0.1672
160,2014-02,7,07_US_Unemployment,0.03
161,2014-03,0,00_Copper,-0.0315
161,2014-03,1,01_Oil,-0.9165
161,2014-03,2,02_SP500,-9.5955
161,2014-03,3,03_US10Y,0.024
161,2014-03,4,04_US_Economy,69.7875
161,2014-03,5,05_US_Inflation,0.0333
161,2014-03,6,06_US_Production,0.0331
161,2014-03,7,07_US_Unemployment,-0.015
162,2014-04,0,00_Copper,0.0263
162,2014-04,1,01_Oil,-0.1245
162,2014-04,2,02_SP500,-0.192
162,2014-04,3,03_US10Y,-0.003
162,2014-04,4,04_US_Economy,3.3748
162,2014-04,5,05_US_Inflation,-0.0061
162,2014-04,6,06_US_Production,-0.1318
162,2014-04,7,07_US_Unemployment,-0.075
163,2014-05,0,00_Copper,0.0185
163,2014-05,1,01_Oil,0.7215
163,2014-05,2,02_SP500,4.2015
163,2014-05,3,03_US10Y,-0.021
163,2014-05,4,04_US_Economy,-33.7057
163,2014-05,5,05_US_Inflation,0.0015
163,2014-05,6,06_US_Production,0.0438
163,2014-05,7,07_US_Unemployment,0.09
164,2014-06,0,00_Copper,-0.016
164,2014-06,1,01_Oil,-0.4455
164,2014-06,2,02_SP500,-0.444
164,2014-06,3,03_US10Y,0.0285
164,2014-06,4,04_US_Economy,6.3229
164,2014-06,5,05_US_Inflation,-0.0206
164,2014-06,6,06_US_Production,-0.0059
164,2014-06,7,07_US_Unemployment,-0.045
165,2014-07,0,00_Copper,0.0131
165,2014-07,1,01_Oil,-0.681
165,2014-07,2,02_SP500,-9.933
165,2014-07,3,03_US10Y,-0.015
165,2014-07,4,04_US_Economy,70.6422
165,2014-07,5,05_US_Inflation,-0.0069
165,2014-07,6,06_US_Production,-0.0185
165,2014-07,7,07_US_Unemployment,0.045
166,2014-08,0,00_Copper,-0.0263
166,2014-08,1,01_Oil,0.3495
166,2014-08,2,02_SP500,15.339
166,2014-08,3,03_US10Y,-0.009
166,2014-08,4,04_US_Economy,-103.4273
166,2014-08,5,05_US_Inflation,-0.0457
166,2014-08,6,06_US_Production,-0.0634
166,2014-08,7,07_US_Unemployment,-0.03
167,2014-09,0,00_Copper,-0.0062
167,2014-09,1,01_Oil,-0.3885
167,2014-09,2,02_SP500,-15.567
167,2014-09,3,03_US10Y,0.0345
167,2014-09,4,04_US_Economy,105.7367
167,2014-09,5,05_US_Inflation,0.0082
167,2014-09,6,06_US_Production,0.0735
167,2014-09,7,07_US_Unemployment,-0.015
168,2014-10,0,00_Copper,0.0277
168,2014-10,1,01_Oil,-0.873
168,2014-10,2,02_SP500,11.526
168,2014-10,3,03_US10Y,-0.051
168,2014-10,4,04_US_Economy,-70.518
168,2014-10,5,05_US_Inflation,-0.0096
168,2014-10,6,06_US_Production,-0.0424
168,2014-10,7,07_US_Unemployment,-0.0
169,2014-11,0,00_Copper,-0.0385
169,2014-11,1,01_Oil,-0.5655
169,2014-11,2,02_SP500,0.5625
169,2014-11,3,03_US10Y,0.039
169,2014-11,4,04_US_Economy,-0.5074
169,2014-11,5,05_US_Inflation,-0.06
169,2014-11,6,06_US_Production,0.0936
169,2014-11,7,07_US_Unemployment,0.045
170,2014-12,0,00_Copper,0.0269
170,2014-12,1,01_Oil,0.2265
170,2014-12,2,02_SP500,-8.7255
170,2014-12,3,03_US10Y,-0.0225
170,2014-12,4,04_US_Economy,57.8591
170,2014-12,5,05_US_Inflation,-0.0426
170,2014-12,6,06_US_Production,-0.0967
170,2014-12,7,07_US_Unemployment,-0.045
171,2015-01,0,00_Copper,-0.0434
171,2015-01,1,01_Oil,1.1775
171,2015-01,2,02_SP500,-8.2875
171,2015-01,3,03_US10Y,-0.0315
171,2015-01,4,04_US_Economy,49.1785
171,2015-01,5,05_US_Inflation,-0.1161
171,2015-01,6,06_US_Production,-0.1209
171,2015-01,7,07_US_Unemployment,0.045
172,2015-02,0,00_Copper,0.0466
172,2015-02,1,01_Oil,0.7545
172,2015-02,2,02_SP500,26.013
172,2015-02,3,03_US10Y,0.0645
172,2015-02,4,04_US_Economy,-181.1473
172,2015-02,5,05_US_Inflation,0.315
172,2015-02,6,06_US_Production,0.0235
172,2015-02,7,07_US_Unemployment,-0.045
173,2015-03,0,00_Copper,0.0
173,2015-03,1,01_Oil,0.0
173,2015-03,2,02_SP500,-21.918
173,2015-03,3,03_US10Y,-0.006
173,2015-03,4,04_US_Economy,145.7062
173,2015-03,5,05_US_Inflation,0.0058
173,2015-03,6,06_US_Production,0.0472
173,2015-03,7,07_US_Unemployment,0.015
174,2015-04,0,00_Copper,0.0538
174,2015-04,1,01_Oil,1.7085
174,2015-04,2,02_SP500,8.1345
174,2015-04,3,03_US10Y,-0.024
174,2015-04,4,04_US_Economy,-65.3169
174,2015-04,5,05_US_Inflation,-0.0582
174,2015-04,6,06_US_Production,-0.0321
174,2015-04,7,07_US_Unemployment,0.015
175,2015-05,0,00_Copper,-0.0728
175,2015-05,1,01_Oil,-1.608
175,2015-05,2,02_SP500,0.639
175,2015-05,3,03_US10Y,0.054
175,2015-05,4,04_US_Economy,5.744
175,2015-05,5,05_US_Inflation,0.0799
175,2015-05,6,06_US_Production,0.0163
175,2015-05,7,07_US_Unemployment,0.03
176,2015-06,0,00_Copper,-0.0014
176,2015-06,1,01_Oil,-0.225
176,2015-06,2,02_SP500,-9.924
176,2015-06,3,03_US10Y,-0.015
176,2015-06,4,04_US_Economy,68.2618
176,2015-06,5,05_US_Inflation,-0.0184
176,2015-06,6,06_US_Production,0.0195
176,2015-06,7,07_US_Unemployment,-0.075
177,2015-07,0,00_Copper,-0.018
177,2015-07,1,01_Oil,-1.728
177,2015-07,2,02_SP500,12.7515
177,2015-07,3,03_US10Y,-0.03
177,2015-07,4,04_US_Economy,-74.0599
177,2015-07,5,05_US_Inflation,-0.0419
177,2015-07,6,06_US_Production,0.1454
177,2015-07,7,07_US_Unemployment,0.03
178,2015-08,0,00_Copper,0.034
178,2015-08,1,01_Oil,2.1645
178,2015-08,2,02_SP500,-25.8585
178,2015-08,3,03_US10Y,-0.0165
178,2015-08,4,04_US_Economy,159.0594
178,2015-08,5,05_US_Inflation,-0.0567
178,2015-08,6,06_US_Production,-0.1257
178,2015-08,7,07_US_Unemployment,-0.0
179,2015-09,0,00_Copper,0.0055
179,2015-09,1,01_Oil,-0.9285
179,2015-09,2,02_SP500,11.9265
179,2015-09,3,03_US10Y,0.0225
179,2015-09,4,04_US_Economy,-72.8771
179,2015-09,5,05_US_Inflation,-0.0801
179,2015-09,6,06_US_Production,-0.0144
179,2015-09,7,07_US_Unemployment,0.0
180,2015-10,0,00_Copper,-0.0059
180,2015-10,1,01_Oil,0.8415
180,2015-10,2,02_SP500,31.722
180,2015-10,3,03_US10Y,-0.015
180,2015-10,4,04_US_Economy,-217.6154
180,2015-10,5,05_US_Inflation,0.1155
180,2015-10,6,06_US_Production,-0.0308
180,2015-10,7,07_US_Unemployment,0.015
181,2015-11,0,00_Copper,0.0048
181,2015-11,1,01_Oil,-0.225
181,2015-11,2,02_SP500,-23.742
181,2015-11,3,03_US10Y,0.0435
181,2015-11,4,04_US_Economy,159.5598
181,2015-11,5,05_US_Inflation,0.0073
181,2015-11,6,06_US_Production,-0.0376
181,2015-11,7,07_US_Unemployment,0.015
182,2015-12,0,00_Copper,-0.0282
182,2015-12,1,01_Oil,-1.4325
182,2015-12,2,02_SP500,-5.628
182,2015-12,3,03_US10Y,-0.0315
182,2015-12,4,04_US_Economy,47.9582
182,2015-12,5,05_US_Inflation,-0.081
182,2015-12,6,06_US_Production,0.0374
182,2015-12,7,07_US_Unemployment,-0.03
183,2016-01,0,00_Copper,0.019
183,2016-01,1,01_Oil,0.9195
183,2016-01,2,02_SP500,-10.0845
183,2016-01,3,03_US10Y,-0.0195
183,2016-01,4,04_US_Economy,60.0494
183,2016-01,5,05_US_Inflation,0.022
183,2016-01,6,06_US_Production,0.1511
183,2016-01,7,07_US_Unemployment,-0.015
184,2016-02,0,00_Copper,0.0189
184,2016-02,1,01_Oil,0.5325
184,2016-02,2,02_SP500,14.3535
184,2016-02,3,03_US10Y,-0.024
184,2016-02,4,04_US_Economy,-98.2637
184,2016-02,5,05_US_Inflation,-0.031
184,2016-02,6,06_US_Production,-0.1553
184,2016-02,7,07_US_Unemployment,0.045
185,2016-03,0,00_Copper,-0.0017
185,2016-03,1,01_Oil,0.669
185,2016-03,2,02_SP500,20.328
185,2016-03,3,03_US10Y,0.063
185,2016-03,4,04_US_Economy,-141.2298
185,2016-03,5,05_US_Inflation,0.159
185,2016-03,6,06_US_Production,-0.0328
185,2016-03,7,07_US_Unemployment,-0.0
186,2016-04,0,00_Copper,0.0067
186,2016-04,1,01_Oil,0.4485
186,2016-04,2,02_SP500,-18.2925
186,2016-04,3,03_US10Y,-0.0285
186,2016-04,4,04_US_Economy,117.8701
186,2016-04,5,05_US_Inflation,0.0252
186,2016-04,6,06_US_Production,0.1601
186,2016-04,7,07_US_Unemployment,0.0
187,2016-05,0,00_Copper,-0.0146
187,2016-05,1,01_Oil,-1.137
187,2016-05,2,02_SP500,3.9135
187,2016-05,3,03_US10Y,0.012
187,2016-05,4,04_US_Economy,-17.1891
187,2016-05,5,05_US_Inflation,-0.052
187,2016-05,6,06_US_Production,-0.0834
187,2016-05,7,07_US_Unemployment,-0.06
188,2016-06,0,00_Copper,-0.0127
188,2016-06,1,01_Oil,0.3615
188,2016-06,2,02_SP500,-4.461
188,2016-06,3,03_US10Y,-0.0255
188,2016-06,4,04_US_Economy,26.3956
188,2016-06,5,05_US_Inflation,0.015
188,2016-06,6,06_US_Production,0.1033
188,2016-06,7,07_US_Unemployment,0.06
189,2016-07,0,00_Copper,0.0166
189,2016-07,1,01_Oil,-1.371
189,2016-07,2,02_SP500,10.9245
189,2016-07,3,03_US10Y,0.0045
189,2016-07,4,04_US_Economy,-62.4953
189,2016-07,5,05_US_Inflation,-0.1179
189,2016-07,6,06_US_Production,-0.0524
189,2016-07,7,07_US_Unemployment,-0.03
190,2016-08,0,00_Copper,-0.0266
190,2016-08,1,01_Oil,1.4745
190,2016-08,2,02_SP500,-11.6085
190,2016-08,3,03_US10Y,0.03
190,2016-08,4,04_US_Economy,67.0372
190,2016-08,5,05_US_Inflation,0.0847
190,2016-08,6,06_US_Production,-0.0398
190,2016-08,7,07_US_Unemployment,0.03
191,2016-09,0,00_Copper,0.0425
191,2016-09,1,01_Oil,0.066
191,2016-09,2,02_SP500,-0.0045
191,2016-09,3,03_US10Y,0.0015
191,2016-09,4,04_US_Economy,-0.9356
191,2016-09,5,05_US_Inflation,0.0281
191,2016-09,6,06_US_Production,0.0067
191,2016-09,7,07_US_Unemployment,-0.0
192,2016-10,0,00_Copper,-0.0201
192,2016-10,1,01_Oil,-0.738
192,2016-10,2,02_SP500,-5.916
192,2016-10,3,03_US10Y,0.009
192,2016-10,4,04_US_Economy,44.5805
192,2016-10,5,05_US_Inflation,-0.0099
192,2016-10,6,06_US_Production,0.018
192,2016-10,7,07_US_Unemployment,-0.03
193,2016-11,0,00_Copper,0.0634
193,2016-11,1,01_Oil,0.594
193,2016-11,2,02_SP500,17.217
193,2016-11,3,03_US10Y,0.0375
193,2016-11,4,04_US_Economy,-118.6054
193,2016-11,5,05_US_Inflation,-0.042
193,2016-11,6,06_US_Production,-0.0641
193,2016-11,7,07_US_Unemployment,-0.015
194,2016-12,0,00_Copper,-0.0818
194,2016-12,1,01_Oil,0.255
194,2016-12,2,02_SP500,-4.896
194,2016-12,3,03_US10Y,-0.0045
194,2016-12,4,04_US_Economy,29.9048
194,2016-12,5,05_US_Inflation,0.0489
194,2016-12,6,06_US_Production,0.1626
194,2016-12,7,07_US_Unemployment,0.03
195,2017-01,0,00_Copper,0.0186
195,2017-01,1,01_Oil,-0.642
195,2017-01,2,02_SP500,0.003
195,2017-01,3,03_US10Y,-0.0615
195,2017-01,4,04_US_Economy,5.1086
195,2017-01,5,05_US_Inflation,0.0555
195,2017-01,6,06_US_Production,-0.1399
195,2017-01,7,07_US_Unemployment,0.0
196,2017-02,0,00_Copper,0.031
196,2017-02,1,01_Oil,0.0435
196,2017-02,2,02_SP500,6.7095
196,2017-02,3,03_US10Y,0.0075
196,2017-02,4,04_US_Economy,-44.447
196,2017-02,5,05_US_Inflation,-0.0889
196,2017-02,6,06_US_Production,-0.0204
196,2017-02,7,07_US_Unemployment,-0.015
197,2017-03,0,00_Copper,-0.0396
197,2017-03,1,01_Oil,-0.555
197,2017-03,2,02_SP500,-12.8535
197,2017-03,3,03_US10Y,0.0105
197,2017-03,4,04_US_Economy,89.1401
197,2017-03,5,05_US_Inflation,-0.0753
197,2017-03,6,06_US_Production,0.1568
197,2017-03,7,07_US_Unemployment,-0.015
198,2017-04,0,00_Copper,0.0011
198,2017-04,1,01_Oil,0.321
198,2017-04,2,02_SP500,3.36
198,2017-04,3,03_US10Y,-0.036
198,2017-04,4,04_US_Economy,-25.282
198,2017-04,5,05_US_Inflation,0.0623
198,2017-04,6,06_US_Production,0.0539
198,2017-04,7,07_US_Unemployment,0.03
199,2017-05,0,00_Copper,0.0046
199,2017-05,1,01_Oil,0.039
199,2017-05,2,02_SP500,0.918
199,2017-05,3,03_US10Y,0.027
199,2017-05,4,04_US_Economy,-5.2103
199,2017-05,5,05_US_Inflation,-0.0735
199,2017-05,6,06_US_Production,-0.1335
199,2017-05,7,07_US_Unemployment,0.0
200,2017-06,0,00_Copper,0.0212
200,2017-06,1,01_Oil,-0.1905
200,2017-06,2,02_SP500,-2.3985
200,2017-06,3,03_US10Y,-0.0165
200,2017-06,4,04_US_Economy,16.8928
200,2017-06,5,05_US_Inflation,0.0522
200,2017-06,6,06_US_Production,0.0132
200,2017-06,7,07_US_Unemployment,-0.015
201,2017-07,0,00_Copper,0.0101
201,2017-07,1,01_Oil,0.9615
201,2017-07,2,02_SP500,5.292
201,2017-07,3,03_US10Y,0.036
201,2017-07,4,04_US_Economy,-41.5717
201,2017-07,5,05_US_Inflation,-0.0119
201,2017-07,6,06_US_Production,-0.067
201,2017-07,7,07_US_Unemployment,0.015
202,2017-08,0,00_Copper,0.0003
202,2017-08,1,01_Oil,-1.0605
202,2017-08,2,02_SP500,-6.831
202,2017-08,3,03_US10Y,-0.036
202,2017-08,4,04_US_Economy,52.0623
202,2017-08,5,05_US_Inflation,0.129
202,2017-08,6,06_US_Production,-0.0261
202,2017-08,7,07_US_Unemployment,0.015
203,2017-09,0,00_Copper,-0.0499
203,2017-09,1,01_Oil,1.107
203,2017-09,2,02_SP500,6.9541
203,2017-09,3,03_US10Y,0.015
203,2017-09,4,04_US_Economy,-54.137
203,2017-09,5,05_US_Inflation,0.0468
203,2017-09,6,06_US_Production,0.0776
203,2017-09,7,07_US_Unemployment,-0.03
204,2017-10,0,00_Copper,0.0212
204,2017-10,1,01_Oil,-0.666
204,2017-10,2,02_SP500,1.2285
204,2017-10,3,03_US10Y,0.0255
204,2017-10,4,04_US_Economy,-4.1266
204,2017-10,5,05_US_Inflation,-0.1592
204,2017-10,6,06_US_Production,0.169
204,2017-10,7,07_US_Unemployment,0.0
205,2017-11,0,00_Copper,0.0149
205,2017-11,1,01_Oil,0.8595
205,2017-11,2,02_SP500,2.463
205,2017-11,3,03_US10Y,-0.0255
205,2017-11,4,04_US_Economy,-21.6591
205,2017-11,5,05_US_Inflation,0.07
205,2017-11,6,06_US_Production,-0.1481
205,2017-11,7,07_US_Unemployment,0.015
206,2017-12,0,00_Copper,0.0215
206,2017-12,1,01_Oil,-0.4065
206,2017-12,2,02_SP500,-6.9435
206,2017-12,3,03_US10Y,0.009
206,2017-12,4,04_US_Economy,49.0777
206,2017-12,5,05_US_Inflation,-0.0205
206,2017-12,6,06_US_Production,-0.0066
206,2017-12,7,07_US_Unemployment,-0.015
207,2018-01,0,00_Copper,-0.0507
207,2018-01,1,01_Oil,0.1935
207,2018-01,2,02_SP500,18.6255
207,2018-01,3,03_US10Y,0.0195
207,2018-01,4,04_US_Economy,-125.585
207,2018-01,5,05_US_Inflation,0.0799
207,2018-01,6,06_US_Production,-0.03
207,2018-01,7,07_US_Unemployment,0.0
208,2018-02,0,00_Copper,0.0029
208,2018-02,1,01_Oil,-1.11
208,2018-02,2,02_SP500,-39.027
208,2018-02,3,03_US10Y,0.015
208,2018-02,4,04_US_Economy,267.397
208,2018-02,5,05_US_Inflation,-0.0576
208,2018-02,6,06_US_Production,0.0372
208,2018-02,7,07_US_Unemployment,0.03
209,2018-03,0,00_Copper,-0.0018
209,2018-03,1,01_Oil,0.9585
209,2018-03,2,02_SP500,5.553
209,2018-03,3,03_US10Y,-0.045
209,2018-03,4,04_US_Economy,-42.5282
209,2018-03,5,05_US_Inflation,-0.0933
209,2018-03,6,06_US_Production,0.0378
209,2018-03,7,07_US_Unemployment,-0.03
210,2018-04,0,00_Copper,0.0133
210,2018-04,1,01_Oil,-0.495
210,2018-04,2,02_SP500,12.021
210,2018-04,3,03_US10Y,0.0075
210,2018-04,4,04_US_Economy,-78.3084
210,2018-04,5,05_US_Inflation,0.0903
210,2018-04,6,06_US_Production,0.0942
210,2018-04,7,07_US_Unemployment,0.015
211,2018-05,0,00_Copper,0.0059
211,2018-05,1,01_Oil,0.315
211,2018-05,2,02_SP500,7.506
211,2018-05,3,03_US10Y,0.012
211,2018-05,4,04_US_Economy,-49.9173
211,2018-05,5,05_US_Inflation,-0.0128
211,2018-05,6,06_US_Production,-0.3085
211,2018-05,7,07_US_Unemployment,-0.03
212,2018-06,0,00_Copper,-0.0219
212,2018-06,1,01_Oil,0.7515
212,2018-06,2,02_SP500,-6.618
212,2018-06,3,03_US10Y,-0.027
212,2018-06,4,04_US_Economy,37.6488
212,2018-06,5,05_US_Inflation,-0.0508
212,2018-06,6,06_US_Production,0.2589
212,2018-06,7,07_US_Unemployment,0.06
213,2018-07,0,00_Copper,0.0161
213,2018-07,1,01_Oil,-1.0665
213,2018-07,2,02_SP500,12.723
213,2018-07,3,03_US10Y,0.0075
213,2018-07,4,04_US_Economy,-76.8078
213,2018-07,5,05_US_Inflation,-0.0045
213,2018-07,6,06_US_Production,-0.0943
213,2018-07,7,07_US_Unemployment,-0.06
214,2018-08,0,00_Copper,-0.0453
214,2018-08,1,01_Oil,-0.6525
214,2018-08,2,02_SP500,-1.9035
214,2018-08,3,03_US10Y,0.003
214,2018-08,4,04_US_Economy,16.3674
214,2018-08,5,05_US_Inflation,0.038
214,2018-08,6,06_US_Production,0.0752
214,2018-08,7,07_US_Unemployment,0.03
215,2018-09,0,00_Copper,0.066
215,2018-09,1,01_Oil,1.17
215,2018-09,2,02_SP500,-10.9155
215,2018-09,3,03_US10Y,0.0165
215,2018-09,4,04_US_Economy,65.0504
215,2018-09,5,05_US_Inflation,0.0105
215,2018-09,6,06_US_Production,-0.0901
215,2018-09,7,07_US_Unemployment,-0.015
216,2018-10,0,00_Copper,-0.0392
216,2018-10,1,01_Oil,-1.7085
216,2018-10,2,02_SP500,-32.205
216,2018-10,3,03_US10Y,0.006
216,2018-10,4,04_US_Economy,226.223
216,2018-10,5,05_US_Inflation,0.0107
216,2018-10,6,06_US_Production,-0.0274
216,2018-10,7,07_US_Unemployment,0.03
217,2018-11,0,00_Copper,0.0356
217,2018-11,1,01_Oil,-0.966
217,2018-11,2,02_SP500,37.6005
217,2018-11,3,03_US10Y,-0.027
217,2018-11,4,04_US_Economy,-243.6167
217,2018-11,5,05_US_Inflation,-0.1152
217,2018-11,6,06_US_Production,0.0296
217,2018-11,7,07_US_Unemployment,-0.015
218,2018-12,0,00_Copper,-0.0395
218,2018-12,1,01_Oil,1.329
218,2018-12,2,02_SP500,-45.2625
218,2018-12,3,03_US10Y,-0.039
218,2018-12,4,04_US_Economy,293.0193
218,2018-12,5,05_US_Inflation,0.0526
218,2018-12,6,06_US_Production,-0.0086
218,2018-12,7,07_US_Unemployment,0.015
219,2019-01,0,00_Copper,0.0466
219,2019-01,1,01_Oil,2.085
219,2019-01,2,02_SP500,67.5855
219,2019-01,3,03_US10Y,0.0255
219,2019-01,4,04_US_Economy,-463.8543
219,2019-01,5,05_US_Inflation,-0.0568
219,2019-01,6,06_US_Production,-0.1075
219,2019-01,7,07_US_Unemployment,0.0
220,2019-02,0,00_Copper,0.0
220,2019-02,1,01_Oil,-0.7425
220,2019-02,2,02_SP500,-17.529
220,2019-02,3,03_US10Y,0.0135
220,2019-02,4,04_US_Economy,120.9296
220,2019-02,5,05_US_Inflation,0.1446
220,2019-02,6,06_US_Production,0.019
220,2019-02,7,07_US_Unemployment,-0.045
221,2019-03,0,00_Copper,-0.0262
221,2019-03,1,01_Oil,-0.0765
221,2019-03,2,02_SP500,-4.572
221,2019-03,3,03_US10Y,-0.012
221,2019-03,4,04_US_Economy,30.2414
221,2019-03,5,05_US_Inflation,0.03
221,2019-03,6,06_US_Production,0.0905
221,2019-03,7,07_US_Unemployment,0.03
222,2019-04,0,00_Copper,-0.0031
222,2019-04,1,01_Oil,0.1275
222,2019-04,2,02_SP500,9.228
222,2019-04,3,03_US10Y,0.0105
222,2019-04,4,04_US_Economy,-61.6775
222,2019-04,5,05_US_Inflation,-0.0003
222,2019-04,6,06_US_Production,-0.096
222,2019-04,7,07_US_Unemployment,-0.015
223,2019-05,0,00_Copper,-0.0331
223,2019-05,1,01_Oil,-2.127
223,2019-05,2,02_SP500,-45.78
223,2019-05,3,03_US10Y,-0.0135
223,2019-05,4,04_US_Economy,319.8645
223,2019-05,5,05_US_Inflation,-0.134
223,2019-05,6,06_US_Production,0.108
223,2019-05,7,07_US_Unemployment,-0.0
224,2019-06,0,00_Copper,0.0473
224,2019-06,1,01_Oil,2.307
224,2019-06,2,02_SP500,57.5205
224,2019-06,3,03_US10Y,-0.03
224,2019-06,4,04_US_Economy,-398.8465
224,2019-06,5,05_US_Inflation,-0.0219
224,2019-06,6,06_US_Production,-0.0109
224,2019-06,7,07_US_Unemployment,0.015
225,2019-07,0,00_Copper,-0.016
225,2019-07,1,01_Oil,-0.729
225,2019-07,2,02_SP500,-22.662
225,2019-07,3,03_US10Y,0.048
225,2019-07,4,04_US_Economy,155.4973
225,2019-07,5,05_US_Inflation,0.1008
225,2019-07,6,06_US_Production,-0.0813
225,2019-07,7,07_US_Unemployment,0.015
226,2019-08,0,00_Copper,-0.0116
226,2019-08,1,01_Oil,-0.5385
226,2019-08,2,02_SP500,-13.881
226,2019-08,3,03_US10Y,-0.063
226,2019-08,4,04_US_Economy,95.9874
226,2019-08,5,05_US_Inflation,-0.0532
226,2019-08,6,06_US_Production,0.1792
226,2019-08,7,07_US_Unemployment,-0.03
227,2019-09,0,00_Copper,0.0188
227,2019-09,1,01_Oil,0.522
227,2019-09,2,02_SP500,15.63
227,2019-09,3,03_US10Y,0.075
227,2019-09,4,04_US_Economy,-107.4195
227,2019-09,5,05_US_Inflation,0.024
227,2019-09,6,06_US_Production,-0.1568
227,2019-09,7,07_US_Unemployment,0.0
228,2019-10,0,00_Copper,0.015
228,2019-10,1,01_Oil,-0.138
228,2019-10,2,02_SP500,1.581
228,2019-10,3,03_US10Y,-0.009
228,2019-10,4,04_US_Economy,-9.6747
228,2019-10,5,05_US_Inflation,0.0496
228,2019-10,6,06_US_Production,-0.0774
228,2019-10,7,07_US_Unemployment,0.03
229,2019-11,0,00_Copper,-0.0136
229,2019-11,1,01_Oil,0.2865
229,2019-11,2,02_SP500,6.39
229,2019-11,3,03_US10Y,0.0135
229,2019-11,4,04_US_Economy,-45.7805
229,2019-11,5,05_US_Inflation,-0.0001
229,2019-11,6,06_US_Production,0.2059
229,2019-11,7,07_US_Unemployment,-0.015
230,2019-12,0,00_Copper,-0.0014
230,2019-12,1,01_Oil,-0.1485
230,2019-12,2,02_SP500,-2.043
230,2019-12,3,03_US10Y,-0.0075
230,2019-12,4,04_US_Economy,15.3879
230,2019-12,5,05_US_Inflation,0.004
230,2019-12,6,06_US_Production,-0.1119
230,2019-12,7,07_US_Unemployment,0.0
231,2020-01,0,00_Copper,-0.0183
231,2020-01,1,01_Oil,-0.5415
231,2020-01,2,02_SP500,-14.259
231,2020-01,3,03_US10Y,-0.0225
231,2020-01,4,04_US_Economy,99.6257
231,2020-01,5,05_US_Inflation,-0.0381
231,2020-01,6,06_US_Production,-0.0644
231,2020-01,7,07_US_Unemployment,0.0
232,2020-02,0,00_Copper,0.0222
232,2020-02,1,01_Oil,-0.4785
232,2020-02,2,02_SP500,-39.906
232,2020-02,3,03_US10Y,-0.024
232,2020-02,4,04_US_Economy,268.7098
232,2020-02,5,05_US_Inflation,-0.0561
232,2020-02,6,06_US_Production,0.1509
232,2020-02,7,07_US_Unemployment,-0.015
233,2020-03,0,00_Copper,-0.0039
233,2020-03,1,01_Oil,1.02
233,2020-03,2,02_SP500,-14.7495
233,2020-03,3,03_US10Y,-0.0555
233,2020-03,4,04_US_Economy,96.5282
233,2020-03,5,05_US_Inflation,-0.1945
233,2020-03,6,06_US_Production,-0.6458
233,2020-03,7,07_US_Unemployment,0.15
234,2020-04,0,00_Copper,-0.0288
234,2020-04,1,01_Oil,-3.888
234,2020-04,2,02_SP500,104.6205
234,2020-04,3,03_US10Y,0.063
234,2020-04,4,04_US_Economy,-671.5275
234,2020-04,5,05_US_Inflation,-0.1305
234,2020-04,6,06_US_Production,-1.332
234,2020-04,7,07_US_Unemployment,1.425
235,2020-05,0,00_Copper,0.0397
235,2020-05,1,01_Oil,6.3855
235,2020-05,2,02_SP500,-29.394
235,2020-05,3,03_US10Y,0.033
235,2020-05,4,04_US_Economy,148.8468
235,2020-05,5,05_US_Inflation,0.2721
235,2020-05,6,06_US_Production,2.1367
235,2020-05,7,07_US_Unemployment,-1.8
236,2020-06,0,00_Copper,0.0322
236,2020-06,1,01_Oil,-1.9305
236,2020-06,2,02_SP500,-11.385
236,2020-06,3,03_US10Y,0.0075
236,2020-06,4,04_US_Economy,83.4011
236,2020-06,5,05_US_Inflation,0.2205
236,2020-06,6,06_US_Production,0.6352
236,2020-06,7,07_US_Unemployment,-0.09
237,2020-07,0,00_Copper,-0.0212
237,2020-07,1,01_Oil,-0.417
237,2020-07,2,02_SP500,17.2275
237,2020-07,3,03_US10Y,-0.0255
237,2020-07,4,04_US_Economy,-111.0278
237,2020-07,5,05_US_Inflation,0.0105
237,2020-07,6,06_US_Production,-0.3301
237,2020-07,7,07_US_Unemployment,0.21
238,2020-08,0,00_Copper,0.0055
238,2020-08,1,01_Oil,0.201
238,2020-08,2,02_SP500,8.754
238,2020-08,3,03_US10Y,0.021
238,2020-08,4,04_US_Economy,-56.0275
238,2020-08,5,05_US_Inflation,-0.0519
238,2020-08,6,06_US_Production,-0.3754
238,2020-08,7,07_US_Unemployment,-0.15
239,2020-09,0,00_Copper,-0.0292
239,2020-09,1,01_Oil,-0.7095
239,2020-09,2,02_SP500,-54.975
239,2020-09,3,03_US10Y,0.0
239,2020-09,4,04_US_Economy,371.4248
239,2020-09,5,05_US_Inflation,-0.0424
239,2020-09,6,06_US_Production,-0.1376
239,2020-09,7,07_US_Unemployment,0.18
240,2020-10,0,00_Copper,0.0041
240,2020-10,1,01_Oil,-0.306
240,2020-10,2,02_SP500,6.6405
240,2020-10,3,03_US10Y,0.012
240,2020-10,4,04_US_Economy,-42.439
240,2020-10,5,05_US_Inflation,-0.0539
240,2020-10,6,06_US_Production,0.1141
240,2020-10,7,07_US_Unemployment,-0.045
241,2020-11,0,00_Copper,-0.0022
241,2020-11,1,01_Oil,0.6645
241,2020-11,2,02_SP500,66.7065
241,2020-11,3,03_US10Y,-0.0045
241,2020-11,4,04_US_Economy,-449.6347
241,2020-11,5,05_US_Inflation,0.0405
241,2020-11,6,06_US_Production,-0.0645
241,2020-11,7,07_US_Unemployment,0.105
242,2020-12,0,00_Copper,0.0706
242,2020-12,1,01_Oil,1.9095
242,2020-12,2,02_SP500,-32.5845
242,2020-12,3,03_US10Y,-0.003
242,2020-12,4,04_US_Economy,202.368
242,2020-12,5,05_US_Inflation,0.0813
242,2020-12,6,06_US_Production,0.1409
242,2020-12,7,07_US_Unemployment,0.03
243,2021-01,0,00_Copper,-0.0617
243,2021-01,1,01_Oil,-1.3575
243,2021-01,2,02_SP500,-26.4405
243,2021-01,3,03_US10Y,0.0135
243,2021-01,4,04_US_Economy,187.1955
243,2021-01,5,05_US_Inflation,-0.0738
243,2021-01,6,06_US_Production,-0.1143
243,2021-01,7,07_US_Unemployment,-0.045
244,2021-02,0,00_Copper,0.0692
244,2021-02,1,01_Oil,0.843
244,2021-02,2,02_SP500,20.811
244,2021-02,3,03_US10Y,0.0045
244,2021-02,4,04_US_Economy,-141.415
244,2021-02,5,05_US_Inflation,0.0375
244,2021-02,6,06_US_Production,-0.568
244,2021-02,7,07_US_Unemployment,0.015
245,2021-03,0,00_Copper,-0.0919
245,2021-03,1,01_Oil,-1.746
245,2021-03,2,02_SP500,9.7245
245,2021-03,3,03_US10Y,0.0255
245,2021-03,4,04_US_Economy,-59.3756
245,2021-03,5,05_US_Inflation,0.0735
245,2021-03,6,06_US_Production,0.9057
245,2021-03,7,07_US_Unemployment,0.015
246,2021-04,0,00_Copper,0.0851
246,2021-04,1,01_Oil,1.014
246,2021-04,2,02_SP500,6.981
246,2021-04,3,03_US10Y,-0.048
246,2021-04,4,04_US_Economy,-51.3209
246,2021-04,5,05_US_Inflation,0.0406
246,2021-04,6,06_US_Production,-0.3896
246,2021-04,7,07_US_Unemployment,0.015
247,2021-05,0,00_Copper,-0.0409
247,2021-05,1,01_Oil,-0.252
247,2021-05,2,02_SP500,-27.801
247,2021-05,3,03_US10Y,-0.0075
247,2021-05,4,04_US_Economy,186.8251
247,2021-05,5,05_US_Inflation,0.0174
247,2021-05,6,06_US_Production,0.1052
247,2021-05,7,07_US_Unemployment,-0.045
248,2021-06,0,00_Copper,-0.0884
248,2021-06,1,01_Oil,0.6615
248,2021-06,2,02_SP500,10.5675
248,2021-06,3,03_US10Y,-0.012
248,2021-06,4,04_US_Economy,-74.5835
248,2021-06,5,05_US_Inflation,0.0753
248,2021-06,6,06_US_Production,-0.0764
248,2021-06,7,07_US_Unemployment,0.06
249,2021-07,0,00_Copper,0.0855
249,2021-07,1,01_Oil,-1.0005
249,2021-07,2,02_SP500,0.6554
249,2021-07,3,03_US10Y,-0.015
249,2021-07,4,04_US_Economy,3.3646
249,2021-07,5,05_US_Inflation,-0.1533
249,2021-07,6,06_US_Production,0.0132
249,2021-07,7,07_US_Unemployment,-0.09
250,2021-08,0,00_Copper,-0.0276
250,2021-08,1,01_Oil,-0.072
250,2021-08,2,02_SP500,4.4491
250,2021-08,3,03_US10Y,0.024
250,2021-08,4,04_US_Economy,-28.2192
250,2021-08,5,05_US_Inflation,-0.0714
250,2021-08,6,06_US_Production,-0.0992
250,2021-08,7,07_US_Unemployment,0.03
251,2021-09,0,00_Copper,-0.0586
251,2021-09,1,01_Oil,0.162
251,2021-09,2,02_SP500,-51.3841
251,2021-09,3,03_US10Y,0.0195
251,2021-09,4,04_US_Economy,342.3576
251,2021-09,5,05_US_Inflation,0.0692
251,2021-09,6,06_US_Production,-0.1466
251,2021-09,7,07_US_Unemployment,-0.015
252,2021-10,0,00_Copper,0.1014
252,2021-10,1,01_Oil,1.119
252,2021-10,2,02_SP500,76.947
252,2021-10,3,03_US10Y,0.018
252,2021-10,4,04_US_Economy,-525.356
252,2021-10,5,05_US_Inflation,0.2109
252,2021-10,6,06_US_Production,0.3771
252,2021-10,7,07_US_Unemployment,0.03
253,2021-11,0,00_Copper,-0.0575
253,2021-11,1,01_Oil,-3.8895
253,2021-11,2,02_SP500,-50.433
253,2021-11,3,03_US10Y,-0.0345
253,2021-11,4,04_US_Economy,363.8826
253,2021-11,5,05_US_Inflation,-0.0407
253,2021-11,6,06_US_Production,-0.0973
253,2021-11,7,07_US_Unemployment,-0.03
254,2021-12,0,00_Copper,0.0412
254,2021-12,1,01_Oil,3.963
254,2021-12,2,02_SP500,35.634
254,2021-12,3,03_US10Y,-0.0105
254,2021-12,4,04_US_Economy,-262.9695
254,2021-12,5,05_US_Inflation,-0.0664
254,2021-12,6,06_US_Production,-0.1458
254,2021-12,7,07_US_Unemployment,0.03
255,2022-01,0,00_Copper,-0.0471
255,2022-01,1,01_Oil,0.5865
255,2022-01,2,02_SP500,-67.4716
255,2022-01,3,03_US10Y,0.057
255,2022-01,4,04_US_Economy,445.8567
255,2022-01,5,05_US_Inflation,-0.0342
255,2022-01,6,06_US_Production,-0.0141
255,2022-01,7,07_US_Unemployment,0.045
256,2022-02,0,00_Copper,0.0395
256,2022-02,1,01_Oil,-0.8055
256,2022-02,2,02_SP500,16.3531
256,2022-02,3,03_US10Y,-0.018
256,2022-02,4,04_US_Economy,-104.8608
256,2022-02,5,05_US_Inflation,0.0389
256,2022-02,6,06_US_Production,0.1512
256,2022-02,7,07_US_Unemployment,-0.03
257,2022-03,0,00_Copper,0.0258
257,2022-03,1,01_Oil,-0.4515
257,2022-03,2,02_SP500,44.712
257,2022-03,3,03_US10Y,0.0045
257,2022-03,4,04_US_Economy,-296.3526
257,2022-03,5,05_US_Inflation,0.1825
257,2022-03,6,06_US_Production,-0.0055
257,2022-03,7,07_US_Unemployment,-0.015
258,2022-04,0,00_Copper,-0.097
258,2022-04,1,01_Oil,-0.0225
258,2022-04,2,02_SP500,-83.2425
258,2022-04,3,03_US10Y,0.063
258,2022-04,4,04_US_Economy,557.9487
258,2022-04,5,05_US_Inflation,-0.343
258,2022-04,6,06_US_Production,-0.0802
258,2022-04,7,07_US_Unemployment,0.03
259,2022-05,0,00_Copper,0.0522
259,2022-05,1,01_Oil,-0.6615
259,2022-05,2,02_SP500,59.805
259,2022-05,3,03_US10Y,-0.0705
259,2022-05,4,04_US_Economy,-395.7619
259,2022-05,5,05_US_Inflation,0.2775
259,2022-05,6,06_US_Production,-0.0234
259,2022-05,7,07_US_Unemployment,-0.015
260,2022-06,0,00_Copper,-0.1021
260,2022-06,1,01_Oil,0.1605
260,2022-06,2,02_SP500,-52.0485
260,2022-06,3,03_US10Y,0.0135
260,2022-06,4,04_US_Economy,345.6972
260,2022-06,5,05_US_Inflation,0.1383
260,2022-06,6,06_US_Production,-0.0314
260,2022-06,7,07_US_Unemployment,0.015
261,2022-07,0,00_Copper,0.0825
261,2022-07,1,01_Oil,-1.2315
261,2022-07,2,02_SP500,103.752
261,2022-07,3,03_US10Y,-0.072
261,2022-07,4,04_US_Economy,-680.2577
261,2022-07,5,05_US_Inflation,-0.5554
261,2022-07,6,06_US_Production,0.0781
261,2022-07,7,07_US_Unemployment,-0.015
262,2022-08,0,00_Copper,0.0097
262,2022-08,1,01_Oil,-0.2895
262,2022-08,2,02_SP500,-78.03
262,2022-08,3,03_US10Y,0.036
262,2022-08,4,04_US_Economy,521.7289
262,2022-08,5,05_US_Inflation,0.0342
262,2022-08,6,06_US_Production,-0.0498
262,2022-08,7,07_US_Unemployment,0.03
263,2022-09,0,00_Copper,-0.0017
263,2022-09,1,01_Oil,-0.1485
263,2022-09,2,02_SP500,-29.1135
263,2022-09,3,03_US10Y,0.093
263,2022-09,4,04_US_Economy,193.2806
263,2022-09,5,05_US_Inflation,0.1602
263,2022-09,6,06_US_Production,0.0483
263,2022-09,7,07_US_Unemployment,-0.03
264,2022-10,0,00_Copper,0.0072
264,2022-10,1,01_Oil,2.565
264,2022-10,2,02_SP500,98.361
264,2022-10,3,03_US10Y,-0.024
264,2022-10,4,04_US_Economy,-673.0994
264,2022-10,5,05_US_Inflation,0.0609
264,2022-10,6,06_US_Production,-0.0352
264,2022-10,7,07_US_Unemployment,0.03
265,2022-11,0,00_Copper,0.0517
265,2022-11,1,01_Oil,-1.953
265,2022-11,2,02_SP500,-11.7345
265,2022-11,3,03_US10Y,-0.0825
265,2022-11,4,04_US_Economy,92.693
265,2022-11,5,05_US_Inflation,-0.1319
265,2022-11,6,06_US_Production,-0.0388
265,2022-11,7,07_US_Unemployment,-0.015
266,2022-12,0,00_Copper,-0.036
266,2022-12,1,01_Oil,0.8535
266,2022-12,2,02_SP500,-67.311
266,2022-12,3,03_US10Y,-0.027
266,2022-12,4,04_US_Economy,445.1943
266,2022-12,5,05_US_Inflation,-0.11
266,2022-12,6,06_US_Production,-0.1337
266,2022-12,7,07_US_Unemployment,-0.015
267,2023-01,0,00_Copper,-0.0114
267,2023-01,1,01_Oil,0.0435
267,2023-01,2,02_SP500,71.6565
267,2023-01,3,03_US10Y,0.027
267,2023-01,4,04_US_Economy,-481.6736
267,2023-01,5,05_US_Inflation,0.2313
267,2023-01,6,06_US_Production,0.2891
267,2023-01,7,07_US_Unemployment,0.015
268,2023-02,0,00_Copper,0.0438
268,2023-02,1,01_Oil,-0.4815
268,2023-02,2,02_SP500,-51.5325
268,2023-02,3,03_US10Y,0.0465
268,2023-02,4,04_US_Economy,347.2183
268,2023-02,5,05_US_Inflation,-0.0837
268,2023-02,6,06_US_Production,-0.0903
268,2023-02,7,07_US_Unemployment,0.015
269,2023-03,0,00_Copper,-0.0427
269,2023-03,1,01_Oil,0.2745
269,2023-03,2,02_SP500,36.8416
269,2023-03,3,03_US10Y,-0.0465
269,2023-03,4,04_US_Economy,-246.2286
269,2023-03,5,05_US_Inflation,-0.0988
269,2023-03,6,06_US_Production,0.0363
269,2023-03,7,07_US_Unemployment,-0.03
270,2023-04,0,00_Copper,-0.0362
270,2023-04,1,01_Oil,0.3735
270,2023-04,2,02_SP500,-11.8485
270,2023-04,3,03_US10Y,-0.0165
270,2023-04,4,04_US_Economy,76.3451
270,2023-04,5,05_US_Inflation,0.0979
270,2023-04,6,06_US_Production,-0.022
270,2023-04,7,07_US_Unemployment,0.0
271,2023-05,0,00_Copper,-0.0007
271,2023-05,1,01_Oil,-1.47
271,2023-05,2,02_SP500,-7.473
271,2023-05,3,03_US10Y,0.0465
271,2023-05,4,04_US_Economy,60.1062
271,2023-05,5,05_US_Inflation,-0.0803
271,2023-05,6,06_US_Production,-0.0835
271,2023-05,7,07_US_Unemployment,0.045
272,2023-06,0,00_Copper,0.0523
272,2023-06,1,01_Oil,1.686
272,2023-06,2,02_SP500,39.03
272,2023-06,3,03_US10Y,0.0105
272,2023-06,4,04_US_Economy,-271.3651
272,2023-06,5,05_US_Inflation,0.0287
272,2023-06,6,06_US_Production,-0.0727
272,2023-06,7,07_US_Unemployment,-0.03
273,2023-07,0,00_Copper,0.0215
273,2023-07,1,01_Oil,1.2915
273,2023-07,2,02_SP500,-19.7955
273,2023-07,3,03_US10Y,-0.0045
273,2023-07,4,04_US_Economy,121.8351
273,2023-07,5,05_US_Inflation,-0.0128
273,2023-07,6,06_US_Production,0.2394
273,2023-07,7,07_US_Unemployment,-0.015
274,2023-08,0,00_Copper,-0.0713
274,2023-08,1,01_Oil,-1.3995
274,2023-08,2,02_SP500,-32.982
274,2023-08,3,03_US10Y,0.018
274,2023-08,4,04_US_Economy,229.2419
274,2023-08,5,05_US_Inflation,0.1317
274,2023-08,6,06_US_Production,-0.1282
274,2023-08,7,07_US_Unemployment,0.045
275,2023-09,0,00_Copper,0.0263
275,2023-09,1,01_Oil,0.7995
275,2023-09,2,02_SP500,-20.7466
275,2023-09,3,03_US10Y,-0.009
275,2023-09,4,04_US_Economy,133.0948
275,2023-09,5,05_US_Inflation,-0.0418
275,2023-09,6,06_US_Production,0.0374
275,2023-09,7,07_US_Unemployment,-0.03
276,2023-10,0,00_Copper,0.007
276,2023-10,1,01_Oil,-1.074
276,2023-10,2,02_SP500,18.8041
276,2023-10,3,03_US10Y,0.0315
276,2023-10,4,04_US_Economy,-117.1488
276,2023-10,5,05_US_Inflation,-0.1161
276,2023-10,6,06_US_Production,-0.1101
276,2023-10,7,07_US_Unemployment,0.03
277,2023-11,0,00_Copper,0.0154
277,2023-11,1,01_Oil,-2.2245
277,2023-11,2,02_SP500,70.2375
277,2023-11,3,03_US10Y,-0.108
277,2023-11,4,04_US_Economy,-453.3822
277,2023-11,5,05_US_Inflation,0.0048
277,2023-11,6,06_US_Production,0.1421
277,2023-11,7,07_US_Unemployment,-0.06
278,2023-12,0,00_Copper,-0.0077
278,2023-12,1,01_Oil,1.578
278,2023-12,2,02_SP500,-25.7955
278,2023-12,3,03_US10Y,-0.027
278,2023-12,4,04_US_Economy,161.896
278,2023-12,5,05_US_Inflation,0.0211
278,2023-12,6,06_US_Production,-0.0984
278,2023-12,7,07_US_Unemployment,0.045
279,2024-01,0,00_Copper,-0.0044
279,2024-01,1,01_Oil,1.2765
279,2024-01,2,02_SP500,-18.9316
279,2024-01,3,03_US10Y,0.078
279,2024-01,4,04_US_Economy,118.166
279,2024-01,5,05_US_Inflation,0.0546
279,2024-01,6,06_US_Production,-0.168
279,2024-01,7,07_US_Unemployment,-0.03
